{
	"body" : 
	[
		{
			"body_name" : "sphere",
			"body_parent_name" : "fix_space",
			"position_relative_parent_coordinate" : 
			[
				-0.0039199999999999999,
				-0.00046000000000000001,
				-0.00027999999999999998
			],
			"rotation_angle" : 0.0,
			"rotation_axis_relative_parent_coordinate" : 
			[
				0.0,
				0.0,
				1.0
			],
			"shape" : 
			{
				"a" : 0.080000000000000002,
				"b" : 0.080000000000000002,
				"c" : 0.080000000000000002,
				"length" : 0.16,
				"radius" : 0.080000000000000002,
				"shape_name" : "ellipsoid"
			}
		},
		{
			"body_name" : "cylinder",
			"body_parent_name" : "fix_space",
			"position_relative_parent_coordinate" : 
			[
				0.0,
				0.0,
				-0.14999999999999999
			],
			"rotation_angle" : 0.0,
			"rotation_axis_relative_parent_coordinate" : 
			[
				0.0,
				0.0,
				1.0
			],
			"shape" : 
			{
				"a" : 0.040000000000000001,
				"b" : 0.040000000000000001,
				"c" : 0.14999999999999999,
				"length" : 0.29999999999999999,
				"radius" : 0.040000000000000001,
				"shape_name" : "cylinder"
			}
		}
	],
	"initial_guess" : 
	{
		"mode_number" : 2,
		"select_body" : "fix_space"
	},
	"ipoptsetting" : 
	{
		"hessian_approximation" : "limited-memory",
		"linear_solver" : "mumps",
		"max_iter" : 2000,
		"print_level" : 0,
		"tol" : 1e-08
	},
	"joint" : 
	[
		{
			"initial_rotation_angle" : 
			[
				0.0,
				0.0,
				0.0
			],
			"initial_translation" : 
			[
				0.0,
				0.0,
				0.0
			],
			"joint_name" : "joint_cylinder",
			"joint_type_name" : "revolute joint",
			"position_relative_rotate_body" : 
			[
				0.0,
				0.0,
				0.0
			],
			"rotate_body_name" : "cylinder",
			"rotation_angle" : 
			[
				100.0,
				0.0,
				0.0
			],
			"rotation_axis_relative_rotate_body" : 
			[
				0.0,
				0.0,
				1.0
			],
			"translation" : 
			[
				0.0,
				0.0,
				0.0
			]
		}
	],
	"muscle" : 
	[
		{
			"insertion_relative_body" : "cylinder",
			"muscle_name" : "Lollipop_muscle",
			"node_number" : 21,
			"origin_relative_body" : "sphere",
			"rho_insertion" : 
			[
				0.040000000000000001,
				0.0,
				-0.14999999999999999
			],
			"rho_origin" : 
			[
				-0.076079999999999995,
				0.020459999999999999,
				0.080280000000000004
			]
		}
	],
	"name" : "Lollipop",
	"objective" : 
	{
		"length_constant" : 1.0,
		"solvercase" : 0
	},
	"postprocessing" : 
	{
		"tol" : 0.001
	},
	"stepnum" : 50
}