{
	"body" : 
	[
		{
			"body_name" : "wrap_scapula_blade",
			"body_parent_name" : "fix_space",
			"position_relative_parent_coordinate" : 
			[
				0.002742580000000,
				0.111457000000000,
				0.116205000000000
			],
			"rotation_angle" : 43.8920,
			"rotation_axis_relative_parent_coordinate" : 
			[
				0.463718517508482,
				-0.702434498145078,
				0.539954546545733
			],
			"shape" : 
			{
				"a" : 0.014999999999999999,
				"b" : 0.0025000000000000001,
				"c" : 0.035000000000000003,
				"length" : 0.070000000000000007,
				"radius" : 0.0087499999999999991,
				"shape_name" : "ellipsoid"
			}
		},
		{
			"body_name" : "humeral_head",
			"body_parent_name" : "wrap_scapula_blade",
			"position_relative_parent_coordinate" : 
			[
				-0.043571323717722,
				-0.002593786036373,
				0.084431447045052
			],
			"rotation_angle" : 105.1717228046878,
			"rotation_axis_relative_parent_coordinate" : 
			[
				0.807428029406685,
				-0.076678558683851,
				-0.584961858557125
			],
			"shape" : 
			{
				"a" : 0.020930000000000001,
				"b" : 0.020930000000000001,
				"c" : 0.020930000000000001,
				"length" : 0.041860000000000001,
				"radius" : 0.020930000000000001,
				"shape_name" : "ellipsoid"
			}
		},
		{
			"body_name" : "humeral_shaft",
			"body_parent_name" : "humeral_head",
			"position_relative_parent_coordinate" : 
			[
				0.002994181777659,
				-0.146476068490191,
				0.004822097285578
			],
			"rotation_angle" : 115.0163097831652,
			"rotation_axis_relative_parent_coordinate" : 
			[
				0.663099308633552,
				-0.578363487889610,
				0.475178895539218
			],
			"shape" : 
			{
				"a" : 0.0097000000000000003,
				"b" : 0.0097000000000000003,
				"c" : 0.14249999999999999,
				"length" : 0.28499999999999998,
				"radius" : 0.0097000000000000003,
				"shape_name" : "cylinder"
			}
		}
	],
	"ipoptsetting" : 
	{
		"hessian_approximation" : "limited-memory",
		"linear_solver" : "mumps",
		"max_iter" : 1000,
		"print_level" : 5,
		"tol" : 0.001
	},
	"muscle" : [],
	"name" : "shoulder",
	"postprocessing" : 
	{
		"tol" : 0.00000001
	},
	"solvercase":0,
	"joint" : 
	{
		"rotate_axis" : 
		[
			0.0,
			0.0,
			0.0
		],
		"rotate_body" : "",
		"rotationangle" : 0.0,
		"stepnum" : 0
	}
}