{
	"body" : 
	[
		{
			"body_name" : "wrap_scapula_blade",
			"body_parent_name" : "fix_space",
			"position_relative_parent_coordinate" : 
			[
				0.00274258,
				0.111457,
				0.116205
			],
			"rotation_angle" : 43.8920,
			"rotation_axis_relative_parent_coordinate" : 
			[
				0.4637185,
				-0.7024345,
				0.539955
			],
			"shape" : 
			{
				"a" : 0.014999999999999999,
				"b" : 0.0025000000000000001,
				"c" : 0.035000000000000003,
				"length" : 0.070000000000000007,
				"radius" : 0.02,
				"shape_name" : "ellipsoid"
			}
		},
		{
			"body_name" : "humeral_head",
			"body_parent_name" : "wrap_scapula_blade",
			"position_relative_parent_coordinate" : 
			[
				-0.043572,
				0.002594,
				0.084431
			],
			"rotation_angle" : 105.1717,
			"rotation_axis_relative_parent_coordinate" : 
			[
				0.807428,
				-0.076679,
				-0.584962
			],
			"shape" : 
			{
				"a" : 0.020930000000000001,
				"b" : 0.020930000000000001,
				"c" : 0.020930000000000001,
				"length" : 0.041860000000000001,
				"radius" : 0.020930000000000001,
				"shape_name" : "ellipsoid"
			}
		},
		{
			"body_name" : "humeral_shaft",
			"body_parent_name" : "humeral_head",
			"position_relative_parent_coordinate" : 
			[
				0.068488,
				-0.126960,
				-0.026036
			],
			"rotation_angle" : 115.0163,
			"rotation_axis_relative_parent_coordinate" : 
			[
				0.6631,
				-0.578363,
				0.475179
			],
			"shape" : 
			{
				"a" : 0.0097000000000000003,
				"b" : 0.0097000000000000003,
				"c" : 0.1425,
				"length" : 0.56999999999999995,
				"radius" : 0.0097000000000000003,
				"shape_name" : "cylinder"
			}
		}
	],
	"ipoptsetting" : 
	{
		"hessian_approximation" : "limited-memory",
		"linear_solver" : "mumps",
		"max_iter" : 1000,
		"print_level" : 5,
		"tol" : 0.001
	},
	"muscle" : [],
	"name" : "shoulder",
	"postprocessing" : 
	{
		"tol" : 0.001
	},
	"solve_problem" : 
	{
		"rotate_axis" : 
		[
			0.0,
			0.0,
			0.0
		],
		"rotate_body" : "",
		"rotationangle" : 0.0,
		"rotationangle_eachstep" : 0.0
	}
}