{
	"body" : 
	[
		{
			"body_name" : "wrap_scapula_blade",
			"body_parent_name" : "fix_space",
			"position_relative_parent_coordinate" : 
			[
				0.0027425800000000001,
				0.111457,
				0.116205
			],
			"rotation_angle" : 43.892000000000003,
			"rotation_axis_relative_parent_coordinate" : 
			[
				0.46371899999999999,
				-0.702434,
				0.53995499999999996
			],
			"shape" : 
			{
				"a" : 0.029999999999999999,
				"b" : 0.0050000000000000001,
				"c" : 0.070000000000000007,
				"length" : 0.14000000000000001,
				"radius" : 0.017499999999999998,
				"shape_name" : "ellipsoid"
			}
		},
		{
			"body_name" : "humeral_head",
			"body_parent_name" : "wrap_scapula_blade",
			"position_relative_parent_coordinate" : 
			[
				-0.043571323717722002,
				-0.0025937860363729999,
				0.084431447045051997
			],
			"rotation_angle" : 108.05026192839181,
			"rotation_axis_relative_parent_coordinate" : 
			[
				0.73555360896028898,
				0.048840980620224003,
				-0.67570366800658199
			],
			"shape" : 
			{
				"a" : 0.020930000000000001,
				"b" : 0.020930000000000001,
				"c" : 0.020930000000000001,
				"length" : 0.041860000000000001,
				"radius" : 0.020930000000000001,
				"shape_name" : "ellipsoid"
			}
		},
		{
			"body_name" : "humeral_shaft",
			"body_parent_name" : "humeral_head",
			"position_relative_parent_coordinate" : 
			[
				0.018162383602404061,
				-0.12758567770737766,
				-0.027745395722682701
			],
			"rotation_angle" : 121.593,
			"rotation_axis_relative_parent_coordinate" : 
			[
				0.67480472590297702,
				-0.65137411721917327,
				0.34691583920207592
			],
			"shape" : 
			{
				"a" : 0.014999999999999999,
				"b" : 0.014999999999999999,
				"c" : 0.14249999999999999,
				"length" : 0.28499999999999998,
				"radius" : 0.014999999999999999,
				"shape_name" : "ellipsoid"
			}
		}
	],
	"ipoptsetting" : 
	{
		"hessian_approximation" : "limited-memory",
		"linear_solver" : "mumps",
		"max_iter" : 2000,
		"print_level" : 0,
		"tol" : 1e-08
	},
	"joint" : 
	[
		{
			"initial_rotation_angle" : 
			[
				-100.0,
				0.0,
				0.0
			],
			"joint_name" : "joint_head",
			"joint_type_name" : "revolute joint",
			"position_relative_rotate_body" : 
			[
				0.0,
				0.0,
				0.0
			],
			"rotate_body_name" : "humeral_head",
			"rotation_angle" : 
			[
				100.0,
				0.0,
				0.0
			],
			"rotation_axis_relative_rotate_body" : 
			[
				-0.19808910892494599,
				0.94994895290483505,
				0.241573367324149
			]
		}
	],
	"muscle" : 
	[
		{
			"insertion_relative_body" : "humeral_head",
			"muscle_name" : "Subscapularis_S",
			"node_number" : 21,
			"origin_relative_body" : "wrap_scapula_blade",
			"rho_insertion" : 
			[
				0.020234409418729001,
				0.0067698286681219999,
				0.0082882666203199992
			],
			"rho_origin" : 
			[
				0.038669069072584002,
				-0.0019806750614689999,
				0.010873278989569
			]
		},
		{
			"insertion_relative_body" : "humeral_head",
			"muscle_name" : "Subscapularis_M",
			"node_number" : 21,
			"origin_relative_body" : "wrap_scapula_blade",
			"rho_insertion" : 
			[
				0.02330644827509951,
				0.0037924144266382291,
				0.0032877946698599576
			],
			"rho_origin" : 
			[
				0.012481685131524228,
				-0.0069016509216124448,
				-0.0052662202445779415
			]
		},
		{
			"insertion_relative_body" : "humeral_head",
			"muscle_name" : "Subscapularis_I",
			"node_number" : 21,
			"origin_relative_body" : "wrap_scapula_blade",
			"rho_insertion" : 
			[
				0.022977248824306188,
				0.0012978324635521069,
				-0.002241159321688435
			],
			"rho_origin" : 
			[
				-0.0012352289902583594,
				-0.0096089052639405405,
				-0.043811995723728119
			]
		},
		{
			"insertion_relative_body" : "humeral_head",
			"muscle_name" : "Infraspinatus_I",
			"node_number" : 21,
			"origin_relative_body" : "wrap_scapula_blade",
			"rho_insertion" : 
			[
				-0.0093677739009029991,
				-0.0084283456387129994,
				0.019910490062927999
			],
			"rho_origin" : 
			[
				0.004844795031928,
				0.0051429090417389996,
				-0.036937852059037997
			]
		},
		{
			"insertion_relative_body" : "humeral_head",
			"muscle_name" : "Infraspinatus_S",
			"node_number" : 21,
			"origin_relative_body" : "wrap_scapula_blade",
			"rho_insertion" : 
			[
				-0.0052835657164499996,
				0.002721477136907,
				0.021488787759277001
			],
			"rho_origin" : 
			[
				0.046081500353376,
				0.001235127208825,
				0.0096920455215740008
			]
		},
		{
			"insertion_relative_body" : "humeral_head",
			"muscle_name" : "TeresMinor",
			"node_number" : 21,
			"origin_relative_body" : "wrap_scapula_blade",
			"rho_insertion" : 
			[
				-0.003309688247705,
				-0.015683143948016998,
				0.017922393614101001
			],
			"rho_origin" : 
			[
				-0.021829899792351001,
				0.0066308507766500002,
				0.0072495490452930004
			]
		},
		{
			"insertion_relative_body" : "humeral_head",
			"muscle_name" : "Supraspinatus_A",
			"node_number" : 21,
			"origin_relative_body" : "wrap_scapula_blade",
			"rho_insertion" : 
			[
				0.011313330852764999,
				0.0084744815990270006,
				0.020973846423192
			],
			"rho_origin" : 
			[
				0.042008954612756,
				-0.017680160152178,
				0.051001761071566003
			]
		},
		{
			"insertion_relative_body" : "humeral_head",
			"muscle_name" : "Supraspinatus_P",
			"node_number" : 21,
			"origin_relative_body" : "wrap_scapula_blade",
			"rho_insertion" : 
			[
				0.0035065580388359999,
				0.0079733359031720005,
				0.022926156663197
			],
			"rho_origin" : 
			[
				0.032017981335763002,
				0.0085238537125979993,
				0.049666908376074001
			]
		},
		{
			"insertion_relative_body" : "humeral_head",
			"muscle_name" : "TeresMajor",
			"node_number" : 21,
			"origin_relative_body" : "wrap_scapula_blade",
			"rho_insertion" : 
			[
				0.0033711619161930001,
				-0.048582207608424001,
				-0.015198663384220001
			],
			"rho_origin" : 
			[
				-0.018194650876386002,
				0.003101054784902,
				-0.065468190565997994
			]
		}
	],
	"name" : "shoulder",
	"postprocessing" : 
	{
		"tol" : 0.001
	},
	"objective" :
	{
		"solvercase" : 0,
		"length_constant" : 1.0
	},	
	"stepnum" : 100
}