rotation_angle	 	 	initial	0	1	2	3	4	5	6	7	8	9	10	11	12	13	14	15	16	17	18	19	20	21	22	23	24	25	26	27	28	29	30	31	32	33	34	35	36	37	38	39	40	
triceps	eta	1	0	1.8708107221782953e-31	-5.6979166893209328e-30	-5.9623595715595561e-18	-1.3994992019163377e-09	-1.776118427154299e-09	2.2618959037165043e-23	1.6649351517631481e-28	1.3045370225443837e-29	1.8271751907183082e-29	-3.2635064038405291e-26	3.2026265318883544e-30	-4.595970458198375e-30	8.7733868653710443e-09	-1.0877219320148232e-22	-6.1155943079868969e-35	-5.5551910138035508e-33	-2.4448680871278657e-31	3.3391051986327652e-30	6.4499501887917843e-10	1.1025789309499238e-08	4.2161223282170631e-24	4.8590134617896754e-11	-1.6263178961886747e-09	-2.0133692414258079e-09	3.0083974786209162e-12	-1.7535020609134798e-09	2.7263157364605767e-09	-1.0038072068111053e-16	-3.3141972658713331e-25	-1.3179902121019443e-09	-2.5712401062352413e-21	4.9135295750968818e-31	-1.6271269758076135e-09	-1.9807134887534806e-17	-6.284673153507469e-30	-1.0130570922474593e-31	-2.1920544186141851e-33	-6.3966977539325785e-17	-1.774995356313405e-28	-7.9272828095066602e-32	-1.1347997937445692e-27	
triceps	eta	2	0	1.3744760076567156e-27	1.3966480546569378e-28	-9.7012941987708438e-24	-7.1715365149640337e-13	-4.9535750661950174e-13	4.0577847480672271e-27	6.4369994394713158e-24	2.9883700037637229e-23	-1.1638029729879048e-21	-6.6630838512306075e-21	-1.2462027983978735e-24	9.3365361514810313e-27	6.6507103252304601e-13	-3.3736647724997373e-27	2.9420518787529568e-30	7.7310676903550224e-32	-1.8902228466369098e-21	7.35523799671585e-25	2.9051504560611153e-14	5.093680383456439e-13	1.0084949190439044e-28	3.1982633685844082e-15	-6.2791024480428646e-13	-8.0304578964884286e-13	-6.6811358571076039e-16	-8.6620022846022758e-13	-5.848307213158091e-14	-1.3372567825979924e-15	-4.0627246395187478e-24	-1.0518799559352844e-12	-6.6982307883324804e-25	1.044976747704864e-27	-8.1851003114131171e-13	-9.3160565115234241e-21	-1.6983244775357318e-30	1.1511744022147668e-28	1.0289903772339399e-30	1.763358467070934e-19	2.4398120651044351e-27	-4.9359890933237885e-30	-2.2765884818426794e-24	
triceps	eta	3	0	-5.1739466360649465e-29	5.491242845622483e-23	-8.5206479642776469e-23	-3.2112317772318737e-11	-1.9297729614830917e-11	1.596537622145742e-25	4.1013722632407109e-23	6.781641091771915e-24	-1.3468880485241771e-23	1.1763557483271949e-25	1.9232252513059765e-24	4.4675042107513539e-23	2.1998289725552985e-12	-1.226012104746322e-26	6.5729666996517303e-31	6.2049427020136259e-30	-1.1343638627442334e-24	2.9397262922698415e-23	2.6955258830075494e-14	4.1311335111328449e-13	-7.5355042413813013e-29	1.9514991634853472e-15	-3.8952231746160593e-13	-4.7679947348403698e-13	-3.0562456214231231e-16	-5.0543014903925697e-13	-3.5367182443388846e-14	-4.2500279828069491e-16	-1.2062964856528686e-24	-7.8976884319625258e-13	-4.5931406022747595e-25	2.2626959541350438e-27	-9.6369375861233398e-13	-1.0918820400086476e-20	1.390489601529762e-29	1.6020912695361176e-26	-1.434001808107968e-30	-3.4776251582307488e-20	-1.7482204707898279e-29	6.6624206856548277e-29	-8.3178972440614143e-24	
triceps	eta	4	0	9.4475624932568587e-32	-6.9303607286465235e-29	-5.5298637018411245e-17	-8.4156013537345304e-10	-1.4966028648140405e-09	4.559252761730594e-23	2.8920554031047142e-30	2.5825115691244532e-27	-1.0476166423842072e-25	-7.7074041614207824e-25	-5.8876216444115569e-30	5.5773014855808477e-29	1.4637856749731396e-08	-4.9775270242951662e-22	-2.8167378157452267e-33	1.015052852209239e-31	-6.6736310377495152e-27	-1.624246512279271e-30	4.4529102922563514e-10	1.4814625386734435e-08	1.4186446168023141e-23	9.8960356958279239e-11	-1.5046581028168555e-09	-1.054556745192511e-09	5.1560051295839425e-12	-1.020939287572662e-09	1.0849932737871867e-08	5.8953601266608524e-17	2.3082407618602614e-25	-3.4970626112022373e-10	-2.0522119447043412e-21	-2.2882110180893078e-31	-5.2684504506336932e-10	-7.3679853668201507e-18	-3.6084018431824468e-31	3.0974444193798099e-28	-5.5758476187955715e-33	5.4809321568731085e-17	4.6812297211101309e-28	-5.6691347135958082e-31	-1.902955177181845e-28	
triceps	eta	5	0	-1.4014043254376975e-32	-1.6853813073442254e-32	-5.1081076866402932e-23	-8.8418838640562043e-13	-6.1162218437978095e-13	1.133300764637036e-26	-3.3069605654173477e-30	2.4344893690416759e-31	1.0508799383140547e-30	-6.9666364099765097e-31	-4.0490409448403295e-31	1.122013091202932e-27	8.2835536241591077e-13	-9.3954716629522576e-27	-6.5727896343866529e-34	1.3566440447915355e-33	2.0767611429835474e-31	-8.1985377205014204e-30	3.6720029102434846e-14	6.4535896191070146e-13	2.0259446901054803e-28	3.8389086253381746e-15	-8.0065227207446122e-13	-1.0268999853843652e-12	-1.0937346852903044e-15	-1.1136880495371302e-12	-9.3508302054189052e-14	-2.8308265797041568e-18	-9.1182056624738341e-27	-1.3648706636239611e-12	-2.0034549047211848e-24	-4.0035698081462656e-33	-1.0705928189643513e-12	-1.2749071215356047e-20	-2.6603814780103897e-33	-1.5417549405640555e-33	-2.027659796276288e-34	-1.2664092516589099e-20	-1.5863133899189563e-32	2.6311116065917875e-34	-5.8468427487621906e-31	
triceps	eta	6	0	8.0194647520965391e-30	1.2538090408338169e-29	-6.0750923173258351e-22	-3.7712187558043468e-11	-2.3095209363416125e-11	4.2514764855392236e-25	-7.0294666261524048e-30	8.3204975255678203e-31	-1.2031491492729245e-31	-8.3538629013652859e-31	-3.5612569262380531e-31	8.6858701373737527e-28	2.7990963644248759e-12	-3.5615152414876051e-26	3.7510383359526339e-34	1.0369794774178091e-33	-5.2580257956781441e-32	-9.8374080807816395e-31	3.4416977427012782e-14	5.2748405832553692e-13	1.7013934758909056e-28	2.1568475205224405e-15	-4.9688776681283423e-13	-6.0826951568414848e-13	-8.556918259351291e-16	-6.4461786258243817e-13	-5.7465279365254897e-14	-1.9565316358635905e-18	-6.2540731304649313e-27	-1.0045555859461677e-12	-1.3291288345072402e-24	3.6006539231743125e-32	-1.2242838940630512e-12	-1.4433863834802407e-20	3.9474833236424916e-33	1.76411370157746e-32	4.724180016242001e-33	-2.56481358082001e-19	4.1082998118583338e-29	1.6328546583366765e-31	-6.7848217205201067e-29	
triceps	eta	7	0	-6.0775187582757293e-32	-4.0501076689512884e-31	-3.1410589451284431e-16	5.4946136887533958e-10	-1.7672886180454161e-10	9.0459673966434002e-24	-1.7381208199253339e-29	-4.4954302312229114e-30	-8.5112524948688046e-30	-3.3923694779092566e-28	7.0772683463958185e-30	5.5665078531831998e-30	2.4777375681909798e-08	-1.8054305875672269e-21	4.1428446072774017e-33	-3.5099807615916568e-33	-1.1285717720410149e-30	-1.807231930301653e-29	9.7874913459576979e-12	2.3242402506318874e-08	4.4045957924011094e-23	2.3396361597141068e-10	1.1187112800606696e-09	1.8303804308430862e-09	1.068925611240467e-11	1.3480404560147946e-09	1.5877678663185639e-08	-3.7153122167007664e-18	-1.796443811548512e-26	2.2196497560899644e-09	3.2408374336432654e-20	8.1055418032896092e-30	2.6893448768722791e-09	4.5290021918795672e-17	2.9786831247576789e-30	7.4966363482531913e-34	7.3975613733643497e-34	-2.2456381987650851e-17	-4.9923886100001941e-28	-6.7474375821996984e-33	-9.4462619413973647e-30	
triceps	eta	8	0	-3.6798780246187162e-32	-3.8653050858299792e-32	-1.5197966344911111e-22	-1.1027653985946512e-12	-7.6406702562724271e-13	2.4235451752561989e-26	4.6482478189346419e-30	-6.2686776842439589e-31	-2.8426571992383804e-30	8.8320886669787936e-31	-1.0754465489425821e-31	-9.2428796272464372e-32	1.0455186119976507e-12	-2.0274492554669847e-26	-2.5791977370240441e-35	4.1034428776859665e-33	6.7435126377535881e-31	4.809254317665312e-30	4.7082095915184668e-14	8.2979420174126673e-13	4.2626828941066296e-28	4.799405391846159e-15	-1.0370719568933289e-12	-1.3342577976408227e-12	-2.1488851291443693e-15	-1.4559312998426303e-12	-1.4468638440702325e-13	-2.5062002515109537e-18	-8.6181789007549911e-27	-1.8030396695654349e-12	-4.6212974900612669e-24	-7.5648508615360359e-33	-1.4273923548564652e-12	-1.7865759318947418e-20	4.6566969935534909e-34	1.2223228344376886e-32	-5.1955909035340176e-33	-5.3678105373632985e-20	-1.8619272744955569e-31	5.706367092735529e-34	1.1736699437737881e-30	
triceps	eta	9	0	5.9011515472512575e-32	-8.7222840575874915e-32	-2.2206159110350992e-21	-4.4489964376335253e-11	-2.7808248800102502e-11	8.5483991245687132e-25	-7.2625122530923391e-29	-2.1764660096122747e-28	-8.7978115297480196e-27	-9.9956788264114508e-30	-7.0216947495639077e-31	6.9350480087628282e-30	3.6151382748179961e-12	-7.9314113815173666e-26	5.655706001085128e-33	-1.4606087160417484e-32	-4.9423315085913218e-31	-1.0660298534497582e-31	4.4627537098872106e-14	6.8411739214378411e-13	3.6174633811866079e-28	2.4390086620494468e-15	-6.4381049611365733e-13	-7.881540575079284e-13	-1.6338842426685047e-15	-8.3499012086737409e-13	-9.0604346229279128e-14	3.7724023454688752e-18	1.2812550708084383e-26	-1.2972049169810759e-12	-2.9517273826144042e-24	4.3786498330304176e-33	-1.5785241272907248e-12	-1.9430133430994255e-20	5.3011415675826553e-34	1.0011741861779877e-32	-1.5034026695092095e-33	-8.1005872269781656e-19	-2.2324266016889999e-30	-8.0908797148632303e-35	-3.7934880557673234e-30	
triceps	eta	10	0	1.0891866951105915e-31	1.0613965752351559e-30	-1.5626349566144494e-15	3.4938718742183241e-09	2.7107402165759022e-09	-1.5802142638037237e-22	2.0136632382028395e-29	5.5905266495534235e-30	-7.9605618820897916e-28	-4.7066356823473475e-27	-4.2777663634851368e-30	2.5627909630683869e-31	4.4300277577069986e-08	-6.4713456898320788e-21	-3.707669710940779e-33	-9.8903120549770954e-33	-3.5957874173496049e-30	1.1940178385738142e-29	1.3645814308779896e-09	4.1212528018725921e-08	1.4890708525362984e-22	6.9463211864836087e-10	8.5277006619206057e-09	1.0014969536382e-08	3.067592401623584e-11	6.7298387065777481e-09	2.9019494147680031e-08	3.0166296468250135e-18	1.9205338209635774e-26	8.494880555368705e-09	3.2227538854511431e-19	2.2399392058334102e-28	1.0866304881420067e-08	2.3907399692524761e-16	3.8451997822855376e-29	4.4264802448616134e-32	2.8197650897580565e-33	-1.3601453248174982e-14	-8.6908198201004919e-25	-9.1807375711817004e-33	-1.2169617739356685e-29	
triceps	eta	11	0	-5.4530834976215173e-32	2.0232665385627297e-31	-3.6192170592385538e-22	-1.3931785478238028e-12	-9.6706722545665706e-13	4.6952734530050319e-26	-6.8982588483528043e-30	-5.4442435296025846e-31	-6.479381000334017e-30	5.2156691035592803e-30	7.8689031933348644e-31	3.1546249309980327e-31	1.3392827504667947e-12	-3.9743179102095986e-26	-7.37742065008842e-34	9.87678728451248e-33	4.7575016213539757e-31	1.0406884948857718e-30	6.1348298860905415e-14	1.0848734047796022e-12	8.162113252507466e-28	6.2880858317765052e-15	-1.3673277179769633e-12	-1.7652430591932175e-12	-3.6101836654052796e-15	-1.9397776868064942e-12	-2.2087254536999375e-13	-2.1746843554648837e-18	-8.0249333061238626e-27	-2.4313115792675857e-12	-9.7832212124971039e-24	1.3564299593178217e-32	-1.9455602107533396e-12	-2.5731451038991444e-20	5.9354081972436218e-33	3.1904165729849321e-32	2.2350103247104584e-33	-1.4947153073085454e-19	-8.1206886651344885e-31	6.5959089216474648e-34	2.0303172415340942e-31	
triceps	eta	12	0	3.3843437791182493e-33	-1.5434308426226726e-30	-6.1945625672296599e-21	-5.2722131216221622e-11	-3.3689059353310458e-11	1.5375407365003322e-24	1.2482408779907667e-28	7.6624185665891461e-28	3.0706244251833658e-29	-5.9763141941211405e-26	-1.0778541234634454e-29	3.2421350420423862e-30	4.7480602377557749e-12	-1.6080432971153465e-25	-1.4632622161769771e-32	-2.7609666397899968e-32	9.7668119744973142e-30	-9.2452988709812437e-30	5.8884874736913383e-14	9.0310537218798248e-13	7.0080931409357177e-28	2.8639310321922955e-15	-8.4900602113656809e-13	-1.0393703577944224e-12	-2.7015127040175987e-15	-1.1007436422392658e-12	-1.4066431934623869e-13	7.7186786849675854e-18	2.7976494197590511e-26	-1.703945438610488e-12	-5.9801662805469821e-24	6.3957916689437727e-33	-2.0694979916482862e-12	-2.6697515974752349e-20	8.6427015425789173e-33	-3.6919317574073501e-35	-9.3104453510440142e-34	-1.9528990753022095e-18	-8.1232960761738215e-30	9.1399099964616304e-34	5.7635181319660893e-31	
triceps	eta	13	0	-1.9295526222353059e-31	-2.5227641786848149e-30	-6.675546801260647e-15	9.9430948674571502e-09	9.2494225755745788e-09	4.0722192685197324e-22	1.8822697785344036e-29	1.2481289152087694e-29	-4.234580641176161e-31	3.3903797532524147e-29	-2.3091618847599554e-30	-3.7476843912483168e-31	8.932275367342104e-08	-2.5798857466017799e-20	9.0577482103741199e-33	9.3453922024871125e-33	1.4064706088710495e-30	-1.2298574301651823e-29	6.925264708106164e-09	8.7399558964177763e-08	6.4827916450482778e-22	3.0194573564014728e-09	2.3342117769081695e-08	2.651438531895092e-08	1.5895351816551329e-10	2.2787707738700187e-08	6.6843895704803439e-08	-3.5277157637788138e-17	-3.3239852047769474e-25	2.6990766208315926e-08	3.4147572485136299e-18	8.6191689930775777e-27	3.7220901366331133e-08	1.2698302400439833e-15	6.7942695072917645e-28	6.1912693583345358e-32	3.032979678267252e-33	-6.657616426196978e-13	-1.8657358936317876e-22	-1.251363396974139e-30	4.1129373939323758e-30	
triceps	eta	14	0	1.0462865626992333e-31	-7.2167500153632051e-31	-7.6951727605333325e-22	-1.7856680881965855e-12	-1.2421142891866311e-12	8.7126375922900363e-26	-3.0346429955699601e-30	-5.4067074233749043e-31	-1.542971271882304e-30	-2.321096111979213e-30	4.8637152706292445e-31	2.8625233519175264e-31	1.7442279222292961e-12	-7.4841525934951211e-26	1.4038187858432076e-33	-4.151716846758127e-33	7.8682249874191451e-31	5.3490249846363184e-30	8.140767250910313e-14	1.4455818959879917e-12	1.5051594627440693e-27	8.7154682339281517e-15	-1.8394202428798345e-12	-2.3842513751287514e-12	-5.6180116980164823e-15	-2.6412575638106929e-12	-3.3855764710447202e-13	-1.8770667110242449e-17	-7.4774881039004343e-26	-3.3572956956007431e-12	-2.0149271122668852e-23	2.1499409121431096e-32	-2.7208060289647644e-12	-3.826518844933244e-20	-2.4610435833120142e-31	1.2675443402353503e-31	-3.346939692887178e-35	-3.4836725825909154e-19	-2.834695622721219e-30	4.7028406922657565e-33	9.2435629938377811e-30	
triceps	eta	15	0	3.1775842076210196e-29	2.5341151758340889e-26	-1.4866256577015057e-20	-6.2749815096829045e-11	-4.1062353406836215e-11	2.6071091666780902e-24	3.7640472786255952e-30	4.2640628768824113e-30	-3.0613800618628916e-29	-1.1920583358750826e-29	-1.0726067701909289e-31	-1.6136812922440671e-31	6.3555390355580465e-12	-3.1404433075117532e-25	3.1051431305785524e-34	5.1685928848509785e-34	-9.529803786701442e-31	4.7747966512614946e-30	7.925097211825163e-14	1.2165415757707672e-12	1.3094095802370034e-27	3.5375269611048662e-15	-1.1422866447864673e-12	-1.3984641544407608e-12	-4.1625742402208007e-15	-1.4804069511720107e-12	-2.1894946328656403e-13	2.8102383457863155e-17	1.0923725698956498e-25	-2.2821303525197863e-12	-1.1698935836488547e-23	8.4948103803312401e-32	-2.7650318197653291e-12	-3.7547138834815587e-20	-2.436653908568955e-31	-5.4685005554101908e-31	-3.6857475170387621e-31	-4.4863785868062355e-18	-1.6745316131305477e-29	5.3031098196958578e-30	-3.5922991702084597e-29	
triceps	eta	16	0	-2.0706463910548838e-31	-6.3014178743032438e-30	4.0926901124341346e-14	2.7057841863561547e-08	2.7577111586835055e-08	2.5149775291598554e-20	-2.5929225900941275e-29	1.6746417285386701e-28	1.6969671875782478e-29	-1.6939718822702583e-26	4.5039802427544487e-30	-1.3064127566818157e-30	2.3355401095097322e-07	-1.1187688789834234e-19	1.9019122438112349e-32	-1.3482706870074063e-32	-1.717953255377641e-29	-8.1945134604900189e-29	3.2114394788780035e-08	2.7343064454326606e-07	5.3493968628099181e-21	2.3775994876743096e-08	9.9316083881880039e-08	1.0865084572116841e-07	2.7670763533469924e-09	1.0425178137768892e-07	3.552095061094883e-07	-1.2666277330404122e-17	-2.3495555365681333e-25	1.1765983389784374e-07	1.1434930201927734e-16	2.7419439608596302e-24	2.0625541747456375e-07	1.9423874320394535e-14	1.1477752623011021e-25	-4.6394247306617836e-33	7.0795998654535477e-35	3.9352606160888636e-11	4.393853538109944e-19	9.5580942555006902e-26	-8.1761902227408932e-29	
triceps	eta	17	0	-7.0070216271884874e-33	-1.3565908394811241e-31	-1.5344984077432554e-21	-2.3263858446797449e-12	-1.6221358765011844e-12	1.5902764238965391e-25	-4.9674422049968781e-31	4.4404293078069157e-30	1.3430190380551654e-30	-1.2756310381335545e-29	1.6315408680441416e-31	-1.5748180926085632e-31	2.3140779117059706e-12	-1.3906580684289984e-25	7.0975993640978889e-34	-3.8949780516627395e-33	-3.0093066239485537e-31	1.0148235096554675e-29	1.1029433303709888e-13	1.9688098706238586e-12	2.6080213379443025e-27	1.2980350127838998e-14	-2.5328019494336052e-12	-3.2982669130296445e-12	1.8236930490118124e-12	-3.6882627199174011e-12	-5.2363480043398851e-13	-1.1144868383514963e-15	-4.7959292427960028e-24	-4.7663257076789691e-12	-4.1604956215265094e-23	1.9896417927447589e-27	-3.9217214469061753e-12	-5.9096515130842226e-20	-4.4270666002508754e-31	2.9322926184462232e-26	1.7071492931306461e-32	-7.0802253718683085e-19	3.0940078853413436e-27	5.7413289701794101e-27	-1.9958430006268005e-27	
triceps	eta	18	0	9.1646122865970565e-30	2.0144771506862536e-25	-3.2345639750115508e-20	-7.4989424067332859e-11	-5.0343058750225776e-11	4.2621334786787904e-24	6.7142929326409158e-30	1.7215377897104998e-29	-5.3974011232445717e-29	8.0841169519065915e-31	7.6802145013064219e-31	1.1895290202799851e-30	8.6938527051804404e-12	-6.0713516000499973e-25	9.2563284357690897e-34	-5.5783927152441866e-33	-6.9257044875337469e-31	4.653871271620928e-30	1.0910143160917393e-13	1.67738853392226e-12	2.4267947968513635e-27	4.6587563978237906e-15	-1.5728253432479927e-12	-1.9256706621744877e-12	3.2441574346513349e-12	-2.037404899899818e-12	-3.4030850864772834e-13	-1.0287489184544359e-15	-4.3129070186106266e-24	-3.1253740233306089e-12	-2.2718279836042771e-23	8.5131711470205443e-28	-3.7749579843016819e-12	-5.4228210925540509e-20	8.367646598219293e-31	1.1459049048030746e-26	5.7889448597850605e-30	-9.8124295640458933e-18	-2.5536367054890459e-28	4.5420227839270745e-29	-1.8647695409317985e-24	
triceps	eta	19	0	4.5264406375361821e-31	4.155770732756192e-29	1.4291509643935416e-11	9.9944825937725148e-08	1.0758857732679166e-07	1.1736076549706585e-18	7.535030169211592e-29	6.4010125073192917e-28	3.5518851689050356e-26	-4.7293999285798805e-25	-1.7898442891182827e-30	1.2491800057869262e-30	3.5921944590959566e-07	2.9068891253225159e-18	2.5584885255082231e-29	-6.335817698921994e-32	-1.0405114422482939e-28	1.4064060325706982e-30	3.8005215892188817e-05	0.00022007917150857839	0.0004413085295681786	0.00069150765573975346	0.00097237361511078979	0.0012923187989479026	0.0016661084270103818	0.001919210165185078	0.0021251061026913869	0.0023569023929669204	0.002621840115512477	0.00293137481563675	0.0033023469726372896	0.0037658694231886263	0.0040272148503333735	0.004227240856296762	0.004443978340972877	0.0046794471549987931	0.0049363201935418372	0.0047355921469222784	0.0043425668547555944	0.0040864184091668936	0.0040423902794225345	
triceps	eta	20	0	-7.7935240547300531e-33	-1.3951885530975746e-31	-2.9471587189146376e-21	-3.0876801146227632e-12	-2.1589903370389503e-12	2.9015795380103352e-25	3.3441565771530065e-23	3.0297414921757895e-23	-8.0729040391257461e-22	-6.8476693893134191e-25	2.0939853813891226e-23	6.6802911480010668e-25	3.1324148350853612e-12	-2.5897427759541506e-25	-8.3834972873067272e-30	-1.4371597104739901e-26	-4.2419554292832998e-21	4.7597374530009871e-25	1.5303091814393362e-13	2.7504688801356496e-12	5.0602068248104896e-27	2.185862010421248e-14	-3.58390085543329e-12	-4.6919307690298516e-12	-1.1194905818379217e-14	-5.3054052789337134e-12	-8.184119535753067e-13	-3.3338516276209841e-17	-1.5823392059535726e-25	-6.9916277619848705e-12	-8.7919635652114356e-23	-3.7508350883589034e-32	-5.8603403252057271e-12	-9.5497337004413122e-20	-4.8222248917801036e-32	2.9950223492654871e-32	2.5445283202469982e-33	-8.500566042014985e-19	-1.4672710070692693e-29	-6.001865922279539e-33	4.1879832369352102e-30	
triceps	eta	21	0	1.8661557598940768e-31	6.6398169371658696e-29	-6.5557481966275135e-20	-8.994071954204309e-11	-6.2054020142997571e-11	6.7895565019654655e-24	-6.5810271166126758e-26	1.4579264028059814e-23	3.2980017324133095e-22	1.4756829966934887e-28	4.1923835143205269e-24	-1.9423504547785913e-26	1.2199735716180241e-11	-1.1823760696402834e-24	3.1470484695253413e-29	-1.602291508123545e-26	-3.6227571812371846e-28	-2.2925221811562062e-23	1.541241608169683e-13	2.3763630587429937e-12	4.4988857795375827e-27	6.6206526489027279e-15	-2.2246988882497162e-12	-2.72396099561846e-12	-8.7956500440906209e-15	-2.8804346585956978e-12	-5.221148498647944e-13	-7.3091746787189147e-15	-3.3236313285713103e-23	-4.3911563772932791e-12	-4.4623925038327208e-23	3.5351915156011702e-27	-5.2836929466943901e-12	-8.0755480952289138e-20	-1.0633946662422082e-30	2.0963404476952623e-26	2.9317032750772282e-31	-7.2633850692724651e-18	-8.0072745486487915e-29	1.2046128055799243e-32	-2.4085733257107892e-27	
triceps	eta	22	0	1.8456590299642058e-31	5.7557286539798907e-29	9.3613174345481082e-06	0.0003288877456341146	0.00065045278082893215	0.00092305821745275723	0.0012080334635558927	0.001507201302304457	0.0018231822354196944	0.0021595225737937704	0.0025211200310604801	0.0029149627806828986	0.003174340246265988	0.003442989832231427	0.0037286903579281543	0.0040361682854900159	0.0043712586154542633	0.0047420899627141884	0.0051104120813834147	0.0051888459588086237	0.0052555563936337365	0.0053240971604441214	0.0054010409575702143	0.0054903362640116348	0.0055958431946120041	0.0056674818972901175	0.0057255261501056474	0.0057932421187663809	0.0058700135172067118	0.005647572426259715	0.0052874754729321325	0.0051858038022220025	0.0043668401358263427	0.0033051914570940504	0.0022723582006842304	0.0012784306869200045	0.00033409334734378859	2.2027347293425081e-11	-2.7149431358612303e-18	6.0220085838721971e-25	-4.9567353707319571e-29	
triceps	eta	23	0	4.9573486342013788e-32	1.4463185696999396e-30	-5.5634475091008971e-21	-4.1864179139530222e-12	-2.9369659388269837e-12	5.3553688083709718e-25	5.1091922358278112e-30	1.2517350102524498e-30	1.1129847297157398e-30	2.246029249989562e-30	-5.4222707710918088e-32	1.2936849250465825e-31	4.3853577507172247e-12	-4.9450079260771097e-25	-2.2727618305481354e-34	9.6758488353213178e-33	-1.239417818458155e-30	1.4826393433593701e-29	2.1834090102130529e-13	3.9590721957358606e-12	9.6465133571222283e-27	2.0429220432630262e-14	-5.2368399566944592e-12	-6.9036314506153684e-12	-1.7281457554725082e-14	-7.9125986477330429e-12	-1.1632022597181163e-12	5.671296240236579e-18	2.9889905064240786e-26	-1.0681050313749399e-11	-1.9572641385199477e-22	-2.1167854020551006e-32	-9.1643748093902892e-12	-1.6369421612264293e-19	-2.473511506388339e-31	8.7596495411245085e-32	6.990187380859517e-35	-4.3702638692606443e-18	-1.1082988732343684e-28	8.0131220782573578e-33	-9.4243145781628898e-30	
triceps	eta	24	0	1.3613642018537634e-31	-7.8765820335969365e-31	-1.2666328714796626e-19	-1.0818879611395152e-10	-7.6838091757334354e-11	1.0586141104326327e-23	5.3223467025833663e-23	2.4781058518324916e-26	-1.1426688049326584e-22	3.4605122343413983e-21	1.6902222392869624e-23	5.925051531195711e-23	1.7495571496306868e-11	-2.3303295280798591e-24	-4.0711440729872132e-30	-9.8637189119010118e-27	-1.5791672189330674e-27	8.3342439764052803e-23	2.2438209623232953e-13	3.4756738449307764e-12	8.4179551344708275e-27	1.0288473750106141e-14	-3.2476850131282576e-12	-3.9780445210116591e-12	-1.3557075893070842e-14	-4.2057973043742116e-12	-7.1015565878734421e-13	7.8725411164193972e-15	3.9442670469558401e-23	-6.3772312976975761e-12	-9.2478521913998765e-23	5.1060964379747624e-31	-7.6597886008710018e-12	-1.2654153799365415e-19	7.3084573776278507e-32	-9.8213186115078763e-30	4.7443559685722897e-32	-4.046934762762839e-17	-6.3290157795933684e-28	2.9167826280449634e-33	-2.3376749105469772e-29	
triceps	eta	25	0	-2.8943289333529589e-31	-1.6977643998651738e-29	0.0010507682609552423	0.0026136766624582307	0.0026523890300184389	0.0023099345281674885	0.0020746555357024025	0.001957737796019167	0.0019743656136265663	0.0021464938031564768	0.0025068229885517467	0.0031060062492761385	0.0029629566660649429	0.0028617980643271886	0.0028436584214753158	0.0029276614031215546	0.0031412817098979569	0.0035273363939007556	0.0040687066815878878	0.0037341626176425973	0.0034384135087655778	0.00319840474559329	0.0030446990358570141	0.0030244406292381613	0.0032160348105830863	0.0027351049580165527	0.0019113917723719777	0.0011045891797979261	0.00033949883323962805	8.8328246290898997e-06	-3.4741529523811785e-12	1.0625297382918444e-17	2.095052122725982e-07	-5.0300191040152081e-13	3.4437544448577029e-23	-2.9057363521768242e-29	-1.226414456139685e-32	1.7150071457295152e-12	-3.1946017194295478e-21	6.6658166939767106e-29	-2.0117787760878129e-29	
triceps	eta	26	0	-5.7602365289833928e-32	8.9708464364595114e-31	-3.5533489414898879e-21	-5.8198315633890785e-12	-4.1005739298405382e-12	1.0273412790780287e-24	-9.7675976362989109e-30	3.3586005126976003e-30	5.2214321070166414e-30	3.0715383715259882e-30	1.1921336467705225e-31	-4.9873591215105812e-32	6.4765177986326053e-12	-1.0158681569467162e-24	-5.822803043933971e-33	-3.0352659076370215e-33	-1.0440487612638262e-30	-8.8292501540001493e-30	3.2298007749421687e-13	5.9317636435560605e-12	1.9223501028438066e-26	3.3640561112140947e-14	-7.9868910803011105e-12	-1.0615664392199864e-11	-2.6128966739140512e-14	-1.2363963336690288e-11	-2.0161514657653351e-12	-7.3293565433106136e-17	-4.3533648167346377e-25	-1.7184335597276454e-11	-4.6789497512620008e-22	-2.3047721135142416e-31	-1.5171494019058038e-11	-3.0187381878813015e-19	-5.7105271060121756e-31	-5.3135606112967457e-32	-4.540752545034216e-32	-9.1132643940594397e-18	-3.4617546836145396e-28	2.479702590550365e-33	-8.7567731833676754e-30	
triceps	eta	27	0	-2.599843357755881e-30	7.2076567712992324e-26	-2.115219203396618e-20	-1.3042279640507364e-10	-9.5461508495800805e-11	1.6088573220671465e-23	-2.2658007852493698e-29	-2.3364577723665009e-29	-8.6061910885650466e-30	-1.726183827859967e-28	1.7200103597526796e-31	3.4868340056662814e-31	2.5344649276743951e-11	-4.5176744918662397e-24	-6.5269355735067781e-33	-6.7546094526888306e-34	1.6086615937975253e-30	4.8980107072754958e-30	3.3735273770270079e-13	5.272051161976184e-12	1.723902069521852e-26	1.5494239846334552e-14	-4.9248745037922632e-12	-6.0397025138085497e-12	-1.9091856149786881e-14	-6.393402164498196e-12	-1.2012584131353849e-12	8.776804138841472e-18	4.8846067453115621e-26	-9.6611040838038243e-12	-2.0184783682028186e-22	-9.101653746305023e-32	-1.1570127800752286e-11	-2.0884867153502762e-19	-3.8103133766001141e-29	5.8712418483133612e-31	-9.8555177099321313e-31	-2.0154519123884883e-17	-4.0077700566743162e-28	-1.0057337707016087e-30	-2.4952137664134048e-27	
triceps	eta	28	0	5.904964892354489e-31	2.2636895857128532e-29	-7.4522838882470827e-14	2.5357591386820768e-07	1.7504742100564408e-07	-1.1738513415228554e-16	1.648991550998503e-26	4.0232197832481798e-28	2.6930142822511488e-29	-3.2771833084350548e-30	3.7763759516490849e-30	-4.7688553098719598e-31	8.1901583060155258e-07	-1.0486568797866744e-16	2.5404522049326525e-27	8.924855440127354e-33	4.057368872017416e-30	1.7954710199684591e-29	1.564825537026289e-07	8.6539990992402739e-07	-5.8672039594040594e-20	4.4115877736506185e-08	1.713921790731492e-07	1.6617975625678422e-07	3.7421387950481322e-09	1.211058507760476e-07	3.4264025349516966e-07	-1.1852745403460902e-16	7.4740711615131781e-24	5.4200754383710403e-08	-1.6348443796100916e-16	7.3565230841844768e-24	3.9039375885004872e-08	-1.2853908456007212e-14	1.6828730387664505e-25	3.0196997413117086e-31	2.9969028489578436e-33	1.8521765659317085e-13	-7.7672460504464212e-23	6.5733160248465006e-31	-1.3013732697408082e-28	
triceps	eta	29	0	-6.3158528272277187e-32	-6.86092009299412e-31	-5.0442764393033442e-21	-8.3405788212145704e-12	-5.9064364165929926e-12	1.9173206122904932e-24	4.2688179549182286e-30	-1.3835987841820653e-30	-1.6220527516105474e-29	-2.7557650630160829e-28	-1.5127811359525374e-31	-3.8772392345428047e-31	9.7347478753980644e-12	-2.0044274900986366e-24	4.9735321816648528e-33	1.1633786246797458e-32	1.0611608697739292e-30	-1.3393954230931592e-29	4.9797806957852414e-13	9.330527030825172e-12	4.058150212533474e-26	3.9257367716499492e-14	-1.2813535502748155e-11	-1.720982977189965e-11	-4.6441810660384031e-14	-2.0440613069356161e-11	-3.2610947749343035e-12	2.4758073419295096e-17	1.6656849120135914e-25	-2.9395888789607072e-11	-1.2336136235753394e-21	-8.9501667984095513e-31	-2.697910325129831e-11	-6.0993258115194445e-19	-4.1988428989973699e-32	4.2711518178497513e-31	-1.5744982206542377e-32	-2.0337401640659033e-17	-1.1981516557357429e-27	-2.8392203040673226e-33	-5.90217371066115e-31	
triceps	eta	30	0	-2.3661806365553505e-30	-3.3419646069556701e-25	-2.5510187461890386e-20	-1.5771114936153167e-10	-1.1891839031843194e-10	2.4474004898837513e-23	1.0506534763666842e-28	2.7591781696289195e-28	5.0111001154026433e-30	-1.4724776097510286e-29	5.1446948873544592e-32	-4.8593189244248684e-31	3.8660011488636822e-11	-9.951806611954986e-24	1.1510858742824154e-33	6.8209011423538651e-33	1.2373876129898194e-30	2.4305642724761336e-29	5.2667200285307373e-13	8.3609858379972889e-12	3.6028973515352637e-26	2.6732220153351185e-14	-7.8170497116390224e-12	-9.6053731390911672e-12	-3.0561118492346025e-14	-1.0188852550040811e-11	-1.8521413945286015e-12	5.7244257441985337e-17	3.5172243483081131e-25	-1.5279804575142539e-11	-4.7045426492531026e-22	-2.880413364844526e-31	-1.8251889008499087e-11	-3.6200084379757163e-19	-4.5473639421037693e-28	-3.4650852208736911e-28	2.2282463074491969e-29	-8.7930343068018672e-17	-2.489139809341914e-27	-5.5179547705019272e-31	-1.5283281186566617e-27	
triceps	eta	31	0	1.0296031778725942e-31	-9.1552778564488729e-31	-1.3305123769506723e-15	4.8643129250530626e-08	4.6145466444727916e-08	-4.4837943744062175e-18	5.4732649049450298e-28	1.6267336340384175e-28	2.0188156936457263e-29	1.1874285903368458e-29	4.6105089819970545e-32	3.5206994135994774e-31	2.3495359946271017e-07	-4.1566917663237178e-18	1.5395340814756879e-29	2.3767163180310357e-32	1.4405429592386648e-30	1.8135305477190246e-29	1.9209752058331068e-08	1.6043255357861108e-07	-7.6894265961338612e-22	5.0187573360702931e-09	3.5128464962858864e-08	3.6237353478414815e-08	9.9394099787498613e-11	2.524027309820597e-08	6.4496193657122955e-08	2.2860914963487941e-17	-8.1437364714511238e-25	1.4269710208832917e-08	-9.598725909503209e-18	9.6655720768304606e-26	1.1193655548629626e-08	-1.1929199102593322e-15	5.7993927726807804e-27	4.9562308273153612e-33	-2.9016664482876178e-32	2.3810650325241569e-14	-3.6850107920060595e-24	4.6481852748996897e-32	1.1276981932230688e-28	
triceps	eta	32	0	-3.2604100632632145e-32	2.6241476629335502e-30	-7.4682108550223024e-21	-1.2380345502387459e-11	-8.8225093879968817e-12	3.7369003969998748e-24	3.1438191976168516e-28	6.9793242022441141e-30	-2.2923053394422806e-28	-6.5529337637192935e-28	-1.4912180425478886e-31	-1.1697737066122274e-32	1.5252928252746234e-11	-4.169216301340024e-24	-7.0077476877452966e-34	2.0258359496873098e-33	1.3011133726211625e-30	6.4149413228767812e-30	8.0348895837892848e-13	1.5559611597568035e-11	9.2431551792173176e-26	6.2976663848123344e-14	-2.186961185723559e-11	-2.976188128597859e-11	-7.9072018195758838e-14	-3.622413437137181e-11	-5.691720923891952e-12	5.6826974859045871e-17	4.4104806510902734e-25	-5.4372612531694389e-11	-3.6930832099216691e-21	-4.7348515604228903e-30	-5.267642528658611e-11	-1.3877174966547127e-18	-2.3743048671920053e-31	1.5975389430254896e-28	-1.2810283543723155e-32	-4.7955225697578818e-17	-4.6329146064694129e-27	6.7607999608745883e-32	-1.0792334601279699e-28	
triceps	eta	33	0	-2.2880070619390981e-33	9.6997905683064561e-29	-3.0884247802155662e-20	-1.9070609547590408e-10	-1.48168259540335e-10	3.434711504271049e-23	-1.3053069762411797e-26	2.7380514409865519e-24	-2.2945806725976193e-25	-1.1413142453493493e-25	-3.7871565760794487e-28	1.8537647862939073e-30	6.1440213972506821e-11	-2.2494493993349662e-23	3.9745511789372901e-34	1.8703785867545041e-32	-4.0911876029003392e-30	5.0575673216914663e-29	8.5833679978373784e-13	1.4027932317783512e-11	8.0787177510949777e-26	4.6471970507442175e-14	-1.3118524182557821e-11	-1.6161845863581485e-11	-4.8426008379032785e-14	-1.7184283872726789e-11	-2.9858929768281976e-12	-4.9485972424314591e-18	-3.3984173479141342e-26	-2.5495902504159755e-11	-1.1698172253521698e-21	-1.0003454956544629e-30	-3.0316371834063664e-11	-6.637535214669928e-19	-9.8018759778256491e-30	-2.4141772498932216e-31	-5.4897356516422147e-33	-1.0447093912129782e-16	-3.8904994275991646e-27	-3.8987497672422504e-32	-4.880530244053544e-30	
triceps	eta	34	0	2.8571488185964488e-31	2.9083263954749028e-29	5.6589861302523369e-17	1.6595602195039696e-08	1.4915882235864789e-08	-5.5565893590014653e-19	-1.7543888500655242e-29	1.5458289270319444e-28	-3.0190154904418921e-29	2.5699226102722202e-30	-3.8578012437508777e-31	-1.351065633849378e-31	8.8700606922123022e-08	-6.0108204891696135e-19	9.1253946188797603e-31	1.1851420020233862e-32	2.3460676152186669e-30	3.1282638537608128e-29	4.5016406547894816e-09	6.2762991317401177e-08	1.0011083493917943e-23	9.4631222534401749e-10	1.1833675377073787e-08	1.3108513578030519e-08	1.2806604305519996e-11	7.3901063638204132e-09	2.903470108281708e-08	-1.0805367570566446e-16	2.6442645286194674e-24	4.3274939471046469e-09	-1.1413133113584443e-18	4.5635394982920183e-27	2.7772866585014399e-09	-1.2439423319169618e-16	2.9329395501468423e-28	9.2865161058702992e-31	-1.6163224897956543e-32	6.6487180901324632e-15	-4.5623634232432251e-25	2.0822655083431756e-32	1.3756528038835161e-28	
triceps	eta	35	0	1.2188404286204738e-31	5.3547314960116288e-30	-1.1444171492829415e-20	-1.9171785222117204e-11	-1.3772198130948036e-11	7.6880931825736138e-24	-1.5149914338826316e-28	1.2220965910922596e-29	-4.6216427587667256e-28	-5.0538667085280577e-27	-5.6930107020909184e-32	-1.1245278653724587e-32	2.5218880057215583e-11	-9.292066854131002e-24	1.5471989778293785e-33	-7.8124264645416153e-33	5.5946545933850411e-31	-1.1803202257750998e-29	1.3608178992463151e-12	2.8007886552299173e-11	2.3399527436550371e-25	1.1804094473470168e-13	-4.0373423694455797e-11	-5.5882936902468091e-11	-1.401439022496676e-13	-7.0090902049220288e-11	-1.1334568296143069e-11	-8.6430558676646392e-17	-7.9307671595092044e-25	-1.1087449628407195e-10	-1.3166296580852061e-20	-3.0823650225863643e-29	-1.1633824640419425e-10	-3.6838707210027313e-18	-1.372358621534159e-30	2.2039543152132878e-29	8.2387003309378613e-33	-1.2527259757873432e-16	-2.1713525477588748e-26	-1.5804835593486054e-32	2.1073932358503738e-29	
triceps	eta	36	0	3.8896120052964665e-32	-3.4351476318679291e-28	-3.676846306356685e-20	-2.3010396352732977e-10	-1.8402821784917202e-10	4.317446068352456e-23	3.1829354834673645e-26	-8.0610027201011845e-27	-2.7745592183141847e-23	-6.8720811722305673e-23	-2.589533548818896e-28	-1.2530907215992613e-30	1.0158437755598781e-10	-5.2221765692440376e-23	1.4776130154687015e-33	1.019870938406963e-32	2.7181411984246259e-30	1.436187348317163e-29	1.4588464941424534e-12	2.5263009380973383e-11	1.9843214131842556e-25	8.7907625563400085e-14	-2.3577534693529605e-11	-2.9150559585899954e-11	-7.8704983757258658e-14	-3.1067235575034942e-11	-5.1889146420207208e-12	-9.296927651176884e-17	-7.2400159339630043e-25	-4.5357388820391169e-11	-3.1644428993507999e-21	-4.1394840459872373e-30	-5.3523422791423945e-11	-1.2957525349090346e-18	-4.1205733129444784e-31	6.0442426812301107e-29	7.7727580776705512e-33	-1.4870432682528553e-16	-6.9986712746044984e-27	3.0625764061642245e-32	1.1431703389672444e-28	
triceps	eta	37	0	1.056296593595217e-31	9.093824911379048e-29	4.658640531353325e-17	6.2824840788784527e-09	5.0668152162526025e-09	-1.0031174479868973e-19	-4.9110946039360267e-29	3.752223484346928e-29	-5.6043660567450959e-29	-6.0593040319009538e-26	-4.0340758794806475e-31	-6.2661399648638679e-31	4.3528935999948779e-08	-1.5818106441309493e-19	1.374021622779626e-31	6.2599305042594808e-33	-7.0913291828730161e-30	-2.5265316825699852e-30	7.8770952786995423e-10	3.1817837804370609e-08	2.5367014376209424e-23	2.8832676474862016e-10	2.5319784540549615e-09	2.9335424221114093e-09	4.1510521100630429e-12	1.5685926821443535e-09	1.5874161239398009e-08	3.4359632724500995e-16	-6.3484533132918241e-24	5.465732056400031e-10	-7.1550817157085714e-20	1.4487663112868311e-28	-5.023086196707678e-10	1.0268350164985297e-17	-1.3515550046319503e-29	-9.8202949697708292e-31	-6.1482893177817393e-32	2.1435252096990137e-15	-6.8989298223326394e-26	1.3340959218165629e-31	1.9686973124055697e-28	
triceps	eta	38	0	2.9172090039723497e-32	1.2558992393622588e-28	-1.8374879439023902e-20	-3.126701848012895e-11	-2.2700625753311958e-11	1.6918721281430901e-23	8.7237356979336482e-29	1.8207688237226528e-29	-1.0733364176131402e-27	4.7007361905939545e-27	3.123008407024505e-31	-7.5283713014904997e-31	4.4662866020468084e-11	-2.262237638260646e-23	-6.0926032915237438e-34	-2.9927801435979602e-32	1.1413587415554854e-30	-3.6450231564099308e-29	2.390944454603698e-12	5.6066220894631927e-11	6.8975666715069377e-25	2.5802786562335265e-13	-8.2337799951650162e-11	-1.1640061843642397e-10	-2.6873903577592838e-13	-1.5083048624115341e-10	-2.9099087685146959e-11	-4.3104083002116183e-17	-4.8413217328265568e-25	-2.5129166434358616e-10	-5.9230299707570764e-20	-2.8991547803275144e-28	-2.970926885017094e-10	-1.1622471560541336e-17	-8.3412170712315206e-30	1.2335267006478145e-28	1.4599620696967076e-33	-3.8183256278621142e-16	-1.3855287815785707e-25	-1.1974428571229761e-31	-7.1006500869490608e-28	
triceps	eta	39	0	9.0566946201755966e-31	-1.1417156448828042e-24	-4.294752133608276e-20	-2.7623600928437517e-10	-2.2681209864824844e-10	4.4866841651603421e-23	-2.9272676312957281e-28	4.2755847960539312e-28	-5.009420013785522e-26	-1.729598342459342e-25	2.7740349308470576e-32	1.353703162860051e-30	1.7341643634732827e-10	-1.2275734770447248e-22	-6.5103951059701011e-34	5.3556375086456505e-33	5.8647746276321969e-30	2.4797397488496078e-29	2.5325454343242528e-12	4.9876843609516571e-11	5.4834343366172974e-25	1.8524378021264007e-13	-4.6072820233349371e-11	-5.7244576859127729e-11	-1.3294626293200923e-13	-6.1085551429447685e-11	-1.0080289675087157e-11	4.4170637028240244e-17	3.9633349196814167e-25	-8.6891722810114967e-11	-9.4679083166443064e-21	-1.7711994175708603e-29	-1.0124039255012492e-10	-2.6933088229068662e-18	-1.0678214793763428e-26	8.2605456078715833e-27	-4.4585888889490382e-29	-1.7549410478831555e-16	-9.9088413378040485e-27	5.290146129685981e-31	-1.1063756961960344e-28	
triceps	eta	40	0	-3.0563961002403118e-31	-3.944303325348521e-29	1.9953267820838074e-17	1.8839562142476912e-09	9.3537843682692422e-10	-1.1594325595202522e-20	1.8786868286758211e-28	3.0578236506859284e-29	5.7178312887893001e-29	-1.2225515887086551e-28	6.3059378550650694e-31	-7.1061546496515966e-31	2.4193416841814864e-08	-5.5715076090591667e-20	3.3965014421935434e-32	-1.9317876680658422e-32	-1.9861664869482221e-30	2.3554444601617096e-29	-1.5116860901894892e-10	1.8273258364297651e-08	1.3250336091803123e-23	1.1620150946948976e-10	-8.421955459616121e-10	-5.0931649965798375e-10	2.1938687303580405e-12	-9.6113884056008405e-10	1.0442163057849681e-08	1.115279249483683e-16	-1.6444737652226294e-24	-9.8609568574297678e-10	7.2602146445897675e-20	-8.5104767002894727e-29	-1.6049978416205432e-09	1.4272592560430946e-17	-1.1087580570628278e-29	-1.9861065303046953e-30	-3.0402390885501608e-33	2.8986300736111728e-16	-4.1509971573701443e-27	1.9900311825810245e-31	-1.5991236499626356e-28	
triceps	eta	41	0	-4.1946796135550133e-33	-1.0426336184514252e-28	-3.1443950855877452e-20	-5.4359884427344282e-11	-4.0054242223028579e-11	4.0481740781537812e-23	1.9572904914792963e-28	2.3079642583563346e-28	1.2714234706189191e-30	1.1932344629256094e-29	-5.4108986624330675e-31	-2.1628474544795946e-31	8.6253144382697481e-11	-6.1500075502637615e-23	2.5855729256885631e-33	-1.5002992723940232e-32	5.8356987480194088e-30	-3.4160910776102552e-29	3.9928001445861479e-12	1.3295818506355022e-10	2.5907910611636245e-24	6.784365424883035e-13	-1.8808955555069022e-10	-2.7028831811267795e-10	-5.8889181641600162e-13	-3.5288843553302243e-10	-1.2734031201616096e-10	1.2824372558031607e-16	1.8586318938190362e-24	-5.7176579583987552e-10	-3.3696967502803502e-19	-4.6041110922330222e-27	-7.6854953234425361e-10	-3.4042211582699181e-17	-5.1136413930149144e-29	2.3955127573594377e-31	3.1428556551331386e-32	-1.3491987080635699e-15	-1.3904738471631385e-24	4.5272446175409523e-32	6.9647850629692273e-28	
triceps	eta	42	0	-9.9118372595753341e-31	1.1650616985881418e-24	-4.9078387262861603e-20	-3.2877745973710317e-10	-2.7583759641330869e-10	2.8403409025734305e-23	-2.078588694545745e-25	1.4851059661982188e-25	-1.98940708955016e-25	1.1517838985979251e-28	-3.9439088475700394e-31	-2.1804365217351518e-30	2.9843235366347715e-10	-2.7792430338183842e-22	-6.4152491238466066e-33	1.3663552359679752e-33	1.3650577752046195e-30	-5.5819551235799822e-29	4.0647331747478452e-12	1.120107906808517e-10	1.7699208982810816e-24	4.441156090725927e-13	-9.90290974787886e-11	-1.238461140981216e-10	-2.355872640982283e-13	-1.3170953730464174e-10	-2.3703385180133483e-11	2.7184194064380017e-17	2.8503403563111817e-25	-1.7903955400827726e-10	-3.1240492791838698e-20	-9.1706649834284445e-29	-2.0427893216655248e-10	-5.819183218372252e-18	-6.390583501804692e-31	9.6000436821011929e-31	-4.1220169106964802e-33	-1.7200353738208284e-16	-1.0616010722575343e-26	1.9048856089443592e-30	3.5491876198682116e-28	
triceps	eta	43	0	3.5490326207640736e-31	3.0923781802713967e-27	8.3385439822746892e-18	-2.0618916927839236e-10	-1.0317110650932142e-09	8.8353702526417837e-21	-2.3300671734019609e-29	-7.0203843315858248e-29	-1.6228741028769148e-29	-3.2759043490476391e-29	-8.4208465191796017e-32	-9.4541833947958318e-31	1.4215495671684734e-08	-2.2915985274467506e-20	9.7014290804172345e-33	-4.9056376081642433e-33	1.3607606690654207e-30	6.1634890751029023e-30	8.5614555617842914e-10	1.2140630361203238e-08	6.2553317125179047e-24	5.5863830193728752e-11	-2.0272747074276555e-09	-2.0935171418626508e-09	1.4479072529812923e-12	-1.7650831411469296e-09	2.1265771537485144e-09	9.384686120909767e-17	-1.145166665473097e-24	-1.4248389473195968e-09	6.3454128569432225e-20	-4.3899978747564077e-29	-1.640373408643465e-09	4.5236290246540134e-18	-2.7348365077530461e-30	-3.7832715539909108e-32	-7.0383588862308271e-33	-2.5462629541085122e-16	1.3392272128219954e-27	-4.7820358169058231e-30	4.9223851968790953e-28	
triceps	eta	44	0	-1.3916326286106661e-31	9.8131355439770089e-29	-5.8784373065088817e-20	-1.0220260866146865e-10	-7.6975697894521586e-11	1.0724648809026967e-22	-1.5757451077331211e-28	-2.3365637081357619e-28	1.0796516091048767e-28	-1.9342642800907849e-25	-1.1817688839412175e-31	-2.7556435583722956e-31	1.8462556935957271e-10	-1.8988286319326725e-22	-6.9992450947461849e-34	1.4454343110527036e-33	-1.7559648301854597e-31	1.3199743409022623e-30	2.6837450843576052e-12	4.5634058963881225e-10	1.5922515584235919e-23	2.319260604979903e-12	-4.2564558718889402e-10	-5.6720989698811474e-10	-1.6363443162432616e-12	-7.4913839307479301e-10	-1.138590768191431e-09	-8.2359067994646505e-16	-1.6823322199660042e-23	-1.2668172532818986e-09	-3.1237951591196013e-18	-2.3808744711634018e-25	-1.5304963815288705e-09	1.6580487319356805e-16	-1.5026013417815387e-28	1.3385585622691272e-32	1.4882947289725179e-31	2.6773520230395719e-14	1.7458071409418429e-22	1.3780485626341007e-27	-1.4290919652891422e-24	
triceps	eta	45	0	-1.4738578823991022e-31	4.0939599662108103e-27	-5.4604673006534772e-20	-3.8641388730835539e-10	-3.2893289715517395e-10	-2.0515991547921523e-23	3.4288196002293202e-26	2.2193409890804152e-26	-1.0168828422676729e-23	-3.5123310629626056e-26	1.0300196246400838e-29	-7.5474238061245375e-31	4.964255392085479e-10	-5.376214225570508e-22	1.6157630866243055e-33	3.6018279240862517e-33	3.0655014267585272e-30	-1.206974080162051e-29	3.2439240794240181e-12	3.1385506848627804e-10	7.1582059448134107e-24	1.2340492276158673e-12	-2.2844114273539263e-10	-2.8693734922928462e-10	-4.3313423629346561e-13	-2.9981430836027392e-10	-7.9458945528939203e-11	1.9932486905848363e-16	2.4359773460349537e-24	-3.761693330963684e-10	-1.0415705319764634e-19	-5.5431728771248725e-28	-4.1628732712595632e-10	-1.1793848029061239e-17	-7.1566432620877332e-27	-3.4960351010453831e-33	1.7831534894892498e-31	9.3618275580537379e-18	6.0922763932744853e-28	2.4875716450017811e-31	4.746081603499007e-28	
triceps	eta	46	0	4.3257633514786071e-32	2.6555701488897529e-28	3.5894965769627462e-18	-1.1561793971670105e-09	-1.7140364614021261e-09	1.0829339956553033e-20	1.0292442614588185e-27	2.3168047634847619e-28	7.5342001926712018e-29	-9.9532059126128669e-29	-4.8309757406037949e-30	2.0470273484012478e-31	8.4748686590768118e-09	-1.0214048392884328e-20	2.8272986452557813e-33	5.4420484427577075e-34	1.1171072793882893e-30	1.4569971846996206e-29	3.5889509548723734e-10	9.7178525829330379e-09	2.8592436566096656e-24	3.0311714533524688e-11	-7.2860029634954508e-10	-1.3463505386076006e-09	1.0705370155600645e-12	-1.5340414345908666e-09	-1.2109332873349089e-09	-4.1975283318969443e-16	4.3487858366010181e-24	-1.3100960561376382e-09	3.6819141504446722e-20	-1.7730525382767784e-29	-1.3229410956565887e-09	-9.9408448662191651e-19	2.4967626964855275e-31	-1.5721205419904494e-29	4.7311895817739926e-34	-3.8257339040862956e-16	-2.8794925265923553e-28	4.3172364017069325e-32	-9.6149946180943949e-28	
triceps	eta	47	0	-1.4280977411603203e-31	1.7987587688410278e-29	-1.2481138479287145e-19	-2.0981412804507682e-10	-1.6360454940057818e-10	3.1714315910679063e-22	-1.3653504565219558e-29	-7.9812057822670168e-28	2.9208621356679582e-28	-8.4252117370540318e-29	-4.4628934080592667e-31	2.0110689235648917e-31	4.3161814378195433e-10	-6.423018786512686e-22	1.4026116143446617e-33	-1.1257500732152283e-33	4.1476297518414062e-31	-4.1120362794663727e-30	-5.3384485980785156e-11	2.7050980571181736e-09	2.1366786238355799e-22	1.2495101582673408e-11	-3.5891646456517344e-10	-1.5151998160673124e-09	-7.4892779003315102e-12	-1.46003199240156e-09	1.0668040724083229e-08	4.0782991961988991e-16	1.2967091552727885e-23	4.1200734687674022e-09	2.9998453120384963e-16	1.8891619234200619e-20	0.0062719776361915012	0.014462772760109233	0.022955190980400716	0.031788511440351871	0.04102561821056705	0.050731656367022392	0.061102075545348009	0.07250738193948382	0.085751147701333685	
triceps	eta	48	0	-7.0737551664950447e-32	2.825847709702651e-27	-5.871044533138749e-20	-4.4665419815702732e-10	-3.8231582524640639e-10	-1.1010729492406684e-22	1.8493965430821038e-24	7.9385230822463247e-27	3.9875912160454094e-27	-2.2229696145373581e-26	-3.0416385527183105e-27	-7.015552401340903e-31	8.2147672564289277e-10	-7.1065622959339691e-22	1.5782978776116914e-33	4.7205326762998145e-33	-1.2942291959095271e-28	3.2105213549952348e-29	-1.8694172521559006e-11	1.1919596524905109e-09	3.4895080310012804e-23	3.9077354306235905e-12	-4.5005173481045972e-10	-5.5992535253841672e-10	-7.3497519848402009e-13	-5.8807092360824856e-10	-4.1740742317493611e-10	-1.1719064737002266e-16	-1.5232388862490709e-24	-6.7271765540884935e-10	-2.4921932357632365e-19	-1.7220254661039959e-27	-7.335962131173508e-10	-1.7370630141517317e-17	-2.9886410658589872e-26	2.7840447389271463e-30	3.2643864862883647e-30	4.5819374016808947e-16	1.4117885758882657e-26	9.6417309492197086e-29	-3.3881618583468202e-25	
triceps	eta	49	0	-1.0932383742827753e-31	1.1733857108412151e-26	1.5895224910375337e-18	-1.4623214921811398e-09	-1.6066963735262867e-09	7.8482059127403156e-21	-2.1283029014011969e-27	-1.1902906979352764e-28	3.8439685832567756e-29	-2.3273135576780066e-24	3.0111019862839805e-30	-1.019659184042402e-30	4.9956194603563401e-09	-4.7163570994433235e-21	-1.6702691066330041e-34	2.6920997831747662e-32	1.5183360815010347e-31	-8.5124861768300483e-30	-7.800661442753243e-11	6.7312633722477956e-09	6.230650719983868e-25	1.7985807070932777e-11	-2.031101272488102e-10	-7.1669122575628184e-10	8.6890664336029217e-13	-1.0947646409193857e-09	-1.5275922927275501e-09	-1.3023363089162018e-16	1.1675227047359117e-24	-1.0381731644633265e-09	1.880228966697035e-20	-6.02287836288672e-30	-1.0516277136362673e-09	-7.3341051974131449e-18	-3.6168668131015882e-32	1.4464172075779661e-29	1.1101602962812147e-30	6.5399265569870093e-16	1.8352313334775181e-26	-1.2041525575284494e-31	-1.0147314848137186e-27	
triceps	eta	50	0	-2.2117401598744615e-32	-5.4539072457439568e-27	-3.216628502196008e-19	-4.5316312328548318e-10	-3.7224255166959741e-10	9.65796944189177e-22	2.0046871783812814e-25	-2.6402511860863316e-26	2.5115846269873468e-25	-3.9699292989001689e-27	1.0026748404386718e-29	-1.5405046189446074e-29	1.5302855140685732e-09	-2.6653250662222654e-21	9.2543283347140389e-33	1.9718083566255593e-31	-9.7576567396437305e-22	-1.1117690615082567e-27	9.9183989207639527e-10	1.4714451426250704e-08	4.755173135968799e-21	1.9618316492959615e-10	4.4507406666576528e-09	1.5886533303704201e-08	4.4180953463251244e-10	0.0061998275763641723	0.015289473276806759	0.024956013205699422	0.035320796120209587	0.046540860219088855	0.058931394091962193	0.073100474559553041	0.078496229287721944	0.0811619428161795	0.083827252422305404	0.086463491109986482	0.08903045985245274	0.091461748855178729	0.093668580225954812	0.095487141035872775	0.096544491283214753	
triceps	eta	51	0	4.9478152714433e-32	1.4909285403134533e-26	-6.0347233411341411e-20	-5.0601950520146319e-10	-4.3121265132604127e-10	-2.2389890751355278e-22	-1.416045355349274e-26	-2.3392948651565309e-27	9.8286374435613886e-27	-1.2599557673194381e-22	9.5767237569479564e-26	1.5154301904350552e-28	1.3622884448566366e-09	-4.2679320303449014e-23	-9.6258787308212482e-33	-4.5507958132397672e-32	6.2040907116405626e-26	3.3788359935074557e-28	-9.5978629984752074e-11	3.4741411037402114e-09	6.6517955724407535e-23	1.1420508178442769e-11	-3.1664480082495078e-10	-6.3650478725131911e-10	-1.6208468135569224e-13	-9.8665291242210523e-10	-1.5145606688335001e-09	7.1618598445188075e-16	6.4082957040037567e-24	-1.0209405706238061e-09	-2.1940073747602557e-19	-7.9818745588749806e-28	-1.0976105331796285e-09	-3.4900342609211652e-17	-2.7886661692008162e-27	2.2794630801929162e-30	2.4522742699119499e-29	1.2441231076563893e-15	2.1728290845804161e-25	-9.0964900211534712e-31	-3.9341349622014006e-25	
triceps	eta	52	0	2.4977410426168486e-32	3.9648541668983055e-26	7.1378261119987938e-19	-1.4071837105086808e-09	-1.2353488215016016e-09	4.8317941827955136e-21	3.6433250779875023e-30	-1.2185502965344174e-27	-1.1884136335456121e-24	-9.6216281745986801e-28	-1.2337276949973721e-29	5.6810225693697398e-30	2.8892941111673582e-09	-2.2122847869082313e-21	-7.4634836297294079e-34	-1.8891553465565752e-32	3.3052137728574527e-31	-1.0662734829800646e-29	-1.0508565083083639e-10	3.7284398354826386e-09	-3.1428995615256269e-25	1.1502354002134864e-11	-3.5922866884932671e-10	-6.3279216718683586e-10	9.994131405101594e-13	-8.1947056707027901e-10	-1.2354233378741866e-09	-1.184722675023805e-16	-4.2395482985622502e-25	-9.9692145546977353e-10	-4.7400569399156042e-20	-4.9442706421249904e-29	-1.1580847412152762e-09	-2.6260973204242931e-17	-6.5839186563567507e-30	-2.0928915618035601e-30	5.5683259074342062e-29	1.6209145815287932e-15	2.0983939048266414e-25	2.9952675850110505e-29	-5.8564243208702055e-29	
triceps	eta	53	0	3.9668322436369111e-31	2.1034861741529756e-27	-1.139633828662174e-18	-8.7529472663691541e-10	-7.4561449235527904e-10	1.5874796001656059e-21	8.1803828658783417e-24	1.2240864402420717e-26	1.8392643355853725e-27	-4.8466060637611003e-28	2.100473522714754e-23	-6.4997379604166342e-27	1.5128571175973909e-08	1.188821931633745e-19	1.5327599978790037e-31	9.0274475382728826e-28	-5.3349191843916507e-25	-8.669618764967866e-25	0.00064424471167577916	0.0092174206959555281	0.018282588088089979	0.027926862154226448	0.038271242116392795	0.049491020022276275	0.061856666026090731	0.066621480142210046	0.067930698935628572	0.069128134435166785	0.070161020095293986	0.070948617488260202	0.071365255487081655	0.071180890081454659	0.072278918667909087	0.073858757396432412	0.07542392731420923	0.076960302287197899	0.078447265751736758	0.079849250687475018	0.081117843284449195	0.082161298426347146	0.082767468912322548	
triceps	eta	54	0	-9.6537214629003302e-32	6.5210938531949895e-26	-5.8393458149014323e-20	-5.6069230219106813e-10	-4.710707924497593e-10	-3.0538153686063254e-22	3.0376461254891305e-26	1.8500551346079479e-26	5.889562028476982e-24	-4.8385185016202687e-27	1.3650490230873999e-28	3.4792551766386314e-29	1.5550546560706534e-09	3.8951284479422146e-22	1.3831347152844178e-31	-2.775516880757791e-32	-2.4453970791034762e-26	-3.1111275054753479e-27	-1.1235660995958117e-10	4.7510477857868618e-09	-3.127460160777916e-24	1.6115624346276673e-11	-1.7159813808088855e-10	-6.8286819337510415e-10	1.5711282627003156e-12	-1.1123672705549096e-09	-1.7143155832580325e-09	-1.7002061511921053e-15	-5.9586251163683778e-24	-1.2736698326865892e-09	-1.8970214891761531e-20	-4.9164576440973878e-30	-1.4170135141691152e-09	-2.2075252211488543e-17	-2.1343119908671083e-30	1.7690131649060839e-30	-4.1642544528135859e-31	1.1938649435372972e-15	9.4040028585304125e-26	9.8121268850284748e-30	-3.0539274534750529e-28	
triceps	eta	55	0	1.7446053847285623e-31	1.0903043713437375e-25	3.6194826225885332e-19	-1.2021145323106279e-09	-9.2867684669024396e-10	-2.0242736867225095e-20	2.7756912360829159e-27	2.8228550295943193e-25	9.8022820059535495e-27	-1.0265146476603209e-27	3.4711549754829142e-30	-2.9732180693331586e-29	1.6887749493231575e-09	3.0686921437970638e-21	-1.9356878331960071e-33	2.5178557637072675e-32	-1.5687083745232335e-25	1.2001038571997626e-30	-6.1538094166354939e-11	2.4541517453905418e-09	1.8859809434630991e-24	9.4230415614825443e-12	-4.0753314330203812e-10	-6.3036710495426859e-10	6.1042613021612788e-13	-8.8617295115024134e-10	-1.4541893761933335e-09	5.4546451557474036e-17	-2.7464285714201784e-26	-1.1772479622275083e-09	-7.5137486723748181e-21	1.5414728795567336e-30	-1.4629116748683509e-09	-1.9308618133385261e-17	8.5587014876873244e-31	-4.0036116079230758e-30	-1.2981988788250384e-33	7.7543857823206341e-16	4.5050893202590756e-27	-1.5782776133879636e-31	2.0174013791825227e-29	
triceps	eta	56	0	6.8058676729930091e-31	2.4290633416799018e-28	-6.9836275038738047e-18	-1.2410755672764523e-09	-1.4832976995259342e-09	-3.9769515914656158e-21	3.7804097960878108e-23	2.0274978260022198e-23	6.5657982253479814e-23	-6.4594168244706356e-26	-1.4103867863583884e-25	5.3418408034393048e-24	0.0081268581593289431	0.016931994068049124	0.026201341479163771	0.036025765373754487	0.046529833402852619	0.057891722061525035	0.06944883801428467	0.070452871651432727	0.071341258697111595	0.072089585496546663	0.072662881367862558	0.073008545067565711	0.073043219956925559	0.073701113842593619	0.074635761263006653	0.07546656061509939	0.07616590169030002	0.076688884049370895	0.07696206571107421	0.07684147124967515	0.077553007722660855	0.078549627605178765	0.079507427647657822	0.080420947683704197	0.081281591001218664	0.082073191671318352	0.082773810577384394	0.083339491621996858	0.083663887276119217	
triceps	eta	57	0	2.7427484654994937e-31	-3.821188209976126e-26	-5.8468208361717208e-20	-6.0734231119429862e-10	-4.9855581496110189e-10	-3.1335111625276244e-21	3.5248497302493133e-23	-2.8260208404292979e-26	2.5026904072077556e-22	-4.1835071732669431e-28	-1.1662565129652968e-23	-4.1109753594416289e-24	1.0726117339263324e-09	2.376663308846756e-21	-4.0741465758115768e-31	-7.8803113551370986e-33	-1.3755154757623545e-25	-1.870392929494203e-29	-5.0557327321229432e-11	2.2399307260383569e-09	-1.4660842563127383e-23	9.3298918153575942e-12	-4.30732912521663e-10	-6.3281251929658325e-10	1.3200943773736162e-12	-7.903051142826427e-10	-1.1325847530717221e-09	-3.5113682224942761e-17	-2.6634977776526993e-25	-1.0182142036251404e-09	3.1585659801518828e-20	-1.3484544334517659e-29	-1.1335990073863151e-09	-2.2813921764012747e-18	-7.7347810402750715e-31	6.0992833845005388e-30	-7.9432781534676774e-32	-5.271214207052317e-16	2.1600595566034065e-26	6.0952911545250192e-31	1.7309901845807429e-28	
triceps	eta	58	0	1.2202704330341857e-31	-1.911334777945826e-26	1.4418899226576458e-19	-9.96299574560666e-10	-7.5075953956324307e-10	-3.0421880534791553e-21	3.8754591413016113e-27	1.1007048852204614e-23	-2.5417898124385234e-22	3.0318830871074254e-28	-3.2092158124577016e-30	4.6983707353810699e-30	1.1321832968548413e-09	1.2591598345100951e-22	1.2733800900012559e-33	-3.0359161040977637e-32	6.3629253902858428e-29	-5.7008060487472357e-29	-7.0203872285885911e-11	2.8348666527941093e-09	4.8122907439176803e-24	1.1658903197885211e-11	-2.9358505435216601e-10	-6.4368160383070753e-10	8.123192313959918e-13	-1.1250827872226189e-09	-1.7898096604289057e-09	-2.3395201002399658e-16	-2.9306747618433712e-25	-1.37389575559795e-09	-7.599748443510786e-21	-2.6114262488554494e-31	-1.5970109028037208e-09	-1.7197363604447121e-17	1.0819437779677257e-25	6.3235898665112918e-31	7.3420449073257887e-32	-5.4085213068195419e-16	1.5981728464465336e-26	-2.6496541417857794e-30	1.9169098029651575e-28	
triceps	eta	59	0	1.2984440076504381e-30	1.0419247760853121e-26	-1.1563848186592102e-16	4.1839687700865698e-08	0.0037386289096874603	0.012929952830730828	0.022462519508084883	0.032391851038894609	0.042792552712905031	0.053765944882845647	0.065452509961186983	0.078053689954026451	0.080019187466135289	0.081403544515001369	0.082578981556427872	0.083516185111446983	0.084172294843370118	0.084480864487562785	0.084472366417895267	0.085795580109961217	0.086939667074168933	0.08788242387848702	0.088590831968547945	0.089011902429686887	0.089053885056449192	0.089841318908049694	0.090929171619758581	0.091864273449711875	0.092627034224810029	0.093182360542081358	0.093467184691032518	0.093341900525283669	0.094070711218383909	0.095048492215393438	0.095939189929783564	0.096742431913843061	0.097456624882375387	0.098076148881465097	0.098593948579241322	0.098990736719199265	0.099209585611314058	
triceps	eta	60	0	-2.4014540787602449e-30	1.6889456642250182e-25	-4.2841915302388699e-20	-6.4351092699051023e-10	-5.1168275583701673e-10	-8.3763186465484084e-22	-1.97437049535378e-26	1.0967460317583433e-24	-3.4535606197152872e-23	4.9028737233928511e-22	-1.2596586644931577e-25	-1.3829283165104174e-27	6.5428495794903804e-10	3.9780818540156765e-22	3.6477990331802899e-32	1.1612003085390277e-30	-1.2750727160943632e-21	-3.8324444262252866e-27	-1.1425329943336382e-11	1.0490546559903775e-09	-2.4445618626631653e-24	4.7131861861886815e-12	-4.5565583401185517e-10	-5.6895490938919788e-10	6.08560260180389e-13	-5.8362772919972788e-10	-3.9271724921463235e-10	1.1351187348792582e-19	7.3593700416279008e-28	-7.1491986950105353e-10	1.1866073259691443e-20	-3.4805355599726873e-30	-7.5796770291751949e-10	-3.7379415290935289e-18	-1.5526504776335793e-25	3.6723653738417565e-26	-2.4731509920878895e-30	-2.0409231458564697e-16	8.244690050730245e-27	-3.4162369693234022e-28	2.2364032306131258e-28	
triceps	eta	61	0	-5.2147494286695279e-32	3.2158228658790966e-24	5.1900393010625171e-20	-8.4608382027527857e-10	-6.5317192681043027e-10	-6.747319212770509e-23	-1.200121014017743e-26	-1.0105272121476154e-25	8.2258046844648369e-27	7.7409875476179328e-26	1.3470485677053021e-26	3.9208873076304796e-27	1.4102054115626416e-09	-6.6550907824925201e-23	-8.6284431282896517e-33	8.6031928485706537e-31	-1.6246829989553265e-25	-5.2871766400063492e-27	-1.1058655986223173e-10	4.7893515945564719e-09	6.2835962043215209e-24	1.7884674760951199e-11	-1.1867094240616274e-10	-7.7597904805293394e-10	1.5141208718506178e-12	-1.2991709652240136e-09	-1.6758016971464247e-09	1.2988780600013583e-16	5.8235957580072388e-25	-1.3200868437288245e-09	1.2139210015148871e-20	-2.9010194134724561e-30	-1.3225228542076583e-09	-9.1246413859901447e-18	-3.9962198429422212e-26	-1.3574664766247982e-30	1.2949735184695612e-32	-2.383256714972336e-16	4.942259697231807e-27	6.2183515074516704e-30	-1.2939241996402463e-24	
triceps	eta	62	0	-1.1927190146633357e-30	-1.3156861884318577e-26	1.2241210368757287e-16	0.0055483810186144145	0.014407091494062167	0.018602977361781434	0.022408510724615398	0.025715444741054812	0.028386837459887872	0.030244468445854752	0.031048088545848774	0.030458874282985642	0.034607738853940299	0.038591039769809377	0.042093044189772534	0.044970468950339418	0.047032998899343252	0.048017392008414789	0.047990162145354003	0.052321187916173094	0.056222541573965813	0.05955814895224195	0.062143031952309476	0.063713620318208278	0.06387166044706695	0.066887178616349949	0.071224927536378074	0.075131879996108902	0.078456459641860501	0.080963377732189631	0.082279771686629324	0.081698082914702916	0.085143184003390354	0.0900199874825304	0.094761147266989906	0.099330875137926627	0.10367747293752373	0.10771006538388531	0.11130656912817104	0.11422909380579176	0.11591259976384796	
triceps	eta	63	0	-2.2459410987690717e-30	-2.4129723436321351e-24	-2.5325897488014352e-20	-6.6690817705319697e-10	-5.1696537529438582e-10	5.4780438010676991e-23	1.9962436945227162e-23	5.5120049280668329e-25	-5.6256923511559254e-23	-2.5328322300385311e-22	1.3261973321390285e-25	6.6980479422252e-29	6.100592566294953e-10	-9.3088443478632425e-24	-3.5970185933376512e-32	2.1271279929372294e-31	-3.9610692711077326e-26	2.0891555592668395e-28	-5.8793042861297828e-12	8.0471368310256057e-10	5.4898755707977017e-25	3.5561335902936585e-12	-4.0943737337281422e-10	-5.0880539090364401e-10	2.7834664085520653e-13	-5.0944929893731519e-10	-2.5418965634061673e-10	-3.7808042463444654e-18	-1.1135852610722899e-26	-6.0318434897766517e-10	-1.8798256921670439e-21	1.3727229259242063e-27	-6.0742268531328517e-10	-6.6442652358276668e-18	-1.2578120188005056e-25	2.9806177728027694e-29	-1.0029871079921886e-28	-7.9179593267363175e-18	-8.6110810457622252e-30	1.0356663214522327e-27	-5.6472082016814062e-25	
triceps	eta	64	0	1.0594426033053832e-30	3.9022932461722376e-23	1.4929927256447914e-20	-7.4792973758586242e-10	-5.9821990418649932e-10	-6.4801785275225151e-23	-1.2740073019988184e-27	1.205521954998412e-26	-5.5195737394377844e-26	-5.1059778197059655e-21	-2.8560546439157442e-28	4.9052374206330596e-25	1.8419827567910216e-09	-2.2237901354619843e-23	-1.9978219676594284e-32	-9.9273940339048438e-32	3.9078107528535173e-27	-2.5051565969685995e-28	-1.1408204491703657e-10	5.5112576874033908e-09	-4.6592769718537711e-24	1.7523836439594925e-11	-1.7016550367636376e-10	-6.6881053202845156e-10	1.8455852757014981e-12	-9.6773556582738245e-10	-1.4248737253325541e-09	-3.1743049143445759e-16	-1.8720858681612556e-24	-9.6136967307856207e-10	1.5376377836677282e-20	-8.3065525847736001e-30	-9.1067500051197275e-10	-5.8375343144948245e-18	-5.2633333199311124e-31	-1.5343659688499302e-29	8.0385654842769192e-32	-7.4290682179638997e-17	1.437229421933666e-27	-3.7051390070076628e-30	-4.633896512561778e-25	
triceps	eta	65	0	5.6208706821637171e-31	4.373661850556451e-23	3.0471799479703192e-18	-2.8920720623629001e-10	-9.5930461783009979e-10	-1.1001643973101974e-20	-5.7013303229199835e-23	1.2498168515177718e-24	5.0591830488873238e-27	-3.3205947108488793e-27	7.7569779596690774e-27	-2.4966811678400249e-27	2.2310531430489897e-08	1.4009103868844231e-19	4.7274228593036598e-31	-6.5810395565588965e-27	9.030307419994946e-26	-4.1234644347091115e-24	3.655669536550008e-11	2.4149602212454703e-08	-6.1117502871888507e-22	2.8173077325722667e-10	2.1418715652472464e-09	3.2957546380161056e-09	3.3564151814359168e-11	2.5554600646818345e-09	2.238645788648662e-08	-1.984586170989529e-16	-3.9836567073349705e-24	5.7015773823413099e-09	1.7119294803231169e-19	1.8017512344165903e-29	8.0154154460148591e-09	-1.1353774531129457e-15	3.0900891622994594e-27	-1.5737116221630548e-26	-8.5075291545400451e-31	-8.2970995223490719e-13	-5.3540094811244184e-21	-4.5997821400518407e-28	-1.9187328999430013e-27	
triceps	eta	66	0	3.3331019542935717e-30	2.9246944292772403e-26	-1.0519028910331639e-20	-6.900514079902646e-10	-5.3687596000442397e-10	4.2030539006889907e-23	1.0058473532876313e-26	-7.0324919991549429e-27	-1.9042925017593921e-27	7.5478799078047494e-27	1.3196347740993147e-25	1.2251320529731582e-23	6.5541962983820761e-10	3.9485505699274111e-25	1.3690431533107082e-32	2.0520984718566291e-31	4.4369429453701358e-26	-2.6026653981456684e-27	-8.945571070248431e-12	9.2765164516931207e-10	3.5190579617891929e-25	3.9461482977237019e-12	-4.3093283495167067e-10	-5.3486136446568468e-10	3.4484988111883394e-13	-5.3912834450824645e-10	-3.0422540587538497e-10	-1.6459198462832209e-16	-5.1813374965593927e-25	-6.3856546016981184e-10	-9.1084575338986801e-22	1.5843505299736445e-27	-6.5198529275538954e-10	-6.9491112591960541e-18	9.0542866146098185e-31	-1.8134516806730137e-29	-1.2902434440231299e-28	7.897130337300864e-18	5.3427855353034171e-27	4.9637310929785406e-27	6.4968603682586903e-26	
triceps	eta	67	0	-2.2003001245647658e-31	4.5230106637018616e-27	2.416002611010161e-21	-6.6348284352051978e-10	-5.4224457614779932e-10	-3.7039141930392001e-23	-3.8193212577914187e-28	-2.6572796609182529e-28	-7.9050058734433399e-27	-1.1243783004751525e-22	5.4249784859904029e-24	4.585549102402787e-28	1.7559124818668969e-09	7.4677002466575973e-23	8.9420321332194413e-34	-2.128074858912201e-33	7.5628473385641244e-30	-3.8653353975400278e-27	-8.5145184753076471e-11	2.8429213224966305e-09	-3.1435987757845406e-24	8.5634317295775821e-12	-4.6754406223179917e-10	-6.1876755549998838e-10	5.747146470288419e-13	-6.1496716474972946e-10	-4.0774472158774384e-10	-1.7861878645967741e-16	-8.0657200243018417e-25	-6.1680352228411796e-10	4.536706671352966e-21	6.5137597565112384e-32	-5.6069706949280316e-10	-5.0724801611201548e-18	-1.3577949057202525e-25	5.6498572511845766e-27	-2.875221627769729e-31	-2.4592127380881888e-17	4.0773803780739657e-27	-9.5420936272895838e-30	1.7060581370832089e-28	
triceps	eta	68	0	7.2529823863469403e-31	-9.2332650306361605e-27	4.9275288257469314e-20	-1.0697741454042472e-09	-8.280939995029263e-10	-1.2294515647445779e-21	2.4617389202418549e-26	9.3249567659075997e-27	-1.2398691797154443e-26	4.6364129486992783e-27	2.3809154488919047e-26	1.3626954245466472e-27	2.1027226545786837e-09	1.2802038303834036e-21	-6.4248808306836568e-33	8.994963378767136e-33	-5.9126501698966546e-22	2.5858686734643836e-23	-1.0208420169380277e-10	3.8840124788470744e-09	-1.2618384945441681e-23	1.4158007403662355e-11	-2.5561968799177304e-10	-6.4883456115146319e-10	1.5159557981479522e-12	-1.0068613317073116e-09	-1.5426363386420873e-09	6.4247080507923656e-16	4.3301393492586687e-24	-1.2361728216924368e-09	2.7605069002215367e-20	-9.2142216165097104e-30	-1.3790912427725648e-09	-4.4913394996317947e-18	4.142474382770208e-26	-7.3000497520804926e-31	3.8840847078015608e-31	-5.3538843823049712e-16	3.1914935916580255e-26	-1.7840080230738484e-30	2.9769383067391301e-28	
triceps	eta	69	0	-2.4356597843362344e-29	-4.1185719531225244e-25	-2.0936429009083174e-21	-7.0033779631722979e-10	-5.4587147290962231e-10	1.8369007395103708e-23	7.1376600021200185e-28	8.0408188876773765e-29	1.5535130074825111e-26	1.5512706389418862e-28	-8.3044182389234918e-26	1.2722569066422147e-26	6.8051251696224808e-10	5.4975262889831811e-24	8.9765382751958404e-33	-3.7915340088622327e-32	2.0375263499794655e-26	1.6773358229172287e-29	-1.0853656312968448e-11	9.9996695691091583e-10	1.3638621120746731e-25	4.1962399131361579e-12	-4.4141438769451155e-10	-5.4806761005144066e-10	3.2202656434364829e-13	-5.5506384751886248e-10	-3.380927674190614e-10	-1.3034844188830791e-16	-4.075610115619961e-25	-6.5631381351789481e-10	-1.9638503697720741e-22	6.9109598670341655e-33	-6.7456568832297104e-10	-7.1864778474521761e-18	-7.9521945937795617e-26	2.6849370589852894e-31	-1.0928950173350205e-29	-2.5699302220134368e-19	-4.1920150400606187e-32	-3.0788042246464447e-32	-7.3802444318706565e-25	
biceps	eta	1	0	4.5285983091541875e-11	-6.9405279576853148e-10	2.345084563533613e-09	-1.9762581526040318e-09	1.7356226827195554e-09	-4.2666426761794529e-10	-2.0421988187569241e-09	-1.306897783819014e-09	-3.9406590420898517e-23	5.34802875146992e-11	1.0838792914448405e-25	-5.1200269714468422e-11	-7.4726091525492363e-22	-5.3412937427031081e-30	-6.3531933808393681e-29	-8.9777843023795648e-28	-2.7931089262018662e-26	5.9157935411093711e-28	-4.9178145310774109e-29	2.8161338312195232e-28	1.9470607541557336e-28	1.1825956276864975e-27	-8.6946133108193359e-30	-1.0845517825864404e-28	-6.2241494133299891e-29	6.9963737967236427e-28	5.8604083829053381e-26	4.4913886728420972e-26	5.0552115623555422e-27	9.017907390499906e-28	-7.2295853305063091e-29	-3.7436019153758329e-29	-5.0654872603078619e-27	-1.0566997421478236e-28	2.9001532934915649e-28	-5.9900802058075684e-17	-1.465229481659721e-09	-8.8547503608359568e-10	-7.7626372037272592e-10	-8.6014142538005426e-10	-5.9489277273132633e-10	
biceps	eta	2	0	2.8984138981545615e-15	-9.5336416488858203e-14	3.8981761399104706e-13	-3.8604736352620646e-13	7.8745482973735526e-12	-3.3525102537272786e-13	-3.1386811831729798e-13	-4.566373012434823e-13	4.7923523400050016e-27	-6.3824391817458436e-15	1.5672254922451132e-30	-2.5277042960124687e-15	1.6097838170737046e-21	5.5692214010299629e-22	1.2990090853664353e-24	-9.9496879917046634e-23	8.0416777071837031e-23	-7.2160662476083481e-24	-8.647974195045605e-24	-2.2257881866958433e-24	-1.8427987671801534e-24	2.2223548736190967e-23	8.7288233736851154e-23	-6.9093149265573082e-25	-3.8568277021272071e-24	1.9402200873841773e-22	6.3582668189409076e-27	8.2744379351166103e-27	1.6072453179907291e-23	-4.4572572798192967e-24	1.5579695838656635e-26	7.3970565941235126e-24	2.4696335776158352e-23	-2.7527352950824867e-27	-8.6944942709379522e-23	-9.0662744039491715e-22	-5.065047277640311e-13	-2.5854860373237882e-13	-2.5651912686347041e-13	-1.9708283481705587e-13	-2.8952164847487459e-13	
biceps	eta	3	0	7.9645623078723856e-14	-2.7500142309833103e-12	4.61252230854958e-12	-5.6972534174257436e-12	-2.0096400086266256e-11	-2.4900666616471269e-12	-1.6847411475390377e-12	-1.812194175016587e-12	6.1665318590884713e-27	-1.9718277755687238e-14	1.1295579123831138e-31	-3.7193275313220379e-15	3.0997873826839463e-21	-1.1490404627781582e-22	2.1137461202913229e-22	-2.490662201646901e-23	-3.2042866581072643e-23	5.166789211596467e-22	1.9542468690406675e-23	1.5549496639799507e-24	1.5256447095552695e-22	-6.726027881617701e-24	1.5573025551082796e-23	-8.5574003011308288e-28	1.0944014683223178e-26	-1.4191592173501758e-26	7.3197484508192332e-23	1.0451443813744437e-22	1.7428085499828213e-28	-1.3300262927304538e-23	-1.5560794697718666e-22	3.6871388675310099e-22	-1.0832944085739927e-23	-2.488792329895814e-23	7.4233277931613392e-23	-1.1306269564357542e-19	-9.890990639549317e-12	-9.0898775397383655e-12	-1.8359599617976586e-11	-3.1727924877484012e-11	-1.1901305946135885e-10	
biceps	eta	4	0	-1.2036668888082795e-10	-1.1349914610373249e-09	6.2555078925149752e-09	-2.0955098235631863e-09	4.3653724852062331e-09	6.9365190695038279e-10	-1.3614391297826023e-09	-7.9406614656221167e-10	-3.1425267927004357e-23	3.3901181719917088e-11	9.2443458661461356e-26	-8.7190772591906656e-11	-4.458482902924862e-20	-4.1808666079971923e-29	-5.4852780700101645e-28	-7.4481567998648908e-29	2.316695933545492e-28	-7.0763971422410707e-28	-1.3931086649544519e-28	3.9885344000568716e-31	1.7798911917670405e-27	8.1383041690856147e-29	-9.1152322678857918e-29	-1.1706172323696657e-28	4.4844856144642552e-30	-5.6877273477691214e-29	1.2493290449677236e-28	2.3846462218826117e-29	1.7184146457313736e-27	-7.9391748107921429e-29	3.9452465013380765e-29	-1.5375649458334044e-28	1.4476931222225191e-28	-2.3300282959230838e-29	5.2842685529409323e-28	-1.3319071694423965e-15	-1.5973029907048283e-09	-1.1419494964216142e-09	-8.3970880454098646e-10	-9.9990605662928568e-10	-5.5500001570323505e-10	
biceps	eta	5	0	3.5810855074771952e-15	-1.1799582323947871e-13	6.8145378459981658e-13	-4.7750715474526671e-13	3.26830102832286e-14	-4.1458631657295236e-13	-3.8846128183912392e-13	-5.6392108170922166e-13	1.1679307183740684e-26	-1.0418762075637123e-14	4.9436424908577528e-30	-3.1058896403581308e-15	-5.8323033283858369e-26	5.3623493688420836e-30	4.1560608528568339e-30	4.8933143433155339e-31	1.902286649763244e-29	-8.9061501157817359e-31	6.2592542058391037e-30	-4.8876069435752471e-31	6.3524199542798885e-30	1.7999926973623492e-30	1.3519698532397925e-30	1.4165704377953235e-30	-1.077490356317211e-30	-2.9323904791684273e-30	7.1990276899363942e-31	-3.1253713071335772e-30	-1.635612425138049e-31	-2.4761289340045626e-30	1.9458412783471603e-31	-2.8121219858105363e-31	5.2638300193255224e-31	1.0653486940482764e-30	-1.603246673877176e-30	-5.1859748721898669e-21	-5.8749222036548406e-13	-2.9956483347376375e-13	-3.031334496359371e-13	-2.2796195309929448e-13	-3.3463138021769566e-13	
biceps	eta	6	0	8.6791143497133079e-14	-3.174240430031355e-12	6.3787104766464136e-12	-6.6191097399044645e-12	1.37207570468319e-12	-2.9187689355258885e-12	-1.9810819467244692e-12	-2.139817771700858e-12	1.4931064635213593e-26	-2.3317826155402792e-14	5.5696991212017429e-31	-4.4345880389719191e-15	-5.1080934502817001e-26	2.6883091411897828e-30	1.5924694916098463e-30	-2.0154313878228519e-30	3.5491232763068244e-30	1.2785180866476241e-30	-3.4080369147332225e-31	-3.1123741028689438e-31	5.4716690745670389e-30	-1.5417870333290127e-30	3.2968070262978106e-30	-1.4044602044120149e-30	1.0722818786429805e-30	2.5063677114657565e-30	8.205165586508365e-30	6.3997911164459156e-30	3.4559650918425358e-29	3.6969188389302479e-31	1.6736750306950492e-29	3.1299576074542873e-30	-1.7363715192719562e-29	-1.0465815983664074e-30	-2.7257201487123829e-29	-4.9515484524126057e-19	-1.2075902252519876e-11	-1.1204356696733954e-11	-2.292889718493841e-11	-4.0484739598332424e-11	-1.5180516169428028e-10	
biceps	eta	7	0	-5.7167381656886786e-10	-1.3957934171866402e-09	1.3052415491193506e-08	-1.6536244128738508e-10	8.9067749311506534e-09	3.0330777457647978e-09	1.2509065632488608e-09	9.7839565888763724e-10	-1.0338622584677846e-23	-4.3008736561936126e-10	8.920613466825207e-25	-1.652570503247935e-10	-4.3111998091398824e-19	-9.0027239660989228e-28	-9.6035378147075088e-30	9.0443043296760378e-30	-1.6483951817516008e-29	-2.4720803730030658e-29	-3.0130330810242249e-29	1.778478979394211e-30	1.1643862215277392e-28	-9.549014552661136e-31	1.6998882678412066e-29	-3.3153898313409867e-29	2.2210138588606306e-30	2.4328958292278375e-29	2.9587705202023468e-28	1.3947417532605514e-29	7.8098536671469444e-30	1.0605865264651143e-29	-2.4715886181247155e-30	-8.3405173884415918e-31	-6.8213306732532157e-30	9.1231246826402239e-30	-6.6666200251734302e-29	-7.6618436275147095e-15	-1.4225150909140396e-09	-1.2673040777822464e-09	-7.0973626547793201e-10	-1.0259270229039664e-09	-1.6097826183007352e-10	
biceps	eta	8	0	4.4749026711147122e-15	-1.4777074381784599e-13	1.0495188887414312e-12	-5.9787822507350544e-13	1.01006000060622e-11	-5.1876840946707656e-13	-4.8619582768466729e-13	-7.0457976164763367e-13	2.1380238654406546e-26	-1.2995833174618925e-14	8.7676305622182954e-30	-3.8588729211518913e-15	-3.4714451554078257e-26	-1.3500776511127428e-30	2.8398041647315167e-29	1.0854788889695815e-30	5.6519445337631766e-30	4.4590374773508412e-29	2.3411350200640253e-29	2.035226306429206e-29	5.3436483780532111e-29	1.1525076248698754e-29	-6.4393358833637233e-29	1.4803617140799142e-28	8.9531366448447315e-30	1.7803366684083744e-29	-1.2252566277503435e-28	1.661542418337769e-29	1.5434215625188724e-30	-6.3430967699952029e-31	-1.8939948839092658e-30	5.887000373380987e-30	-7.1828368946313751e-30	-5.5646939240834487e-30	-2.5640180972914123e-29	-1.480225196408355e-20	-6.8526740959776663e-13	-3.4901528628159029e-13	-3.5284244981784411e-13	-2.6510387557701388e-13	-3.8882341990901656e-13	
biceps	eta	9	0	9.3536345220761191e-14	-3.6773145474597942e-12	8.3081242132104277e-12	-7.7293059361339395e-12	-4.886161703399329e-12	-3.4427339839167538e-12	-2.3422459211920305e-12	-2.5447234939026074e-12	2.7147273709572807e-26	-2.795991042297994e-14	1.0838351317971456e-30	-5.3296165785007137e-15	-4.2017875411222815e-27	-6.1718442174223515e-27	-7.37101261694699e-24	1.2506771859902901e-27	-5.0851974130871688e-29	2.8324237553334663e-29	-1.2700725015270018e-30	2.5086596667399098e-30	-4.2690952345997909e-30	1.4119740873158393e-29	1.6600638071792447e-30	-4.1801217794241189e-31	-1.253441862637342e-30	3.0725553326010908e-31	2.806303107195848e-31	7.7627792286877118e-31	-3.075253977698721e-31	2.4466327397036887e-30	7.9409426046262004e-31	-1.3087857196298253e-30	-1.1641024765319812e-30	4.5796547460827335e-31	4.1768762364742258e-30	-1.3064138608082053e-18	-1.4894075817530142e-11	-1.3962307118179779e-11	-2.8996684526613676e-11	-5.2337661956233678e-11	-1.9307657487797438e-10	
biceps	eta	10	0	-3.3569609411274505e-10	-6.4721114428500526e-10	2.5938545405351848e-08	4.7840196611699017e-09	1.7101034892121973e-08	7.857201922675342e-09	6.6640028860473973e-09	4.7485393332217295e-09	-1.117340689733425e-21	-9.0729290341954663e-10	2.4818994578897037e-23	-3.0113470206059668e-10	-2.8616389499021969e-18	-2.0726037707874039e-26	-4.9168205162217197e-30	4.1079873443792321e-29	6.4569826689761691e-29	-3.2221619739345132e-29	-1.4837446922872012e-28	2.6664581486186637e-28	-6.0215207065596224e-29	-1.4578612933296354e-28	5.524380375989302e-29	5.069547510856839e-29	3.5893586528804011e-28	2.3325747557494622e-28	-9.1179434871530905e-29	-1.0461974767896336e-28	6.1782018640511272e-28	6.0992414279306694e-30	3.4756394779013046e-30	2.0016286059150905e-29	1.8688812294024009e-29	-3.7239245611897382e-30	-8.7261231401892273e-30	-3.391338396502885e-14	-6.9055920127763287e-10	-1.0216933456572388e-09	-1.9961615339964717e-10	-7.9283447126215343e-10	9.1381532235591408e-10	
biceps	eta	11	0	5.6628500698915388e-15	-1.8750428440620174e-13	1.4715038212758525e-12	-7.5782869102774968e-13	-6.8531302232970557e-12	-6.5771698996049198e-13	-6.1626499566983965e-13	-8.9185283786764392e-13	3.473717256815242e-26	-1.642190324757685e-14	1.3723255948448783e-29	-4.8539143618705296e-15	-2.4555195123411644e-27	7.341863119141035e-30	4.5670221510104089e-30	-8.5186926935863636e-30	-1.1828539722416418e-29	9.7256377940703962e-29	2.0896963552993854e-29	-3.1366519389963367e-29	3.2177332618977249e-30	-1.4500356521127769e-29	1.1137323836776612e-29	8.8958690202755986e-29	-1.6174808357039167e-28	-2.7718555562377239e-29	2.4044119333448636e-29	7.9003854626194305e-29	1.4613180493465885e-28	2.5264291343598189e-28	1.8704805414152634e-28	-1.3019694274495504e-29	5.0946386917996599e-29	-6.3165002715177235e-31	-2.1406429030598515e-29	-3.2702923580469438e-20	-8.0416613066290511e-13	-4.0906042509984648e-13	-4.1312733339672877e-13	-3.1008843549390466e-13	-4.5436763708772939e-13	
biceps	eta	12	0	9.9599639961877206e-14	-4.2756940299063865e-12	1.055304550340723e-11	-9.0739547135507977e-12	1.5037330724136401e-11	-4.0881203447687979e-12	-2.7859201784431268e-12	-3.0497776003788804e-12	4.3859919069469834e-26	-3.3820179293202736e-14	1.6079107623202935e-30	-6.4612170980149012e-15	4.1488325421129243e-26	1.4055849334538502e-26	7.7998739529177309e-24	4.2491618521110337e-27	7.1558520942124205e-28	-2.1478467769026146e-29	1.1978814645463098e-29	-4.6950830207937119e-29	6.8917527708039161e-29	1.865031013105227e-30	2.7490305350252644e-30	3.658334759041728e-30	9.6357455563709654e-30	8.4571113251529057e-31	3.7331798449980852e-31	4.0551376581622523e-30	-4.1217521256570971e-31	-1.6209397032745656e-30	2.0126081270121819e-31	2.2406906419750867e-30	3.7278806047259986e-31	-2.3181699771591118e-31	-8.7502762804958735e-30	-2.7917096892052509e-18	-1.8576488411696784e-11	-1.7608455145200807e-11	-3.7141828678073471e-11	-6.8578501036965556e-11	-2.4212202517715739e-10	
biceps	eta	13	0	3.2615335161181352e-09	2.4879387192183049e-09	5.5511312373146276e-08	1.6170868786074399e-08	3.4255395590841574e-08	1.8631301713807459e-08	1.8280946919686966e-08	1.285296138042945e-08	-1.3410529176524922e-20	-1.2328299916838046e-10	1.6926515449041614e-23	-3.4941585894266794e-10	-1.0801170101375612e-17	-2.1994251556774023e-25	-1.5605450022875123e-29	2.2473666890593612e-29	3.1944380977612794e-28	1.7398766130703987e-27	2.5721923452639327e-28	-1.9391408792191042e-28	-1.3967887787782804e-28	1.2688685210385753e-27	5.7521466525998034e-31	2.6594449278820569e-29	1.1980346395429196e-28	1.2373138564493101e-28	-1.3510020434023167e-29	7.3559516020491589e-29	-4.8158716869276001e-29	4.9737245816129416e-28	1.1751611636583613e-28	6.0036566267134914e-29	1.5138989355601775e-30	5.0165174815238671e-30	-4.3033762708421973e-30	-1.371761109155729e-13	9.251823504370833e-10	1.178518221044486e-10	9.8170730417821116e-10	-5.8179124562088133e-11	3.22089286531659e-09	
biceps	eta	14	0	7.2601967231446281e-15	-2.4144947727809958e-13	1.9345692147599405e-12	-9.7661429414387719e-13	-1.7922860903529245e-13	-8.4627325633867983e-13	-7.9248539754188393e-13	-1.145497951833258e-12	5.2547932722974506e-26	-2.1056483491923913e-14	1.9684985632994393e-29	-6.190411734072993e-15	3.601720160560531e-26	3.816104896340016e-30	-2.3178746859922878e-30	-7.6158410099944459e-31	7.0575057933532558e-29	-9.2938132344180012e-29	4.6707541854440644e-30	-3.3488914740095239e-30	3.6454119131626106e-31	1.7599099053114076e-29	3.6313362320955418e-29	-9.5222430253714297e-30	2.2850449501405292e-30	-3.2027643757725669e-30	1.1375425904518772e-29	3.8514033115378573e-31	-6.4093631937488947e-30	6.8469424082202162e-30	6.8812482348709062e-30	1.6721819978917378e-30	-4.3318724500154356e-30	1.9296252807170971e-30	-1.0485288682260432e-29	-6.3304451150460595e-20	-9.498822191484719e-13	-4.8253156924352174e-13	-4.8678065253980702e-13	-3.649776555133747e-13	-5.3421884177268398e-13	
biceps	eta	15	0	1.0101611287341841e-13	-4.9893504723155253e-12	1.2184950395699919e-11	-1.0713851483989497e-11	2.308710696404658e-12	-4.8896292278655641e-12	-3.3379145039660415e-12	-3.6859505603820577e-12	6.6244331048718074e-26	-4.1307126025178398e-14	2.9366820533259621e-30	-7.9081744449542059e-15	6.8003238787205335e-26	-1.3546116515183144e-30	6.5346280726122938e-30	1.8827416592880395e-29	1.4458868278402484e-30	7.3875543373570035e-29	3.6146059809474116e-30	1.2694898469395502e-29	1.420379692997538e-30	-3.9621402094563401e-30	1.4140203987911883e-29	-1.3193487176343008e-29	2.9323701667112981e-29	-7.671298016378533e-30	4.2751984045065029e-29	-9.8398766877399258e-30	-3.4915343773450278e-29	-3.5158649291286424e-30	2.5604569768796307e-28	-9.0876213930795501e-29	-3.0136685289983422e-29	-2.5311288292928293e-29	1.8803077108865468e-28	-5.3262247948515142e-18	-2.3456894637720056e-11	-2.2499515164729514e-11	-4.8225668174910886e-11	-9.1058098653104337e-11	-2.9411006124850008e-10	
biceps	eta	16	0	2.0194583993543766e-08	9.1150084700073213e-09	1.5677293868172664e-07	4.8785785009432041e-08	8.6222055190097093e-08	4.7177033850878702e-08	5.1210303856013357e-08	3.4308431382561736e-08	-1.522960600004777e-19	4.1227692039861428e-09	-2.9717198582336222e-21	-3.1180303097425596e-10	-2.9706248041689217e-17	-1.5067924532068667e-24	-3.3249809998613342e-29	2.8627352170260408e-30	4.5540781764938014e-29	2.2421277978411911e-29	3.0587059424039983e-29	-2.3832943423868447e-29	1.5006723398533829e-28	-6.3117059114325056e-29	-3.1944276917116011e-29	2.1671055377945964e-28	-3.8604961633148799e-29	4.9302785105657725e-29	3.5344496947272851e-28	-5.5364199720380818e-29	4.2840203338518141e-28	4.0672669944492532e-29	3.6461665298609687e-29	-1.6191852588987662e-29	-5.7249572532658234e-30	-1.0531748370510186e-29	-1.2726571851502456e-29	-4.885084390535698e-13	4.0826712565167699e-09	2.9729812239175471e-09	3.4084802154838854e-09	1.6606595209771181e-09	8.0117322380020933e-09	
biceps	eta	17	0	9.4400055019740812e-15	-3.1611985001751891e-13	2.4570279452589712e-12	-1.2785935880669004e-12	-3.0126465772580364e-13	-1.1071673597015326e-12	-1.036193505746575e-12	-1.4957142915695383e-12	7.5019292350306064e-26	-2.7450618198515296e-14	2.6014042820081565e-29	-8.0186441435220128e-15	6.9378067128012944e-26	-2.6444356752856637e-29	5.3916189567766121e-30	-1.4231717801462115e-29	7.6285830138291988e-29	8.5472443615362077e-29	1.8942210218026699e-29	1.5571654034026263e-29	2.279318234760168e-29	4.3599278786709436e-29	1.2691833578467944e-31	2.4721719912116528e-29	1.2681792453150877e-29	5.2779358449052101e-30	8.8039025333646768e-30	-7.7285405509093697e-30	3.3289422269279715e-29	-1.8708063104024577e-29	2.7028295339385609e-30	-8.5227142260846996e-30	-1.0541473225189831e-30	7.2431737663656421e-31	6.3092318989894961e-31	-1.1321384714538949e-19	-1.1299739005390787e-12	-5.7317849201375004e-13	-5.775163819568038e-13	-4.3249022724900204e-13	-6.3226130119630927e-13	
biceps	eta	18	0	9.3645700315315001e-14	-5.8422341227387037e-12	1.4041609957553146e-11	-1.2725232210870932e-11	2.7723209709666288e-12	-5.8941766448389527e-12	-4.0358176099457473e-12	-4.4957147097244196e-12	9.5386409038977315e-26	-5.0996509292054736e-14	4.3502484286643549e-30	-9.7814473982513242e-15	4.1533432048577754e-26	4.1949840245673421e-29	-2.2938929886316212e-31	-8.5750843211537066e-31	-6.3251393633161253e-30	2.3674782107973038e-29	2.8361174577754043e-29	6.801426276089304e-30	8.0664066361485029e-30	-2.5233143678776331e-30	7.7375202189571739e-31	1.6106008525560243e-29	1.73112627803288e-29	2.8370863592009012e-29	-5.5229241653578916e-31	-5.4005220215662536e-29	-2.7257853462461646e-29	8.1927057311060906e-30	4.017532553861883e-28	1.7935117372715812e-28	6.916723627559059e-30	-7.0147062577354028e-29	5.1974826674015782e-28	-9.4859078848974922e-18	-3.002611036782139e-11	-2.9163318010791678e-11	-6.3505199490202039e-11	-1.223475410140943e-10	-3.4000670094703141e-10	
biceps	eta	19	0	0.00063375196050065069	3.018650696456363e-07	1.5059689461078072e-06	2.0297631930876593e-07	6.5738930554701928e-07	1.815991988207378e-07	1.7119999283397807e-07	1.4850567388582713e-07	-4.5027851786890899e-18	2.2387957458678014e-08	-1.5547990438099814e-19	2.0333333888048047e-10	5.3385824542762639e-17	5.6411441579036081e-24	-1.0484280976072018e-29	2.043219095364875e-28	-2.3083430309644579e-28	1.3058557721023683e-28	2.686738414554665e-29	4.0229123193421144e-29	-6.9788646806188121e-29	-3.3399708733515237e-30	-2.2846760121530143e-29	1.0003533352776496e-28	1.8233944781161877e-27	7.2922480154279524e-31	2.0703272828473518e-27	1.6983352118257491e-29	2.0333725761262575e-28	2.216575561137807e-27	1.1831689996330941e-30	-1.8545490071788826e-29	-2.2375545143340248e-29	1.084264206112773e-28	3.0508098521919512e-29	-7.7746801720635353e-14	1.0462466018493073e-08	8.3038368658160155e-09	8.4979265270532521e-09	5.5786648970385683e-09	1.8974342501579617e-08	
biceps	eta	20	0	1.2491622034241464e-14	-4.2175960232705332e-13	2.9720425629936327e-12	-1.6971614970499145e-12	4.7446184514688756e-12	-1.4762710771129137e-12	-1.381116003386827e-12	-1.9898971058869149e-12	1.0021482942460882e-25	-3.2621417156529171e-14	2.726079808347895e-29	-1.0571678213854449e-14	6.2827166500270678e-26	-7.0295666148106088e-29	1.8569364507570018e-28	-2.86157829379959e-28	3.2619474398433744e-28	-1.5264761667627263e-28	2.3200948370841824e-28	1.5004548216279954e-28	4.3513005699112288e-28	1.0111614399487878e-27	1.2788792564622865e-28	3.0772915592466396e-27	-9.6593683636121224e-28	-1.1689433808367375e-27	-1.2919594623830133e-27	-1.6121644863441665e-28	-3.375382919146366e-28	-6.1020116366159921e-29	-2.0643825742288157e-28	4.6066077906475881e-29	2.1810620103036703e-30	3.5797993916682496e-30	2.4285073751299323e-29	-1.9229211345311814e-19	-1.3545926981130727e-12	-6.860241126761829e-13	-6.9028191158158542e-13	-5.1624966847301905e-13	-7.5365485024991911e-13	
biceps	eta	21	0	8.3846943809077118e-14	-6.862746718151498e-12	1.6313511959236466e-11	-1.5209864481426966e-11	4.7402618313252223e-11	-7.1654314945245286e-12	-4.9326559308361181e-12	-5.5378692975425632e-12	1.3167856511827635e-25	-5.778343871511514e-14	5.4425757078100329e-30	-1.223980626943879e-14	-1.1040747820643021e-25	-2.0248976040099578e-25	8.9753529570548121e-23	2.6362258206474563e-25	6.7065252334701445e-27	-2.5982290967655468e-29	-4.1885122390688354e-28	7.9055768252691774e-29	1.3657414619369058e-28	2.0876028570576803e-30	1.6086600347840751e-29	-3.8376278620557116e-31	7.1215925383570362e-30	1.5215875720262543e-30	-2.1640140714042979e-30	-1.4571529132783383e-30	7.6134949461751801e-30	1.2388776711424737e-30	2.571880193630211e-30	-5.7666739278027388e-30	1.3578517363747758e-30	2.2038495702761127e-30	9.7802009608063115e-31	-1.6155136607359254e-17	-3.9019465363603536e-11	-3.8391326865798611e-11	-8.479715105923603e-11	-1.6578960957748338e-10	-3.8270172015069891e-10	
biceps	eta	22	0	0.0068095703386734886	0.0060397871751885941	0.0048211724160703295	0.0037274926373860253	0.0027531523973375778	0.0019284012960800209	0.0012154925814002926	0.00069202344966632799	0.00020356034139732565	9.7854210768407693e-07	-4.5041765405720082e-15	8.5152127073605182e-10	4.3552897562489181e-16	7.1423503936299926e-23	-2.1606156832720459e-28	8.2144556999030244e-28	-2.0306036220786668e-28	-5.8234320873228002e-29	1.9210488868658093e-28	2.1726218397925703e-28	-4.2769172105556663e-29	3.2513426105081187e-29	-9.6029555751573511e-29	-3.2972011747873807e-28	9.1543869980018248e-28	3.5076658063311774e-28	3.7267526534741038e-28	2.8994968410472908e-28	3.2977367408155226e-27	1.960419965260775e-27	-1.0603625891358398e-28	6.4847583682524353e-29	-9.0303726776624093e-29	1.7081883405276807e-29	3.7196634170816291e-29	5.7573324862073903e-11	2.3775933911411815e-08	1.9624164885195795e-08	2.0586568844193553e-08	1.5782358672225071e-08	5.1437865238279064e-08	
biceps	eta	23	0	1.6804983491595581e-14	-5.7491045233673401e-13	3.9455479092518232e-12	-2.3266197123912014e-12	-6.78133301926836e-13	-2.0119257597184528e-12	-1.883950335146111e-12	-2.7048205395560306e-12	1.199497341867597e-25	-4.9539803498867862e-14	2.7001898932173619e-29	-1.4220857517582803e-14	-7.8022302082765761e-26	8.3241511252570392e-28	3.2129526279978858e-28	3.24146546367594e-28	2.4771999389978542e-28	2.3065537242005427e-28	-2.6453273448154801e-28	1.4858270251308938e-27	2.7647906972191638e-28	4.0737484603949715e-28	9.7127761047414455e-28	-7.728762530256447e-29	3.1903203930341204e-27	-1.9650444943629471e-27	-2.627755404289898e-27	3.6303287423587312e-28	2.3745816978688681e-27	1.7793462747149337e-27	1.0674334617045966e-28	-2.2732909647373753e-28	6.2937881635225646e-28	-7.7699602887210592e-29	-3.0266214037884699e-30	-3.1524433855831565e-19	-1.6375466237425264e-12	-8.2787971556555088e-13	-8.3177408753277565e-13	-6.2114215758257762e-13	-9.053307062992287e-13	
biceps	eta	24	0	6.174940273536943e-14	-8.084940350363326e-12	1.9298535349197929e-11	-1.8295761658273808e-11	4.283978333613243e-12	-8.7934323767477981e-12	-6.1216150760770925e-12	-6.8963517243146873e-12	1.734169352277916e-25	-8.0665694012544659e-14	7.4369182949405491e-30	-1.5511188526452663e-14	-5.3491766055990616e-25	4.088058619056385e-26	-2.8513502361929494e-25	2.1547228814699515e-25	1.3889689629762712e-26	-1.3638818250307108e-27	-2.6752237181073802e-29	3.8294172595058428e-28	1.1538516061819365e-29	-6.9614770466502996e-31	-2.5660852810817179e-29	1.2542521018621745e-28	8.5886611611152182e-29	1.4087919780598073e-29	5.9612404878256483e-29	-4.6051109853071533e-30	1.1114102382815309e-29	1.1474216696658595e-30	-6.0641835208474968e-30	2.0711979857564032e-30	4.4085654845791473e-31	-1.1744879664103031e-30	6.5496085624239462e-30	-2.6688163622566799e-17	-5.1561557657553452e-11	-5.1381225645156873e-11	-1.1461375149592835e-10	-2.2532814027258964e-10	-4.7014152899970836e-10	
biceps	eta	25	0	0.0067024602954598219	0.0064360752847333448	0.0061893963656648029	0.0059636371801361273	0.0057608323868843653	0.0055872308020924683	0.005435768882519316	0.0053216381926128719	0.005220391484499598	0.0044110676554070891	0.001844991012683344	9.887443755423879e-10	5.5584284169386448e-16	9.7632921605535678e-23	-8.0050422355195926e-29	1.9894514794414275e-28	2.1301238340568793e-27	-2.6039199207897528e-28	1.0161168376397412e-28	-1.5648790754029255e-27	5.3609810658609225e-29	9.4025593005098436e-29	-1.2532187352073746e-28	2.2228533469164268e-28	1.2525085491210611e-28	-6.1260465793010106e-28	-1.078603041521203e-28	1.2435925678983266e-28	2.3983191717481185e-29	1.4857667507838624e-28	-3.7942698967982845e-29	1.2298496092119076e-29	2.9547861607670545e-29	4.195389625493017e-29	-9.9498366616110662e-29	1.5274725695763892e-09	6.0610465011842478e-08	5.4911916647104077e-08	5.8683653118869067e-08	5.8672975997727812e-08	2.3566932828137258e-07	
biceps	eta	26	0	2.3128236546492102e-14	-8.053218037324258e-13	5.0377646789107799e-12	-3.258717433813938e-12	-9.2723995879448246e-13	-2.8128970708647599e-12	-2.650495746139374e-12	-3.7728921714302554e-12	9.8056017572090238e-26	-6.9057736650317911e-14	-2.0459676659112852e-31	-1.9578557975699472e-14	-6.0137385208770909e-25	-1.1541126917952884e-28	-1.4995688046393311e-28	2.1239226156126327e-28	-8.4598912950776424e-30	1.3854766053501289e-28	-5.4338428961307193e-30	-9.4376442842335188e-29	-4.7957284106872399e-29	-9.6296060743842215e-29	6.9079118579574653e-28	8.3739791879630431e-29	-4.6595003911113792e-29	2.0638217146776966e-28	-7.128255272428183e-29	1.9518557513514928e-28	1.2038778677366683e-28	3.1654335156345309e-29	2.1277496628932574e-29	2.5568906837173286e-30	3.522565346868314e-29	2.6574531404966257e-29	8.5243977214409377e-31	-5.0439737640078559e-19	-1.997841552512795e-12	-1.0081043974810592e-12	-1.011167827441717e-12	-7.5384071040062899e-13	-1.0967079532554787e-12	
biceps	eta	27	0	2.0593648835086252e-14	-9.660833919869016e-12	2.1878506485453002e-11	-2.2322442553208759e-11	5.9333042309486397e-12	-1.0927490636792044e-11	-7.867205945655e-12	-8.7287984674886286e-12	4.3389411302568121e-26	-1.0365939807281785e-13	2.5872611853688935e-30	-1.9936347310829697e-14	-1.5285888914370829e-24	-2.0415021116006803e-29	-3.6079461110985232e-30	-4.8375710596631392e-29	1.2880378052006454e-28	-2.969305607442579e-29	-2.270412072472663e-29	6.6058544296641952e-29	-3.688797903780255e-29	-7.3966071881856308e-29	8.985308286236481e-31	6.4151740342797713e-30	1.0077337116535077e-30	1.1704682246464763e-28	1.5589085452700051e-27	9.5272390002615332e-28	1.3119693575692504e-27	-8.5245983252377928e-29	1.0941830861810565e-28	2.658250965577915e-27	7.7119737121039713e-27	1.4126043110879758e-26	-1.7896428470500692e-27	-4.3159609134698243e-17	-6.9399276621396736e-11	-6.9946158475763857e-11	-1.5611956490829062e-10	-3.0608246829124931e-10	-5.971210669186783e-10	
biceps	eta	28	0	0.0067950954712017592	0.0065238776369063471	0.0062701962206275445	0.0060386346333762544	0.0058269547349798856	0.0056485623500451597	0.0054913991386441527	0.0042543846760843343	0.0018254464936975504	2.8080285752628297e-07	-1.3048898905737794e-16	4.2135985029606845e-10	1.6405688793355314e-16	2.2565949700160827e-23	-5.4974882458858586e-28	-1.3784062945941559e-28	6.6291154014316458e-28	1.4375469310522451e-27	3.5527238866288125e-27	1.4661660047058591e-28	2.9044838346250349e-28	1.9782671998653563e-28	2.4871565529615915e-29	-1.7600137138089461e-27	1.7432142068312519e-28	2.0725965308797387e-27	9.1613233055615743e-29	-9.3019255952856515e-29	2.5108511073515887e-28	1.8262094002496673e-27	-1.8200970256041309e-28	5.5180436585805395e-27	-1.2321318423467687e-27	1.1239772418511188e-28	-4.2495696931087781e-29	5.2593460689310675e-08	1.7687643212974343e-07	2.4251490692151115e-07	4.7118210348493125e-07	0.00027254388719815358	0.0021272919310557597	
biceps	eta	29	0	3.2517458694724518e-14	-1.1656693736190598e-12	6.6683431632808981e-12	-4.7119583018612277e-12	2.2156193695952942e-12	-4.0615277399640938e-12	-3.8259638179083417e-12	-5.4241902040781873e-12	-2.5724683919110722e-26	-1.0138929181453634e-13	-1.1907644775908817e-28	-2.7727217912359808e-14	-2.1625819412737806e-24	2.5820405463718907e-27	4.0416613764782104e-28	-6.8561336311744694e-29	1.1062370323288443e-28	4.3635018342643054e-29	1.0222984683848593e-27	2.1995377505982151e-29	-6.0760313791464787e-30	4.7556177722221529e-29	-2.9734388816495824e-28	4.7356442074390241e-29	-1.3797627231376704e-28	-1.1908121242634003e-28	3.1300459967663357e-28	-1.786666181322689e-30	5.4758853029790954e-30	-1.6088767464465224e-28	9.0634191791533643e-29	9.423301546659042e-29	5.8966474310840293e-29	1.122778598751507e-28	-2.3263420473763425e-29	-7.9878070832585474e-19	-2.4620868332534788e-12	-1.2397421215803537e-12	-1.2494813653264437e-12	-9.2358618521698749e-13	-1.3407028742142497e-12	
biceps	eta	30	0	-5.5408714161319283e-14	-1.1756928699323283e-11	2.7130319216889365e-11	-2.7795108630562512e-11	-3.8377230292288597e-11	-1.3881046255827064e-11	-1.0103458290644386e-11	-1.1266584197941696e-11	-9.8599011179122865e-26	-1.3783914361204487e-13	-3.4367077841318513e-29	-2.6163619738440271e-14	-3.7054028735616349e-24	1.7546870049405298e-29	-4.2281800874402693e-29	-2.483072855546913e-29	1.1168852376504976e-29	4.2492780780811769e-28	1.3182157708488713e-28	3.543230446441927e-28	8.0434769075715012e-29	8.1500688757815484e-28	-7.7481066086491557e-29	-9.3410198888269451e-29	-4.2974500522311435e-29	1.137050503384175e-27	1.6873097935595791e-28	7.5846160856902187e-29	4.5726310060641121e-28	8.7173534973730498e-29	9.1459049731112867e-30	3.4797584751569513e-27	1.4194761897754128e-27	2.5162192907406182e-26	-3.9708400312891123e-28	-6.9062983779067983e-17	-9.5296854185372574e-11	-9.6774510955140243e-11	-2.1184745289066564e-10	-4.223041073559627e-10	-3.7746076595390143e-10	
biceps	eta	31	0	0.0051052061427778904	0.0037168879424374713	0.0026595121985327997	0.0019172531706809217	0.0014756574833700476	0.0012048850416736957	0.0011391258972947749	5.6835743185019131e-07	-5.2982610912320454e-15	1.9748325604472232e-08	-1.1201441031025033e-19	-2.1314969571775353e-10	-4.4506641467106374e-17	-4.0211226429215832e-24	3.368773017476797e-29	-3.8929933427100263e-28	-9.3346954002601889e-29	-1.9627546077514e-28	1.5750540032847216e-27	-5.2444936649484053e-28	2.5007653762942405e-28	6.8739413546605999e-28	-1.0724515965448429e-29	-1.8469843857489133e-28	6.4593217758277557e-27	-5.4760068052697906e-28	-4.9141736927348183e-28	-1.359641771641804e-28	4.8613924521212538e-27	-4.2907157836936291e-28	2.9058971101250131e-28	2.9021067726975025e-27	6.2486762189997696e-29	2.8906688617158862e-28	1.2842224454635828e-28	0.00037703439532928856	0.002226283689777237	0.0023626497195976008	0.0026218040477745739	0.0034485591934438325	0.0037568082335250413	
biceps	eta	32	0	4.6592465701524522e-14	-1.7553227548569584e-12	9.0544814818671178e-12	-7.081264735505758e-12	-1.4788354447133877e-12	-6.0917717570641113e-12	-5.6997025683108044e-12	-8.09191448588999e-12	-5.4586742268811454e-25	-1.301269575474409e-13	-4.4121939792103152e-28	-4.0572939724795736e-14	-6.5432699565615781e-24	9.7939897244739013e-27	1.4002843591627481e-26	1.3508850134809819e-27	4.2911842231937818e-26	6.425661415284583e-27	-3.9730966224858635e-27	2.859369102801794e-25	3.0267733681825118e-25	8.9998016489880858e-27	1.6624417639103049e-25	1.6910858141079917e-26	1.0396799210719055e-25	5.7356768218650797e-28	5.9998651377495893e-26	4.7511945777622195e-25	5.7203507549247247e-26	-3.2475757594601635e-26	1.359629741795112e-26	2.381345854043555e-27	-3.7102469941673981e-27	1.0806751989365136e-26	1.9356930837639172e-27	-1.3961924978455008e-18	-3.0677764797103231e-12	-1.541203639753445e-12	-1.5397375794485911e-12	-1.1438703448165792e-12	-1.6572880602992143e-12	
biceps	eta	33	0	-2.0423812964396611e-13	-1.4605094147789549e-11	3.3565384845436687e-11	-3.5335145146458996e-11	1.2044561175059109e-11	-1.8126175631194334e-11	-1.3029035970418256e-11	-1.4897499758929842e-11	-8.6872188607352225e-26	-1.8454963645267731e-13	-3.2989421332572882e-28	-3.4991579448050386e-14	-8.3569453954996644e-24	1.6171153490352523e-24	-1.1320260035379398e-22	3.2458078787185602e-25	-1.1181630559595561e-25	-2.5291088273300954e-26	1.469371276040813e-28	1.0842052301138589e-26	4.8504308334567277e-27	4.9569915012941446e-28	1.3911600350554864e-27	1.0243391813579994e-28	1.6403196510236475e-28	6.4026439258328577e-28	1.3262576700102334e-29	-1.3005018628116905e-29	-3.0210479734961641e-29	-1.1605685875554996e-28	2.155537198161707e-28	-2.1435799856921626e-29	3.6203621802000248e-30	8.311793290300389e-29	8.6840951475938272e-30	-1.2167882176331342e-16	-1.3360026073406376e-10	-1.3552317784651142e-10	-2.80174425849547e-10	-6.2388417376166234e-10	1.0196581242681693e-09	
biceps	eta	34	0	8.2880070197221802e-08	5.2904252243354388e-08	3.9255799653431002e-07	1.2621226946134088e-07	3.0264493688412158e-07	1.6165737964580624e-07	1.2438269146280491e-07	7.3829314465517098e-08	-1.9661459391886595e-17	3.3266238936687942e-09	5.3670741123579919e-22	-3.4639356632187157e-10	-3.73527617352881e-17	-2.0831389216451999e-24	1.127137792189231e-28	-1.1435401212948163e-28	-7.0923753729705217e-29	1.3820718755126935e-27	7.2539383745783997e-28	5.3700374349107136e-28	2.4844447189289466e-28	1.7672361158706275e-28	-5.240949936671214e-29	-1.627166831282597e-26	1.2559473436666941e-26	1.9444631747780401e-28	1.6797388505385735e-28	3.282850592563401e-26	1.7650040085797282e-26	1.5227274762375665e-26	1.8035161847239558e-28	1.613414914937328e-27	-3.848496824440301e-27	-1.8154450711458906e-29	4.9116464964834511e-28	4.9925863212486526e-08	0.0010392507620155848	0.0031914346907052416	0.0032297288656273509	0.0033888856487609598	0.0036804414394857711	
biceps	eta	35	0	6.7157388473797159e-14	-2.7726693677979591e-12	1.2645403512631916e-11	-1.1156486277789054e-11	-1.7356242810367773e-12	-9.5721129763822719e-12	-8.9304310229398624e-12	-1.2617007706829745e-11	-2.3917261655768062e-24	-2.3448815652008627e-13	-1.7432732077175949e-27	-6.1783170575832956e-14	-1.8832436991977528e-23	-1.9829378573404022e-27	4.7072105148922293e-26	2.2580654126186149e-25	1.0620724394436192e-26	5.1473631613759666e-25	5.7964827348833324e-25	-4.1043390082469249e-25	-3.5346631137036099e-28	-9.7907057363855783e-25	2.1677135346517923e-24	-1.2052868655478594e-26	7.5365632198815935e-25	1.5783424386064052e-24	9.5881889954751794e-25	1.789123851962359e-24	2.5819441678885988e-26	-2.6506380361443905e-26	-2.5961066935645646e-27	-4.8784988558463634e-27	3.8693954533959704e-26	-6.07355308803658e-28	1.2472634919595395e-27	-1.6009655557222255e-18	-3.8754852513038436e-12	-1.9415570761466525e-12	-1.9351901922382162e-12	-1.4352103804973465e-12	-2.0750053933184319e-12	
biceps	eta	36	0	-4.6244072721695088e-13	-1.8417297626561445e-11	4.0541742588226881e-11	-4.5811267803754479e-11	1.6616722248811945e-11	-2.4114881568508544e-11	-1.7474633920549398e-11	-2.0108607911326704e-11	-1.6891013158432595e-24	-2.0957193037497376e-13	-1.0818569128547683e-27	-4.7879881176152447e-14	-1.8158363079919343e-23	9.9799305024139368e-24	4.6831161134429859e-23	1.3659297797483138e-24	2.6850623479453848e-25	7.5410376687053403e-26	-5.6432135111967315e-27	-5.9297654526260242e-27	-5.7957183916297082e-27	-3.0689039594811969e-28	6.9561917715963206e-29	2.4675478156285503e-27	1.7378615927846792e-28	9.2667143661149573e-28	-6.9381154698801548e-29	-6.4300217564836354e-29	-8.9074521268089039e-29	-1.4007823817481239e-28	2.6182513051073904e-29	-5.7501896042861703e-30	-4.9474672550287908e-29	2.4234766475224348e-28	3.2856787645772456e-28	-1.4128158252778754e-16	-1.9053559800374873e-10	-1.9052530605441955e-10	-3.6342102141652546e-10	-9.4181838536446209e-10	4.9369249136611962e-09	
biceps	eta	37	0	1.0288002236089834e-08	7.6622455583986567e-09	9.4541867242533956e-08	3.3269738090725972e-08	7.3260830503848657e-08	4.1434784928568773e-08	4.8214937868198893e-08	2.3438919825145139e-08	2.6270293082024611e-19	-3.6155861326004613e-10	-2.233588497879644e-22	-2.8873426193062657e-10	-1.6779493718444519e-17	-5.7619070380453338e-25	5.3248461069715767e-26	3.3351606100801083e-28	-6.6635863770319155e-28	1.3452671179992712e-27	2.5304112927662923e-28	2.8401619584784049e-28	-5.5933579057931916e-28	-4.5090890813522574e-29	1.0389683163525789e-28	-4.4764497287239472e-29	2.7442874112020433e-26	1.6995325174999674e-28	1.7738657449875581e-27	2.2500877784245034e-28	1.2047468679809645e-27	4.0717369908718229e-26	1.8708978337813144e-28	-1.1422001723407176e-26	2.8220468545642748e-28	1.574383664400016e-28	3.5520853734225026e-28	2.5003268492794645e-10	1.1743367095525749e-07	0.00096684666999301218	0.0032197415739798237	0.0033736437669485294	0.003658419384997987	
biceps	eta	38	0	9.2839943955790666e-14	-4.6435069673273672e-12	1.8512514113228889e-11	-1.862225389559732e-11	-1.8928033677370502e-12	-1.5934426512222714e-11	-1.4831309614366843e-11	-2.077779846318043e-11	-8.8366079155472543e-24	-4.1968833617516852e-13	-6.2134900755855153e-27	-9.886538314867104e-14	-5.454499185162495e-23	5.5661015414074258e-27	-9.7410816911748366e-29	1.3768508764465008e-26	-2.5138647728903438e-28	5.2949933698517053e-28	1.2688562689016376e-27	-6.0631836499557755e-28	3.3636623575823118e-27	9.1808786560737955e-29	3.0353039012024637e-27	1.5558373058801583e-27	2.0685986352972983e-27	2.3034751865247445e-27	1.0613301097152746e-28	3.0199322735532317e-28	1.2074092944763812e-28	-1.0822953727876067e-28	-4.3439881008139923e-28	1.6790612685695521e-27	-1.0467683979247024e-28	2.1195424139355149e-28	1.6305123041110531e-28	-1.9182959120077634e-18	-4.9679956048619517e-12	-2.4829660516687396e-12	-2.4132922747691425e-12	-1.8275396131399376e-12	-2.6361149146303885e-12	
biceps	eta	39	0	-8.950262148271829e-13	-2.3464571582472319e-11	4.9596161283501178e-11	-6.0233501570110178e-11	2.1890528998867024e-11	-3.2745686033953587e-11	-2.4049816754192632e-11	-2.776649146059051e-11	-7.8581870751345289e-24	-3.5492316458863314e-13	-3.9871789525997757e-27	-6.7320305693292236e-14	-3.9297085436978849e-23	1.0109967102439766e-27	4.4295698650924065e-27	-9.1642941102786503e-28	2.055047945804099e-29	4.1297736694554429e-28	8.7333273210631006e-29	5.0462000133774018e-28	1.9599340939413095e-30	-7.4138202233048237e-28	-5.4761196243692809e-28	-2.0084709957219863e-29	-6.5681692679961554e-28	-1.5866783802921067e-27	1.6885244836272334e-26	1.6223489912784271e-26	-1.7358377783153499e-27	6.1613443114563397e-27	3.0653767132817012e-27	-7.4737332606417417e-28	-3.450623788719278e-26	-3.8394198890427803e-27	9.9402247322184864e-28	-1.7837613796704654e-16	-2.7359760541838351e-10	-2.7569946450327099e-10	-4.8194551948620015e-10	-1.200549448254221e-09	1.5204095263910554e-08	
biceps	eta	40	0	1.95761681798921e-09	3.4031432266110026e-10	3.83259166643847e-08	1.1139338816535003e-08	3.0330445950414702e-08	1.6705200141256588e-08	1.8012514514270893e-08	8.9994655849236502e-09	2.9363592386497009e-19	-9.3908844982807489e-10	-5.1757515823514313e-22	-1.9053022935070443e-10	-6.3239504382269756e-18	-1.3607122478878842e-25	7.2951450172300169e-28	1.2641658564442555e-27	2.0866416638250287e-28	2.0127183683119831e-27	2.2461042971410683e-27	1.2973510075183081e-28	5.9932347054820509e-28	3.4467867937339366e-27	-2.7232582536582207e-26	-1.1744010663722144e-27	1.2483650606710016e-28	1.5342095179905283e-28	1.9630887534349464e-27	-1.6182898948239799e-27	1.8495760508593241e-27	-1.5833090504552136e-28	1.601480997930933e-26	5.0717747302742421e-30	8.4163638212503239e-27	-1.1098034414653352e-27	-1.5119514990740709e-27	-2.438396561046059e-11	4.2092864201178995e-08	1.1036963135016341e-07	0.0011282020782335265	0.0033939276370517938	0.0036883394481870774	
biceps	eta	41	0	9.7210687783046968e-14	-8.3827589474182295e-12	2.8660619732947483e-11	-3.3471550825771231e-11	-1.8898533267551524e-12	-2.85733573322216e-11	-2.6545438000082671e-11	-3.6673999462156163e-11	-3.2741147919645609e-23	-7.1532861431211478e-13	-2.0427454340491954e-26	-1.6862035952359004e-13	-1.6610354420825051e-22	6.3181075380784876e-27	1.0673790317838976e-27	2.7306076987200668e-26	-7.3998641262496002e-27	1.2041521310224794e-27	2.6063233683717617e-26	-5.3755676730478906e-28	5.4949577716890942e-29	1.9229105189753081e-26	-9.4194048135848615e-28	-3.9114610489642738e-27	3.6124820122036907e-28	4.874816208885548e-28	6.9965192584551894e-29	2.9578962498847341e-28	3.7521108139889538e-28	7.424764747388091e-30	1.4795474340473631e-27	1.847056485523745e-27	1.6950522317608532e-27	1.1268853914556649e-27	-1.7458963898536417e-28	-2.3116033722607982e-18	-6.4696649887627289e-12	-3.2287794073763003e-12	-3.2068645277344532e-12	-2.3664261198740076e-12	-3.4040008809980766e-12	
biceps	eta	42	0	-1.6535847420054531e-12	-3.0161130609030772e-11	5.9848494895053498e-11	-8.0389339184396297e-11	2.6972725631022279e-11	-4.5474975503914948e-11	-3.4004524530633015e-11	-3.9350508943850297e-11	-2.610333650419323e-23	-5.7945085946811367e-13	-1.2343591717921438e-26	-9.7816248097879135e-14	-8.6048741451596479e-23	-1.7990348075292237e-29	3.0265293694911203e-27	-7.7227236236925415e-28	-4.7177859919933513e-29	4.6152948455313204e-27	1.0705605876423699e-27	4.8567484354781227e-28	5.5863209162043758e-29	3.672900421419888e-28	2.2338427843965859e-27	2.3295480885999723e-27	2.7057184282327561e-28	1.3822258859931364e-27	4.6122710771813374e-27	-4.3657392695733136e-29	3.2659265720316044e-28	-1.587861121428552e-26	8.6402912581317774e-27	-4.0198113285775709e-26	1.5726103028882601e-27	6.7708829335437613e-27	-7.3856208810298851e-28	-2.2887560971354398e-16	-3.9341378485034121e-10	-3.611113664039145e-10	-6.1498781968314782e-10	-7.9951207880598384e-10	5.1311278260420549e-08	
biceps	eta	43	0	-8.3475128355361274e-11	-1.9825248585222435e-10	1.8041679537496639e-08	2.5884229403747855e-09	1.490080701546261e-08	7.0125017360509726e-09	6.8220956028027366e-09	2.9902070368228867e-09	8.3866909911026828e-20	-4.0538634693904803e-10	-1.7579371079055909e-22	-1.025865471123165e-10	-2.0520693579979037e-18	-2.8873676201302541e-26	1.0751390509493922e-27	5.6422486052264159e-28	-7.9875662431385757e-28	8.9407923752734168e-27	-4.5516877149979652e-27	6.6353330919841183e-28	-3.5054840503178994e-27	-6.7162429280971761e-27	-5.008650747901817e-28	2.1054152283639064e-27	5.8775506834780668e-28	1.2706989805277911e-25	4.889157267197453e-27	-1.109966184711392e-28	2.5955189808386247e-27	1.3442540683885281e-27	1.2202218638559787e-27	7.100267600202712e-28	7.2048325750223832e-26	2.829976403308027e-26	-8.1239660779252216e-27	-4.8375634493806293e-12	1.751526870681876e-08	3.4426301515225141e-08	1.2747447932506606e-07	0.00019159920830402066	0.00036069599189648575	
biceps	eta	44	0	-1.1734131635008624e-13	-1.6707147283429651e-11	4.7500565628674249e-11	-6.6297278287622304e-11	-2.0375193854994556e-12	-5.6564880411375255e-11	-5.2558534486895509e-11	-7.0810654482071389e-11	-1.3285282294638529e-22	-1.5480499690731346e-12	-8.5759438670779767e-26	-3.1323419639252587e-13	-5.5026738869284076e-22	2.2759538490422512e-25	-2.7595802308963629e-24	9.0712766626720375e-23	1.3108545209578611e-22	5.6821292737774653e-25	1.763246626844575e-24	-4.7779927967623796e-24	-8.5110180883438247e-23	1.8553137124281028e-23	-3.3440677529974383e-25	-2.1489009162892994e-25	-8.5791032546434446e-24	-2.299686641757547e-24	2.2562339902206564e-24	5.6789216357846149e-23	-1.3203817156098696e-24	-1.6407840097404346e-24	-2.8023387673455591e-26	1.4068922571637377e-23	4.2928604503724355e-24	2.5672178196739572e-24	2.1233236127258913e-25	-2.7931505085979693e-18	-8.5765548959173833e-12	-4.2738677796925223e-12	-4.239990998026983e-12	-3.123501173512701e-12	-4.4777668829184534e-12	
biceps	eta	45	0	-2.9874694375543105e-12	-3.9074498556743966e-11	7.0139744098351552e-11	-1.0893919968920321e-10	3.0020004705364043e-11	-6.4771807523720838e-11	-4.9584765156069933e-11	-5.7457193679124591e-11	-7.5695956545694813e-23	-8.4714083169776102e-13	-3.1650241593924015e-26	-1.4803251578468773e-13	-1.9398127289282455e-22	3.8799628398370828e-23	2.6535829776682025e-24	-1.9367945867501476e-25	-2.2417351978854686e-25	1.286543555329386e-25	-5.8023474760068338e-28	-2.3121206221884832e-26	-4.2181040787360193e-27	-1.0514579360279103e-26	4.6736809113872282e-26	6.9799030310779103e-29	1.3288557315951332e-28	2.2944801708530196e-29	4.0047038273982413e-28	4.9606758972016909e-27	1.8118762672630921e-26	4.6962961839926492e-28	-1.7847462553231564e-28	8.4087730225415405e-30	-5.1396653131760337e-29	-4.6926767366668801e-28	1.7072597505839425e-28	-2.9798766421186915e-16	-5.4960147383039101e-10	-4.5596070872140651e-10	-7.7905752630580141e-10	1.1186792145995478e-09	4.2459057845883653e-07	
biceps	eta	46	0	-2.5587027325200788e-10	-1.3148242045830594e-09	8.8365791790564882e-09	-1.0393817280828359e-09	7.5878871545934674e-09	2.623732532154843e-09	1.3783591639424886e-09	-6.2506382322621032e-11	-1.3371156091393251e-21	3.4990352890337193e-11	1.165315520289298e-23	-5.7499118060553424e-11	-7.2504368473341449e-19	-7.6354672235005106e-27	-1.9263781708364703e-28	1.4231225704176176e-28	2.6944590845869997e-27	1.1929922276005375e-25	-5.8533795298095985e-28	-4.7756554647996928e-28	1.3362351308805934e-26	1.2108499891240368e-28	-4.7645412891333979e-27	8.8107799475663436e-27	3.0019447592959635e-25	9.462487193664424e-26	-5.6304409772496921e-28	-2.7459579047092398e-28	-4.0916959205261133e-28	6.1665403499407858e-27	3.1582766888829722e-27	6.3013634402317692e-26	-2.3339371213244351e-28	8.0802169910782537e-29	6.5556296854374485e-28	-1.0091217675798016e-12	7.5334663352157324e-09	1.3960860989593314e-08	3.5059260578393285e-08	5.8169483000880889e-08	1.177846707047359e-07	
biceps	eta	47	0	-1.7459770573112779e-12	-3.8032735444090671e-11	8.325643424143311e-11	-1.4931361181516935e-10	-6.8209431622585764e-12	-1.2789051926939029e-10	-1.1992646505891117e-10	-1.5345238475251443e-10	-6.3787563967107184e-22	-3.6172390630848505e-12	-4.0326893185203176e-25	-6.5551257169746138e-13	-2.0893697369355124e-21	1.9430299007588882e-22	-4.7434406357980267e-24	-1.7276658195000023e-24	6.4911059335363836e-22	-4.0998166641402164e-25	-4.9468398107262768e-25	8.1823787201240652e-23	-3.6255432230189759e-23	3.4893030233784269e-23	7.5778199908431555e-23	1.0043243685465762e-24	2.8010809300954922e-24	5.6206250233107487e-24	1.723809778101438e-22	1.8745593821012405e-23	1.6113862427513903e-23	-2.3956815020605801e-23	5.1412341711457917e-26	4.1049240627850946e-24	-2.6628882850487527e-24	9.9126039343596499e-26	2.9345440938330685e-27	-3.3798473937949617e-18	-1.1601300726482457e-11	-5.7726144402502412e-12	-5.7195526978618861e-12	-4.2076328461956489e-12	-6.0071724501294957e-12	
biceps	eta	48	0	-4.4824862791363571e-12	-5.0937147081967209e-11	7.7553347118196051e-11	-1.4979920795909204e-10	2.6666108730917494e-11	-9.4776454878244064e-11	-7.4916229627805992e-11	-8.6787585195306274e-11	-2.0720889963899267e-22	-1.4312577461321608e-12	-8.9475267046094258e-26	-2.3597993928488162e-13	-4.6416690705008814e-22	2.7736782632256729e-24	-1.1973693835074432e-25	-1.4229674604611835e-24	5.9135842763345039e-26	-9.5592880950115253e-26	2.4473312935340103e-26	-4.1231438264256935e-26	6.0409830731640089e-27	-3.8941685498090143e-26	-6.3358917254076868e-27	5.3937702554563291e-27	-1.5630387732523366e-28	7.7455448003749399e-29	5.09992969449144e-27	-8.0292013322487592e-29	3.4268183857411478e-26	-1.1543503360193473e-28	1.59251665675794e-27	-2.3485081336035115e-27	-7.4224914090033923e-28	2.0298344030927546e-28	-3.5892470464936004e-28	-3.9359472039031111e-16	-7.197533281754302e-10	-6.579346877751495e-10	-2.1922172475030408e-10	7.3622367025440678e-09	0.00369381207712443	
biceps	eta	49	0	2.0287005386834876e-11	-9.6155501338258269e-10	3.5755229393366338e-09	-2.2432825144433574e-09	3.4653895935518525e-09	4.6328485209665095e-10	-1.2320507337466698e-09	-1.1907908848877229e-09	-1.8967296505575831e-20	3.7981639529795977e-11	9.7046084191378311e-24	-3.5956646892652928e-11	-2.9636452631061028e-19	2.7890928721455319e-27	5.7275098942459283e-26	5.3427149588751394e-28	2.1797781883533443e-27	1.0116854439855922e-26	2.1294333510727337e-26	5.8763726018515705e-25	-1.06676115739283e-27	1.6790852318570192e-29	-4.6905554276219219e-27	3.3497886168786369e-27	-9.1142879977392358e-26	4.89260848379285e-25	2.2858545808921216e-26	1.5565481472593698e-25	3.0994090746305821e-26	9.0593883296817891e-28	6.4366940969798287e-28	-8.9109014761064498e-27	-3.8647385146734665e-28	1.2669690939159289e-28	8.1613152757080961e-27	-2.4510973270507047e-13	2.9156900839605675e-09	5.953032822439386e-09	1.3800083492011331e-08	1.5637691921584858e-08	4.0046571373630951e-08	
biceps	eta	50	0	-1.3405312695590281e-11	-1.0258363268850409e-10	1.0767122890435358e-10	-3.8711468465803217e-10	-1.3073039132867654e-10	-3.340294388473562e-10	-3.333473706554616e-10	-3.7489562337302194e-10	-3.8691076792902996e-21	-1.2759341476346345e-11	-3.0640486985733245e-24	-1.6179864542297582e-12	-1.0005231928826849e-20	-1.7062589929928678e-26	3.0567677097939459e-24	5.7298841650507957e-25	5.3931645763399755e-25	-1.2385259371260305e-24	8.4319101054035049e-25	5.6126603424256982e-25	-8.3177714949587349e-26	4.7658895118405577e-25	-2.0427442580242241e-25	1.0386600448187374e-26	1.1188517637650304e-25	1.5934899596399875e-27	-2.21136144403444e-26	-3.9956241614221025e-26	1.9803388467432488e-26	3.8623848201178548e-27	2.8813802238744966e-27	4.1834227574664632e-27	-5.2212602181139536e-26	3.290622014263637e-28	3.5166572802025084e-28	-4.0853260278972838e-18	-1.6057736869745533e-11	-7.9789152173337621e-12	-7.9000288217543706e-12	-5.8005516361076928e-12	-8.2579288474009604e-12	
biceps	eta	51	0	-7.1968568352814308e-12	-6.6599229603719989e-11	5.0214323061812953e-11	-2.0855209402617189e-10	-1.2019634538637235e-10	-1.4252730025804177e-10	-1.1791993353625656e-10	-1.3605751609001688e-10	-5.5679234906915487e-22	-2.6254956072054208e-12	-2.6683444605495042e-25	-4.0284834355826424e-13	-1.1640935421819464e-21	-3.4261062034212791e-26	-7.073792694167339e-26	2.1053693477866e-28	1.1490075618984263e-25	-4.2878998985219223e-25	-2.2024095992379389e-26	-3.2271501007418027e-26	9.1423504852657981e-27	4.5152230521581044e-26	5.558459713488631e-25	-3.5500065969574538e-27	-3.4900881644262705e-26	1.6097774264340444e-25	2.8626518525357687e-26	3.9731960954407513e-26	3.545815061192377e-26	-4.1277483857419232e-25	1.124682171935368e-26	-3.0754977878494206e-25	-1.5180208638805241e-25	-4.9378466251062283e-26	-2.5902018262655326e-26	-5.2395856766409391e-16	-9.6030353985665677e-10	-1.1062093849195895e-09	2.2630043775459638e-09	4.0742040193962784e-08	0.0042225651926361364	
biceps	eta	52	0	2.8969850457454565e-11	-4.3791693197667055e-10	6.1721902169125497e-11	-1.6506428071662475e-09	4.4151230895531536e-10	-5.1035418230045878e-10	-1.9362202409196362e-09	-1.3329219533439093e-09	-1.5771133241605032e-20	-5.3497659625206729e-11	-1.0541199698555886e-23	-2.3268203173870926e-11	-1.2900570996657683e-19	2.8572232100827501e-26	-2.5299024027368741e-25	8.2809810013016395e-29	3.4758286700292456e-28	-1.2789193215001613e-28	-5.4930294543572445e-27	-1.2037948932567482e-26	-3.3154231225056215e-25	3.0895643177707253e-26	-1.3912368532193439e-26	-3.7201860902114632e-26	1.0092539779250835e-24	-3.8825756717506279e-27	-4.8799631866055264e-26	-2.6626636034942799e-26	5.0936922957280108e-27	-1.8716330877134464e-26	-4.9177335281037315e-27	5.6895710245373403e-25	-1.959722192019606e-27	5.4531078708593497e-26	-2.3001999669499251e-28	-6.6826560219543087e-14	4.0082353555191475e-10	2.0073754710170322e-09	5.7668650370774888e-09	5.5609970226314713e-09	1.9826871669324857e-08	
biceps	eta	53	0	-6.6306595176149954e-11	-2.9991124878728512e-10	-1.5214074011661576e-10	-8.7304670302947639e-10	-7.4715938625389061e-10	-7.5664774055089994e-10	-1.1266383166759765e-09	-8.6598240533188037e-10	-2.734285802236007e-20	-4.7999548407993925e-11	-2.7369834297205712e-23	-4.8022075701884562e-12	-5.848047450823834e-20	2.542027574900425e-23	1.2777894648992387e-23	-1.4419963081080473e-24	9.1877452794479452e-24	1.1518281980834588e-25	-3.5434633984402254e-25	5.2036807076588757e-25	-6.603253634225249e-25	-3.8839348017691575e-26	1.790792706054998e-24	-4.6728301904686012e-25	2.3395098036927091e-25	2.2610737457377376e-25	-5.5346973228581996e-25	6.8071913065770504e-25	-6.4549744287386037e-27	-6.8485389136209226e-26	1.4592500509709591e-25	7.3556272819108096e-25	1.0607082768813422e-25	3.4758699758178873e-27	8.868996301716711e-26	-4.9060384124145074e-18	-2.2818036068872075e-11	-1.1324474403475865e-11	-1.1204945693343926e-11	-8.21391720007995e-12	-1.1683789207933317e-11	
biceps	eta	54	0	-1.1241962135675082e-11	-8.6918736778982339e-11	4.0639603967286692e-11	-2.9196422027626548e-10	-2.8110885146855508e-11	-2.1913747769480415e-10	-1.94377188183293e-10	-2.2123805419932419e-10	-1.4950387209683711e-21	-5.713290839486861e-12	-9.2701503999874091e-25	-7.5405124653809557e-13	-3.2543121804480432e-21	-5.428252595844416e-25	1.5999111484786486e-25	-6.6430664266974131e-28	6.1320125788311321e-26	-1.6509393304911965e-27	3.8270595988639132e-25	5.0276670657278855e-26	1.8747871410877432e-26	-1.2471186345828659e-25	5.6673744744420575e-24	3.0700591375984305e-27	1.7290103433772395e-26	-3.2523002831547122e-26	-1.3652573759818511e-27	-2.2589450314940378e-26	-6.1433822951551051e-25	3.9997695590032994e-25	2.3942133802814631e-25	-1.4281053230799482e-24	-3.2676109878686073e-25	-4.2955775170707757e-24	7.7287119341556562e-24	-6.8457778528127484e-16	-1.4264076478045435e-09	-1.1177115048967226e-09	1.0122820319090804e-08	0.0025090233171028075	0.0024783968045229304	
biceps	eta	55	0	-5.1246132623215885e-11	-3.2843975628004938e-10	-7.4291013705506587e-10	-1.0470351186943439e-09	-5.1455371460312924e-10	-7.6608281780007806e-10	-1.7268534738000086e-09	-1.1574190360363199e-09	-7.628181961069576e-20	-8.2436058824285287e-11	-1.0887050272382039e-22	-1.5338061839824437e-11	-4.9237796063649153e-19	-7.4918451439134276e-27	5.329739655649837e-26	2.6155713545478274e-26	-1.5783535790129628e-26	-4.1279250392993353e-26	2.7878538566983421e-27	-2.3984997243579861e-26	-1.8266742342507203e-25	4.8770850533713503e-26	-5.5812938805477815e-27	1.383499350123268e-25	2.2739069961430854e-24	8.436073669879834e-26	5.6993728029657286e-26	6.4362470012635578e-26	1.076810629479273e-24	6.7028078842769501e-29	5.990034176223242e-26	-8.7681052747718036e-26	-3.4550245367148019e-26	-3.670211686845977e-28	4.3742851500905576e-25	-2.5590581935874321e-14	-8.642567464941458e-10	-5.0552230786598102e-11	2.0965520958612316e-09	1.7459509690797791e-09	1.0782309359026478e-08	
biceps	eta	56	0	-3.5152827039043677e-10	-1.13818273882203e-09	8.2996430293966658e-09	-6.0094538874338115e-10	7.7027818162286081e-09	2.4360642743925579e-09	8.9155465328595526e-10	-1.0236855346692095e-09	-1.282488011781242e-19	-4.6454255149113793e-11	-6.7172743210683768e-23	-1.5150225070278985e-11	-3.8181260859487554e-19	3.6219975338052703e-23	-1.5161675691175288e-24	4.9296477048049261e-23	7.310703464545496e-24	-7.0468491638987357e-24	4.6878689119902182e-23	-2.9355970663104988e-25	-8.4892638265868996e-24	5.8287408813873689e-25	1.2984531712570576e-25	4.1594711513018328e-23	-8.8019665817118934e-24	-1.3276934299039803e-24	-1.8265116121161292e-23	-1.34860624161115e-24	1.0850687890168094e-23	1.6566728122366223e-23	8.4887059872117574e-23	-2.1899739362343603e-24	6.2021115579149573e-23	-3.0684016340076521e-24	1.5109150582432902e-22	-5.2616872384102751e-18	-3.3414738497489193e-11	-1.6570149946291841e-11	-1.635129901621497e-11	-1.2022616007722924e-11	-1.7087142582826474e-11	
biceps	eta	57	0	-1.6980025721593887e-11	-1.1243771151915495e-10	7.6061603661514917e-12	-4.0629213489087342e-10	-1.3830772649248716e-10	-3.3770387764551072e-10	-3.3490514332685973e-10	-3.6787038384686261e-10	-3.0197239912250349e-21	-1.1144814993795648e-11	-1.5505197910182236e-24	-1.5916243829852682e-12	-3.6704283794069914e-21	2.8748686751955055e-26	7.4008919232364186e-26	1.7656925367716173e-25	5.7247062858849028e-27	-3.9690081599693253e-25	1.35389499877233e-26	1.8200277046345412e-27	-3.8190990504445329e-25	-1.4190279540435948e-24	-2.1036724444375455e-25	1.0394820451859261e-25	5.8551888527564036e-24	1.6012267884355555e-23	-8.0665775284450148e-26	-5.0559064132253629e-27	7.1198762262719239e-28	1.4132101446315989e-26	-1.1964847727031189e-25	5.7920296368688016e-24	4.7828855775468474e-24	1.8973230866432899e-24	2.4583446434468171e-26	-1.2471798962389643e-15	-1.4254902080824333e-09	1.0522015521909754e-09	3.4530907700056121e-08	0.0022943852215473238	1.5588816310578053e-07	
biceps	eta	58	0	-6.2076676794127898e-11	-2.6887030457726732e-10	-5.5657809986783884e-10	-8.6058471075352704e-10	-6.9158741401946532e-10	-7.3157747561574342e-10	-1.2555709066863659e-09	-9.575916304084372e-10	-2.411258780810485e-20	-7.0898236793329769e-11	-4.0201173920341228e-23	-1.0311914701062809e-11	-1.4918143812968054e-19	-7.5130656794254476e-25	1.5267004400258154e-25	6.2235605967254492e-27	4.805848647470586e-27	8.8486747102368956e-26	2.5400984999813198e-27	1.1512961119897499e-25	2.6121672569417114e-26	2.568565190753325e-26	2.2175364923255202e-24	1.9132254460592477e-26	-5.8970529522226961e-25	2.9983593566996392e-25	-9.6643759084526758e-28	5.8695329245470654e-26	1.0280918370188634e-25	1.5437197846097851e-27	-1.701085880431696e-29	-2.4639342723350756e-26	-9.0353126755428001e-26	1.3854882621434168e-25	1.4829757057461026e-27	-6.8071651695800505e-15	-1.4205631031338313e-09	-9.6949567074845944e-10	3.2972979792187931e-10	7.5361153086992542e-11	5.556918458817801e-09	
biceps	eta	59	0	0.028488898907747289	0.026758224436615553	0.024024922668239555	0.020359046026428785	0.01586195015625529	0.0090631998406009023	0.00076737055963486402	1.7987834738570546e-08	1.9534585274388411e-17	-1.6211107704106992e-10	-5.9401983154066839e-22	-3.7630962668694801e-11	-1.6668242736567803e-18	-1.4627622415601506e-23	-5.7622350671048787e-23	2.4379171739587355e-23	-5.3265527937977763e-23	-3.8287557289709686e-25	-1.3002363028909955e-26	1.351587309387123e-25	-6.1503693563009747e-25	3.9138923995048658e-23	-3.608620370385203e-24	4.251460865090336e-28	1.0241411901962497e-24	4.7122126999538474e-23	7.9654192814880033e-25	2.205785801509421e-22	-3.7736400001340374e-23	9.5105451615224585e-23	-6.5053082504047327e-24	9.4048800630259383e-23	1.5938736373018784e-22	4.1605077131409132e-23	1.6582365778228039e-23	-6.0323347143883684e-18	-5.0636500612660615e-11	-2.510817441678618e-11	-2.5008842983578291e-11	-1.8297085518911816e-11	-2.5945197519618939e-11	
biceps	eta	60	0	-2.8784089899143831e-11	-1.425424609213831e-10	-6.8024781778103446e-11	-5.5060630212249032e-10	-3.030163650197054e-10	-4.9679246291090637e-10	-5.9111167305326574e-10	-5.9608373890902982e-10	-3.4618248807754359e-21	-2.7984358787209008e-11	-2.8414477187968815e-24	-3.835571566219158e-12	-6.9744469881197754e-21	9.5963429595596056e-25	5.8525774806943957e-24	1.1289134073934302e-26	1.0474684742615274e-26	-1.4411706449194056e-24	-1.2687228145671937e-24	-4.1583524996443086e-25	-3.735258737840539e-23	4.794501122580084e-25	9.7972822036018474e-25	-4.6192499774440396e-27	-3.5440607758731505e-26	1.6117673841215948e-25	1.1895059215484687e-24	-2.6277136270659113e-25	-4.5630104063979414e-28	-1.4678199495126646e-27	-1.0514284382170549e-23	3.3287170148626823e-26	9.1449935844526079e-27	2.5885557847921633e-24	6.4625550115289511e-27	-1.5374708309060809e-15	-6.6541025562095257e-11	4.5839961658249986e-09	4.8212491881423824e-08	3.6329259325207031e-08	3.1135175700645729e-08	
biceps	eta	61	0	-5.2254016039370119e-11	-2.3142929778957176e-10	-2.6547603166275555e-10	-7.7384075771163499e-10	-5.3712025681056798e-10	-6.3792576512094636e-10	-9.0502815982335206e-10	-7.888690965313121e-10	-6.8609984158364446e-21	-5.1263067934105887e-11	-1.1030211073132125e-23	-7.0857845432398757e-12	-4.0363393744134138e-20	9.3685374563081341e-28	2.7794977018720959e-25	-1.5619641881275352e-26	1.5770608933202418e-26	-2.0552388088903957e-28	1.0292809268627186e-23	-7.9111007186594502e-27	6.2066358030320832e-26	1.2929120809577402e-25	1.4613122413198162e-25	4.0327029715131338e-27	-3.64184561170133e-27	-7.8977376217501819e-25	1.0232091127218467e-24	-5.3731518610321529e-26	-5.6376737817789572e-25	-6.1043801179708556e-25	8.484733203493203e-28	1.3897322123882916e-25	-1.2037574140696315e-26	-2.6087183032602659e-27	5.5793884401729105e-27	-1.7741565963532832e-15	-1.5165661647053318e-09	-1.1688064077798131e-09	-4.9164514784493204e-10	-7.0935490402609375e-10	2.5436612364930189e-09	
biceps	eta	62	0	0.01195290964324805	0.0098749881506489928	0.0073143650575240721	0.0043655678551990295	0.0011203239166531994	2.1325416522404636e-07	1.1741587134917965e-07	1.2796742417768676e-08	9.1239358487186056e-18	-2.6122563804168728e-10	-8.329772721362575e-22	-4.7493184770475403e-11	-1.8806057347874805e-18	-5.5143559399695569e-22	-7.0279380982583167e-24	5.6929357456729254e-23	1.1357160759274319e-22	5.0895096973442331e-23	8.8172351393133567e-23	3.0869863576566161e-23	1.5116212250063051e-22	4.6320745387284324e-23	7.6852577241692453e-23	1.5970608148391522e-22	-3.3206387023755171e-25	4.3826397429942493e-23	-5.0079648685067937e-25	3.9053996051097098e-26	1.7618943443549247e-23	2.8891449501164309e-25	2.6051325719987606e-23	5.6953688632089607e-24	4.7029467467810232e-23	8.13089512672885e-24	-2.5820175953202371e-24	-6.317477215224894e-18	-7.9715202069486486e-11	-3.9576270369320853e-11	-3.9256566337048619e-11	-2.9118617214037515e-11	-4.1155440657094954e-11	
biceps	eta	63	0	-4.4221412084060101e-11	-2.0802805033677537e-10	-3.0216654446957396e-10	-7.6132160827478988e-10	-5.5906167533690203e-10	-6.6994569259497413e-10	-1.0523947239752793e-09	-8.8095393716868744e-10	-2.691639878832297e-21	-6.6078103562017518e-11	-3.6808479593351056e-24	-1.0093894571465455e-11	-1.0285376413778824e-20	1.1266897494440167e-23	-1.684636352448698e-24	1.9267885090699604e-24	-2.0196322493313203e-25	5.7051873507623176e-28	1.7597438974543553e-24	1.5086080642005451e-26	8.6522641627678724e-23	3.0992837532835045e-25	-5.4733196705261729e-23	-4.2896507594637798e-24	-3.9743158594515515e-24	-8.3865225353881465e-23	1.4954513551984359e-26	4.2114074338336648e-24	3.6416248543528937e-22	4.8046375769918296e-27	-4.4956839288667687e-27	2.0432551094197002e-23	1.4138883487081089e-25	-2.2223428110292282e-24	7.6683274862118958e-23	-1.0182608170389814e-15	2.1205764036604068e-09	5.4879222897467482e-09	1.6360152055578693e-08	6.5003544791129426e-09	1.0033971649147843e-08	
biceps	eta	64	0	-4.2637127770834798e-11	-1.9910167420964824e-10	-1.0140015465437959e-10	-6.7970222725940034e-10	-3.0564186497545603e-10	-5.567160711686513e-10	-6.6790326755562259e-10	-6.4754668488881588e-10	-1.4752443012793161e-21	-3.5453768167419981e-11	-2.1875920374870861e-24	-4.9748195843232344e-12	-8.334782378202446e-21	2.4152286673035943e-24	1.0650402750830288e-24	1.3457277878945887e-25	2.5424458398850854e-23	1.523517215066286e-25	1.2859776568425012e-24	-3.3881223032576166e-25	3.6606959455782114e-25	2.5837546573227893e-24	4.0423944606087587e-25	5.527876224266691e-29	-2.0817975019622412e-27	9.1167272012518971e-26	2.8097911827409596e-25	-2.0774790929877035e-25	-1.0580921727796008e-24	3.6680373197348539e-28	8.9666856099090713e-24	4.9968776723221705e-28	4.0844525609786826e-25	6.969922249174515e-25	1.9242390862548141e-24	-3.6435008368448262e-16	-1.3631788812045394e-09	-1.0269833516440379e-09	-7.9857621187725395e-10	-1.0387646680688593e-09	8.2728311101235209e-10	
biceps	eta	65	0	-3.1881265777651217e-10	-1.2508608295516244e-09	7.2188481594361757e-09	-1.803929645187765e-09	9.5402598062713706e-09	1.1811186926943265e-09	-1.0925814218940059e-09	-1.2035418198797557e-09	-4.874184476138431e-20	3.075459812384264e-12	2.038358902881864e-24	-2.4688823032415702e-11	-3.1586903929198582e-19	4.3245069488395882e-23	9.5627133168889451e-24	1.4584517647245528e-22	-1.0025872312344099e-22	9.1780575817459859e-25	1.2621573528173631e-23	-1.5693380736210686e-22	-2.7656743798346667e-23	1.8158972134994593e-24	1.9453802378348044e-22	-2.1522401468937979e-25	2.7206754915653965e-24	-1.1495396992068843e-24	-7.8611642432160202e-25	-8.0384791658088749e-26	-6.1542371551758532e-25	-7.8284166441864931e-23	8.2783571232472283e-27	1.611023838113792e-24	1.6904172119208141e-22	5.4317976128694846e-23	-1.1167052409879601e-23	-5.2659924482898882e-18	-1.3058911134786387e-10	-6.5079203089065453e-11	-6.4827800488995646e-11	-4.8816358526140472e-11	-6.8575434007400176e-11	
biceps	eta	66	0	-6.485041937613764e-11	-3.0023272504218502e-10	-7.1395061681917236e-10	-9.8257581781857451e-10	-6.2371696369774807e-10	-7.674644288657582e-10	-1.8009496120263073e-09	-1.2327987961423197e-09	-7.6693765918224018e-22	-6.094157801725759e-11	-7.3323577748486376e-25	-2.6654149173523303e-11	-5.9344522805776162e-21	3.5725172648304774e-24	-1.1900970662679611e-24	-9.9559824405932934e-25	2.1006816410610062e-25	-6.8767093394389093e-25	-3.6172203957477064e-25	-2.4907652204391389e-24	-1.460130742446319e-24	-3.2589680148178048e-25	1.4453009867278717e-24	5.405903873858091e-25	-1.9775578719408206e-25	6.544669402274775e-27	-1.0232052792525301e-24	-8.3311882082073519e-25	-1.7577706270460663e-24	7.0676747013076486e-25	1.231589827232868e-26	-7.9301563632398258e-25	-2.3762081460203984e-24	-4.0000419480298735e-26	-2.4894614485661812e-24	1.8763257801249077e-16	1.7266339675105114e-09	2.6672769062032563e-09	4.0020939835298896e-09	7.8068517441762083e-10	3.1748569591309244e-09	
biceps	eta	67	0	-3.2269876538543733e-11	-1.6578488811135149e-10	5.7146375833103264e-12	-5.7902691193248551e-10	-1.0771547824211282e-10	-4.6742891353078137e-10	-4.9887505649429375e-10	-5.2371443452788465e-10	-1.0723026437689289e-22	-2.4497448603358974e-11	-1.6549934170029043e-25	-3.5670877454091034e-12	-6.8579866864022356e-22	-1.3494057000843789e-22	2.3484332141453547e-25	6.3114385014056966e-25	9.9680551336839022e-26	-2.3936356282417539e-25	1.1045976819669363e-22	-1.8594665525213644e-26	-1.0382371796990379e-26	4.889539236505494e-25	-3.7797622090527138e-27	4.9438629893821231e-25	1.6927395391108545e-27	6.2105986035268646e-27	2.5281415212556446e-25	-4.8314515778953644e-25	4.7502224437586212e-25	2.0628911783962841e-25	1.46079814860086e-24	-3.3158497239133369e-27	-1.1882718100818633e-24	-1.9737084812438674e-24	8.2384145830929292e-23	-2.3057024271831457e-17	-1.1359350690370901e-09	-7.9409315839666538e-10	-8.2568092381740746e-10	-1.1434308425535604e-09	-8.7808812372607737e-11	
biceps	eta	68	0	-5.8629533940986956e-11	-2.5780620205044579e-10	-4.1269723520167803e-11	-8.0117293152880168e-10	-3.3141516243794324e-10	-6.5970091860659448e-10	-9.1036666103245007e-10	-7.9959428750793602e-10	-1.4287727467441833e-21	-5.7418706368510989e-11	-2.8102188726007193e-24	-8.5237226519629273e-12	-1.0921432907070298e-20	-1.9658649346825472e-24	-6.1851124399045929e-25	1.3996915656434077e-26	-8.4424520703644667e-26	8.3806733402558967e-23	-6.4239275270419678e-26	-3.0943857659709066e-25	5.5463548839553232e-25	-6.1014839823643733e-25	-3.8538367598750005e-26	-8.1663527249207775e-26	1.1634990952139923e-25	-4.1386485359183223e-27	-8.9659239681137895e-27	1.2725462364292254e-24	2.8567921729017829e-28	-6.5219923186573029e-25	1.0563534949723565e-25	2.1707162464488427e-24	3.0768764081363605e-24	-2.4975302547750857e-25	6.4122569043493742e-26	-1.8798504416303379e-18	-2.2126491101938603e-10	-1.1125376907723078e-10	-1.113893505024205e-10	-8.6666392414084813e-11	-1.1985448009657727e-10	
biceps	eta	69	0	-1.6550196715267412e-11	-4.2212705476101127e-10	3.1638300422065994e-10	-1.7884964399941151e-09	7.7414541947174646e-10	-3.0815525299418623e-10	-1.925622493434635e-09	-1.2755308529779291e-09	2.5097329653985137e-22	8.8698486724354443e-11	-2.313758494037657e-25	-6.5186309315999142e-11	-8.3692346282878694e-22	-3.9722184831868057e-27	6.102598335377352e-26	2.3013232753439249e-28	-3.0847848091236563e-25	7.8004864015700935e-24	5.6995203765403868e-28	-1.1558308704298901e-25	2.4887660152583791e-23	1.9798337752178616e-23	5.4842715734473568e-24	9.0681400286828694e-23	7.36050979179861e-26	-1.0288216573212451e-25	9.8173586136373591e-26	1.4286425308294382e-22	1.3542566668888162e-22	1.3492311450414124e-22	-2.6618386904786773e-24	7.0777807518486887e-23	5.2228148075363516e-23	-5.309016264671589e-25	3.1739003180357166e-23	2.3989827030349227e-16	-3.8020625037297689e-10	-6.0681734055553524e-10	2.138114169645005e-10	-9.2546454989128534e-10	5.3907823330981302e-10	
