rotation_angle	 	 	initial	0	1	2	3	4	5	6	7	8	9	10	11	12	13	14	15	16	17	18	19	20	21	22	23	24	25	26	27	28	29	30	31	32	33	34	35	36	37	38	39	40	
triceps-upperarm	phi	1	0.49000000000000021	0.49000000000000021	0.49000000000000021	0.49000000000000021	0.48999999998049892	0.48999999999460453	0.49000000000000021	0.49000000000000021	0.49000000000000021	0.49000000000000021	0.49000000000000021	0.49000000000000021	0.49000000000000021	0.48999999954349538	0.49000000000000021	0.49000000000000021	0.49000000000000021	0.49000000000000021	0.49000000000000021	0.48999999999990962	0.49000000000120969	0.49000000000000021	0.49000000006868838	0.49000000007037681	0.49000000002575228	0.48999999995248156	0.49000000002372079	0.4900000020020141	0.48999999999999977	0.49000000000000021	0.49000000002086685	0.49000000000000021	0.49000000000000021	0.4899999999995106	0.49000000000000021	0.49000000000000021	0.49000000000000021	0.49000000000000021	0.49000000000000021	0.49000000000000021	0.49000000000000021	0.49000000000000021	
triceps-upperarm	phi	2	0.39256614373089782	0.39256614373089715	0.38589288425226309	0.38114538617054605	0.38024898967230913	0.37937937296213531	0.37865265248907676	0.37789367357675907	0.37709713348755547	0.376256237218064	0.37536178767102957	0.37440108824105867	0.37335603965171815	0.37266847931232161	0.3719575356411231	0.37120227254703475	0.37039069015303538	0.36950782264920146	0.3685328840150337	0.36749612000249665	0.36695200831245245	0.36636731282726265	0.36572488597001929	0.36500502167353521	0.36418303539615593	0.36322294971773506	0.36257381220286522	0.36204626655035099	0.36145103989013894	0.36077208275323303	0.35997934235177098	0.35903030365779753	0.35784607542881797	0.35717901169545141	0.35666943364671599	0.35611748515172392	0.35551845936977466	0.35486576305716389	0.35414323491091482	0.35333681605395806	0.35241683207936059	0.35130498970084889	
triceps-upperarm	phi	3	0.30826460687961887	0.30826460687961799	0.29514561687983676	0.28589420483687489	0.2843559488052354	0.28286470972654643	0.28161883283841815	0.28031772613158656	0.27895222883580884	0.27751069237382353	0.2759773502931937	0.27433043699323645	0.2725389251319803	0.2713604653315469	0.27014148967049634	0.26884675293777427	0.26745546883377447	0.26594198168434557	0.26427065831477892	0.26249800672416601	0.2615876296064128	0.26061218804543751	0.25954148141029476	0.25834180934374995	0.25697181201671127	0.25537158355766776	0.25428975035125179	0.25341062695221583	0.25241839981689806	0.25128680458890384	0.24996562302703129	0.2483838394296658	0.24641012571483056	0.24529842640034571	0.24444905608366363	0.24352914191953978	0.24253076561863862	0.241442938429131	0.24023872485746933	0.23889469342326497	0.23736138679906627	0.23550831616808132	
triceps-upperarm	phi	4	0.23709538944616382	0.23709538944616315	0.21775819788271944	0.2042464559989865	0.20232087537401533	0.20045600922939766	0.19889854104802329	0.19727215766448425	0.19556528604476098	0.1937633654672799	0.19184668786649173	0.18978804625653356	0.18754865644078866	0.18607593763106212	0.18455186208812102	0.18293344117221788	0.18119433604221857	0.17930247710543146	0.17721332289923608	0.17500566089146607	0.17390685126341876	0.17273462565452569	0.17144978621689599	0.17001036257795388	0.16836632645361216	0.16644590146503235	0.16514781183499982	0.1640930551830615	0.16290207978027471	0.161544165507014	0.15995883861696303	0.15806060731560434	0.15569215085803934	0.1543582402097794	0.15333886731084378	0.15223497030344846	0.15103691874659186	0.14973152611589891	0.14828646983966065	0.14667363210792139	0.14483366415911791	0.14260997940169906	
triceps-upperarm	phi	5	0.1790584914305331	0.17905849143053199	0.15373062726091202	0.13620213965688288	0.1341437645291943	0.13215326683459838	0.13049177711789306	0.12875696817545013	0.12693630511441145	0.1250142564984309	0.12296980039092387	0.12077391603094956	0.1183852335781419	0.11681486173192046	0.11518865289399605	0.11346233725036536	0.11160729177836592	0.10958930891245977	0.10736087776840542	0.10501908402911408	0.10390964476536313	0.1027346256545254	0.1014497999276589	0.10001067224448357	0.098366568687451306	0.096445903420992796	0.095147988421621532	0.094093534386843425	0.092902079780267099	0.091544165507562836	0.089958980228963092	0.088060607315613382	0.085692150858444283	0.084358441991895239	0.083338867328256683	0.08223497030344884	0.081036918753634835	0.079731526117469365	0.078286469857492547	0.076673632107925771	0.07483366415951509	0.072609979401702329	
triceps-upperarm	phi	6	0.13415391283272582	0.13415391283272404	0.10306290501441495	0.081761255810566258	0.079824606135011633	0.077956472568273094	0.076398541048026569	0.074772157664485084	0.073065286044761368	0.071263365467279627	0.069346687866491674	0.067288046316484662	0.065048656544041128	0.063577171209810324	0.062051862088121412	0.06043344117221805	0.058694336042218076	0.056802477105431182	0.0547133229222867	0.052538271474095843	0.051595949032062549	0.050612188045437545	0.049541520966775554	0.048342712872905924	0.046972510593597638	0.045371589357273034	0.044290261624174487	0.043412019988104511	0.042418399816875896	0.041286804590550563	0.039966026336442972	0.038383839429693811	0.036410125716044073	0.035299003698953557	0.034449056135900324	0.03352914191954115	0.03253076563976709	0.031442938433841938	0.030238724911016757	0.028894693423279216	0.02736138680025757	0.025508316168089795	
triceps-upperarm	phi	7	0.10238165365274177	0.10238165365274043	0.065755031143227338	0.040923804460054836	0.039363378113455472	0.03786560400618888	0.036618832838424709	0.035317726131589344	0.033952228835809617	0.032510692373823424	0.030977350293193373	0.029330437113138874	0.027538925338485232	0.026362712625823903	0.025141489670497563	0.023846752937775051	0.022455468833774583	0.020941981684344801	0.019270658360879711	0.017563204181276104	0.016965606610731099	0.016367312827263003	0.015724941385824032	0.015006433823538723	0.014184095763291937	0.013222958835416243	0.01257457646793525	0.01204838306474354	0.011451039890100434	0.010772082755976076	0.0099799136440161806	0.0090303036578442963	0.00784607543083915	0.0071798351333940413	0.0066694337337716014	0.0061174851517256101	0.0055184594049884073	0.0048657630650170702	0.0041432350024432907	0.0033368160539815062	0.0024168320813453548	0.0013049897008623468	
triceps-upperarm	phi	8	0.083741713890582048	0.08374171389058005	0.041807005647349849	0.01368978560518852	0.012760021960154244	0.011880598428357203	0.011152652489086146	0.010393673576763129	0.0095971334875561976	0.0087562372180636228	0.0078617876710294077	0.0069010884209119716	0.0058560399614751013	0.0051709934731114515	0.0044575356411242772	0.0037022725470361451	0.0028906901530354467	0.0020078226492012963	0.0010328840841853371	9.3796015592451099e-05	1.7981837982405935e-05	2.2204460492503131e-16	-9.7738566129379478e-09	1.5751509603312286e-06	1.0430696020247154e-06	2.9351274744016109e-09	6.5402443660822485e-07	1.6367844291043099e-06	8.8817841970012523e-16	3.8407055313882665e-12	3.3169532365207033e-07	6.4837024638109142e-14	2.8306246235842991e-12	3.5743044435321281e-07	1.2180878528056382e-10	2.4424906541753444e-15	4.9299675453085001e-11	1.0994316568258e-11	-5.0276449670150214e-12	3.2418512319054571e-14	2.7797764090564669e-12	1.9317880628477724e-14	
triceps-upperarm	phi	9	0.078234093546245997	0.078234093546244221	0.031218828526782483	5.9199197484094412e-05	1.4288398673123481e-05	1.1819804457413596e-06	1.2212453270876722e-14	5.5511151231257827e-15	1.5543122344752192e-15	0	0	2.3980462060535501e-10	4.1301029263252076e-10	1.5942989874950797e-06	1.9984014443252818e-15	1.5543122344752192e-15	0	-1.1102230246251565e-16	9.2202467882884775e-11	1.2344791078255923e-07	9.3530490419269086e-07	2.2204460492503131e-16	3.6405772618763876e-08	2.5416613391726628e-07	2.6669474362250867e-07	6.637099092543508e-09	1.9999697986605725e-07	1.6096117705366453e-07	5.773159728050814e-15	5.8308913253313222e-12	2.1365684998997381e-07	1.6164847238542279e-13	-1.1116663145571692e-12	3.3005104893568671e-07	1.1692291579379344e-10	-2.2204460492503131e-16	2.1079804568557847e-11	6.4006577815689525e-12	0.0016492124471534364	0.0040648491703749734	0.0061677668489903414	0.0078070505173024607	
triceps-upperarm	phi	10	0.085858792619733615	0.085858792619731839	0.033990499781524575	2.1591173293700194e-11	4.717155075439905e-07	4.4321500269894898e-07	-2.5646151868841116e-14	-1.2212453270876722e-14	-4.1078251911130792e-15	-8.8817841970012523e-16	4.4408920985006262e-16	3.8807912439153824e-10	6.5696625917155416e-10	1.1556405525858793e-06	-7.5495165674510645e-15	-4.1078251911130792e-15	-1.5543122344752192e-15	0	1.2959144868318617e-10	1.578660513423813e-07	1.3147195545570867e-06	2.2204460492503131e-16	2.1664471994142787e-08	4.7473905451234089e-07	5.2202698519465685e-07	3.5647003127081689e-09	4.4980310365261289e-07	2.0665260067609381e-06	-2.2426505097428162e-14	1.5762946503627973e-12	0.0010479157436418252	0.0026159391584690272	0.0034104390692770714	0.0064005845174299747	0.010138577153765427	0.013795711958653811	0.017338393859851475	0.020731982532029569	0.025377377714867366	0.030456575865241531	0.03495640161242819	0.038603309101726824	
triceps-upperarm	phi	11	0.10661581111104468	0.10661581111104268	0.050122019411577012	0.0099496064506430226	0.0049260993805757547	0.0050678883029984245	0.006451492126503533	0.0074798826457871392	0.0081176433736680487	0.0083167219311524043	0.0080079077303727431	0.0070883957542684506	0.005399333765423453	0.0061006391277707017	0.0066668374819762732	0.006970438962876635	0.0069519707866936287	0.0065272151239308407	0.0055648268946433266	0.0041241546117463113	0.0054471979750909671	0.0066562522791475676	0.0077054588124108037	0.0085006541431160709	0.0088972308527546229	0.008657304753241668	0.010495966160650072	0.0134041948077952	0.016270895846435041	0.019031325138652466	0.022477697981787115	0.025959160292126082	0.02797724323820594	0.034125473056877187	0.041697236305241248	0.04913276319019122	0.056366824986490371	0.063331549719997104	0.071184495867240294	0.079175180084631203	0.086365904293093321	0.092388775753291519	
triceps-upperarm	phi	12	0.14050514902017963	0.14050514902017786	0.079613387416939796	0.033508281836184262	0.02375659910299377	0.024300792142508243	0.027273866564703209	0.029549185225427932	0.031058981328528246	0.031710555299402587	0.031370931429256288	0.029843170512448225	0.026823743878026107	0.02842698481266015	0.029777584783332145	0.030619637215336892	0.030843910215092585	0.030290633949849211	0.028710625411881407	0.026221199943246898	0.029033273361835477	0.031647478976784216	0.033966693985682195	0.035815934939602334	0.036922538042157838	0.036836095857690987	0.040711143792279803	0.046641172635188743	0.052525051784975796	0.058232703068938019	0.064318959337436477	0.070029663389554964	0.073700412505674606	0.083175571044568963	0.094675977569725234	0.10601115369461245	0.11708529340099716	0.1277987015703026	0.1390705669093959	0.15022066182854443	0.16039627489098462	0.16916345047199788	
triceps-upperarm	phi	13	0.18752680634713825	0.1875268063471367	0.12246460379761159	0.070676026177961093	0.056492671430369512	0.057699596058119695	0.06246712331457327	0.066207907738911054	0.068824013864576594	0.070181500104748995	0.070089071096651301	0.068264324662620002	0.064273230994773556	0.066982183092294978	0.069332241904059178	0.070947594757376775	0.071675818285195758	0.071290256477755332	0.069437395681305691	0.066291752363273782	0.070761904286003707	0.074973680092911055	0.078783856971217592	0.081946772523572298	0.084076877573856734	0.084536388799856477	0.090646301199623025	0.099713920151952129	0.10876246781559895	0.11760413379243473	0.12657183224176061	0.13482744845075456	0.14057994687168351	0.15355097081186297	0.16907480094718053	0.18443088347191727	0.19949379910337139	0.21413343808294583	0.22903559084186464	0.24359302109698122	0.25704751340610343	0.26892733325784501	
triceps-upperarm	phi	14	0.24768078309192099	0.24768078309191921	0.17867566855359418	0.12145283947596952	0.10313442545683094	0.10526440613861454	0.11203126237611416	0.11745605018623584	0.12141274098181265	0.12372955634719252	0.12416232673255845	0.12235185820478245	0.11774779511566624	0.12176672591421567	0.12533080884415737	0.12795431158899651	0.12944769499700248	0.12952608270764876	0.12774513770291618	0.12433585999120389	0.13063341565563791	0.13663485562752808	0.14215696095736741	0.14689324347144161	0.15036032555135792	0.15175818385564366	0.16030149633812441	0.17262255461107956	0.18498314393830428	0.19714561730914126	0.20923634902824939	0.22035251547572532	0.22861584633623266	0.24525169960714122	0.26489370643760402	0.28439195252210547	0.30359234209361308	0.32233575925792768	0.34107956766470249	0.3592922578899409	0.37631961983844953	0.39168042411083337	
triceps-upperarm	phi	15	0.32096707925452717	0.32096707925452539	0.24824658168488623	0.18583872173020843	0.16368189614163264	0.16699525563168316	0.17596628374932521	0.18329361256740251	0.1888251626802373	0.19235472402673315	0.19359069833697706	0.19210577113893623	0.18724743624070439	0.19278076401449296	0.19777328560362673	0.20163978771019586	0.2041595403505132	0.20499811263953016	0.20363385147671309	0.20035353457248317	0.20864790932031418	0.21663100558063486	0.22408600803618373	0.23065537717923323	0.23577291405876077	0.23850148105239777	0.24967674751503233	0.26536711898854737	0.28118708015309091	0.29685715361905807	0.31231252182428437	0.32660486446446679	0.33780811089932161	0.35827776798005173	0.38213269404099526	0.40589436084517772	0.42938092237172176	0.4524056650952466	0.47520249737792408	0.49731837220742303	0.51821259418802157	0.5374227230309625	
triceps-upperarm	phi	16	0.40738569483495679	0.40738569483495546	0.33117734319148906	0.26383367294067872	0.23813509839445346	0.24289215843899914	0.25427218743420754	0.26372059488241129	0.27106127895984922	0.27605700314337023	0.2783741859099067	0.27752606346508135	0.27277215436988822	0.28002436116941265	0.28665967218246746	0.29200402312097506	0.29581135434572881	0.29770634627339887	0.29710353700269621	0.29434477893993183	0.30480542909329511	0.31496212995223161	0.32457099874499318	0.33323318396445689	0.34031465372634884	0.3447662803968774	0.35877206259369965	0.3779476312930794	0.39737427645996082	0.41673874272218514	0.43580035600613654	0.45358449541697987	0.4681567405609508	0.49262918035588443	0.52079176375735403	0.54893810844113244	0.57685953993769878	0.60434315559490415	0.63140437998154164	0.65767136404942939	0.68272643645482112	0.70615423001823263	
triceps-upperarm	phi	17	0.50693662983321097	0.50693662983320986	0.42746795307340157	0.3554376931073806	0.32649403942345101	0.33295512125834348	0.34694897343075937	0.35873699713126239	0.36812108982064906	0.37483639369710464	0.37851278945134759	0.37861273518321692	0.37432194950321573	0.38349754951188242	0.39198996858067847	0.39904701782133367	0.40440313698264685	0.40765078360925466	0.40815419428086597	0.406309590230993	0.41910599400727921	0.43162822874231832	0.4436119332649282	0.45462666765730164	0.46398554966247607	0.47055258189404658	0.4875874447032964	0.51036411876859056	0.53354473285891579	0.5567903846185227	0.57969985480071262	0.60129140833326344	0.61966173532111979	0.64830593910142031	0.68087091558668122	0.7135231953099721	0.74602819479154281	0.77814823075690009	0.80968521547546857	0.84035123341595952	0.8698611466388475	0.89787494507264443	
triceps-upperarm	phi	18	0.6196198842492886	0.61961988424928705	0.5371184113306231	0.46065078223031253	0.42875872280403393	0.43718414669133931	0.4539966417389818	0.46834281931395383	0.48000459526263728	0.48869289568793528	0.49400650896130038	0.49536578629334516	0.49189682164068849	0.50320034630864319	0.51376417479826175	0.5227687718112719	0.52993488826126978	0.53483142464709865	0.53678582331122149	0.53624797009841529	0.55154960547808662	0.56662930195089567	0.5812088116420675	0.59483582422342973	0.6067856024085474	0.61586038556188871	0.63612289514246001	0.6626165560322157	0.68969844934995539	0.71701207930807032	0.74401100169615719	0.76972560321331707	0.79232309517982991	0.80610606745210744	0.81745600535720486	0.82745281717322472	0.83580083308095565	0.84215095537603224	0.84604208907801737	0.84685615100265244	0.84358186196467755	0.83405552602007882	
triceps-upperarm	phi	19	0.74543545808318923	0.7454354580831879	0.66012871796315542	0.57947294030947671	0.54492915035791123	0.55557923510899898	0.57541519235887462	0.59253806143048937	0.60671179528581343	0.61762650911586259	0.62485534443976487	0.62778521679546295	0.62549677078230759	0.63913275804329661	0.65198229083521619	0.66316928509079021	0.67240660818159648	0.67924826938693039	0.68299842409376321	0.68415991661165521	0.70213623372335565	0.71996534957796232	0.73736163333024196	0.7538606367783649	0.76871475480137219	0.78068968998444421	0.78475163442857365	0.78562717596234855	0.784811322816791	0.78176706294155629	0.77569925052617084	0.76536015033817595	0.74853450391591991	0.7357833865956287	0.72482482971672235	0.71292877061912563	0.70002893222416773	0.68603205013358526	0.67076215186381805	0.65399152650823167	0.63524954788008436	0.61335491138337495	
triceps-upperarm	phi	20	0.88438335133491353	0.88438335133491308	0.79649887297099831	0.71190416734487272	0.6750053232536386	0.68814038651636489	0.71120462529043804	0.73132272348086547	0.74824268989017817	0.76163723398088701	0.77105929588674149	0.77587103028588356	0.7751218020299222	0.79129474744997941	0.8066443166915418	0.82024855765988836	0.83181829674362806	0.84090131782874966	0.84679199683687845	0.84799243991134587	0.84114468851932944	0.83217822083532678	0.82081831268650518	0.80665561860305113	0.78908332776581913	0.76718743030457937	0.74636783935765605	0.72643676967990833	0.70539833116771788	0.68312716984433708	0.65940632942106081	0.63390485215946168	0.60603492949224869	0.586143743617354	0.56968762639453052	0.55425639102540103	0.5399766905938963	0.52698089585860908	0.51540503692142337	0.50544140142512539	0.4973524568641392	0.49161581200625615	
triceps-upperarm	phi	21	1.0364635640044622	1.0364635640044617	0.94622887635415065	0.85794446333649921	0.818987242155504	0.8348676023052346	0.86136494053367274	0.88469680546508411	0.90459727907572995	0.92072507028300898	0.93261836330222847	0.93962321658996339	0.94077190025809099	0.93344729413407546	0.92261581377169088	0.90833818166221425	0.89049690886057764	0.86889019425986835	0.8431951052927662	0.813488937389373	0.78767202218248378	0.76064897361950257	0.73256826192548985	0.70357400215513577	0.67382226119847943	0.64352094582231967	0.6191197361080778	0.59834123397555161	0.57921579079221042	0.56207170691450425	0.54733713734611289	0.53566665403995972	0.52821819999960984	0.52505396323148079	0.52439129362622072	0.52630746300669373	0.53082670572791169	0.53798807018867456	0.54789243530689413	0.56072584409101345	0.57693262331228379	0.59773297632636258	
triceps-upperarm	phi	22	1.201676096091834	1.2016760960918349	1.1093187281126129	1.0175938282843577	0.97687477090181751	0.98390564415058002	0.98424083511246652	0.97948204799862149	0.96960581716003347	0.95457609507414443	0.93432641974013131	0.90873554574349225	0.8775906106769229	0.8501240468938116	0.82096410446700308	0.79020890382856424	0.7582452376565274	0.72548648322926357	0.69239544378333306	0.66010121532426203	0.63587936853462135	0.61370061082490746	0.59402741889923028	0.5773875320869295	0.5644319268703919	0.55604222088712563	0.55308836533120975	0.55408594983827331	0.55899365108897414	0.56808177294185591	0.58175926772860787	0.60070369556492853	0.62621905934711952	0.64955436297495783	0.67260970890138227	0.69718681627224566	0.72294233063640645	0.74954197574155534	0.77670698469131683	0.80418944524647462	0.83191023317104174	0.86027612488316452	
triceps-upperarm	phi	23	1.3800209475970293	1.3800209475970306	1.2857684282463842	1.1908522621884465	1.1294295252598525	1.0986385635729894	1.0624073996034737	1.0228749675207367	0.98081112492264722	0.93700475027927288	0.89225986916137234	0.84739785014364322	0.80326991255866043	0.76307203483773201	0.72586041970342818	0.69226391517465813	0.66297243857825938	0.63869156582189213	0.62019138481794789	0.60827136268905191	0.60131221822807368	0.60009865607122759	0.60482106512914169	0.61571684750053723	0.63314956111873788	0.6577476720894615	0.68315705986267816	0.70978155627734951	0.73948010339285886	0.77197233767380635	0.80715993593776991	0.84526195081416766	0.88724997770737257	0.9184556709578735	0.94351942638027619	0.9653300448380624	0.98331447991180054	0.99699028732802697	1.0060178687866586	1.0101618016375573	1.0094379786360492	1.0044189969450086	
triceps-upperarm	phi	24	1.5714981185200489	1.5714981185200507	1.4755779767554671	1.3777197650487669	1.2961188715814083	1.2298197103117836	1.1616941469665418	1.0941008651904758	1.0285142058144729	0.96636059494323812	0.90900793405823421	0.8577649505479823	0.8138969422170037	0.77775476252379372	0.75030216455413301	0.73213434644137187	0.72369362248278279	0.72531369092155384	0.73726561966365178	0.75952406030304309	0.78750145905010149	0.82336559720365932	0.86645505306805681	0.91607692486760817	0.97158196228902005	1.0324837445896868	1.0913087194317943	1.1481346773960568	1.2040389626120689	1.2578977130909372	1.3087804813232262	1.3560569817640098	1.3997261238714982	1.4275956966352137	1.4433387966290177	1.4490242704529583	1.44409427973872	1.4282018205937681	1.4012482741427945	1.3633513144116094	1.3149420417713298	1.2569583230577281	
triceps-upperarm	phi	25	1.7761076088608947	1.7761076088608947	1.678747373639859	1.5781963368653189	1.4769428129705959	1.377449083497698	1.2821010772016725	1.1931597410078405	1.1127150598355104	1.0426436290660428	0.98457061443071758	0.93983684695651015	0.90947169965195429	0.89417227897220508	0.89428933901911689	0.90982019762870547	0.94040878937009831	0.98535285852824916	1.0436181483204452	1.1138593084569162	1.1944471102076744	1.2835014342222033	1.3789293829672014	1.4784677678441316	1.5797291374377949	1.6802504384161403	1.7775433534613199	1.8691453486067	1.9526702287465856	2.0258578991932445	2.0866209230125681	2.1330887884144563	2.1636474978394986	2.1769744682018173	2.1720678196476011	2.1482694931169308	2.1052817301171625	2.0431765755387765	1.9623982007576943	1.8637579835686311	1.7484224225768825	1.6178941032213237	
triceps-elbow	phi	1	60.584692837344519	60.584692837344519	60.802480695647411	60.890076072726423	60.845774024196139	60.670436839123674	60.367477256171171	59.942792039194131	59.40464720280972	58.763517124127446	58.03188067085425	57.223978314328946	56.355534954945981	55.443453851127217	54.505487635195578	53.559892741509458	52.625074102805037	51.719226900544285	50.859982420133264	50.064064878008047	49.346965903781225	48.722643013298566	48.203247941181523	47.798890122722035	47.517439921619932	47.36437544585749	47.342675923351599	47.452763691393173	47.692496068419523	48.057206885575056	48.539797478665449	49.130874770795145	49.818934114752992	50.590583218093357	51.430802808732651	52.323238968099609	53.250521441474888	54.1946017302824	55.137104385575931	56.059684665251062	56.944385593583441	57.773987473335467	
triceps-elbow	phi	2	54.974701266456591	54.974701266456591	55.124340138605945	55.160412919347664	55.081388546597815	54.885583333482032	54.582724220298417	54.168152028281447	53.649136327034633	53.034874460832199	52.336278678910141	51.565712686144693	50.736665733326063	49.885892031536429	49.010228474465606	48.125037405656713	47.24645663772435	46.390300456422366	45.571664523659102	44.806360879529969	44.12933527611569	43.532335811227981	43.025768254311487	42.618020181025663	42.315160844660937	42.120575076948519	42.056985817634711	42.116230396263902	42.288094714840845	42.567707298445235	42.947443111822395	43.417009805193871	43.962469079210045	44.606356922039964	45.319394977306416	46.077972559463888	46.866493519632741	47.668644163371411	48.467339208021045	49.245603264085318	49.98602634830312	50.669422148627021	
triceps-elbow	phi	3	49.638727064114931	49.638727064114924	49.725353862463564	49.714275013583247	49.604318138776847	49.391068113310631	49.089890301773664	48.686624432485594	48.187608219443838	47.600845492164297	46.935786746491395	46.203049293965108	45.41405043976367	44.623146008232197	43.808409683101488	42.9825262893144	42.159516173865974	41.352978627100669	40.575663746871662	39.842488163669216	39.20551946927413	38.636735008832069	38.144926295288435	37.73690513531929	37.417114937484889	37.187081403053007	37.086838465972683	37.10065384968491	37.211251170873702	37.41362292131523	37.69974929213631	38.058642086001683	38.474359332005292	39.000807623450406	39.596381233974377	40.231288768736277	40.89161922713339	41.562715938142858	42.228768697051486	42.874147464557531	43.482074968313327	44.031823910034859	
triceps-elbow	phi	4	44.576770230319482	44.576770230319482	44.605521867220276	44.551662355433137	44.414562793706317	44.186891173230698	43.888975500596977	43.498209251806564	43.020062880037287	42.461430218123738	41.830404873598013	41.135988137790221	40.387689074258773	39.655215735656924	38.900031261103202	38.132359392482527	37.364252711229881	36.607261412579213	35.871980089770965	35.172446733249913	34.575518465397003	34.03584060611086	33.560722063766029	33.155544982710872	32.823302190836444	32.563894424160168	32.432233861911371	32.406034004931492	32.461965436518206	32.594953754185099	32.796716013669958	33.055771613218624	33.354604873138712	33.773935316220744	34.261761578736547	34.783187595916772	35.325898563976828	35.876817054596728	36.421392852667253	36.945317266667686	37.432531453614061	37.86119275755901	
triceps-elbow	phi	5	39.788830765070315	39.788830765070294	39.76484415287603	39.672574944897363	39.512122499204466	39.273052500180683	38.979979816768328	38.602906486244386	38.146500308814993	37.616628638710509	37.020133060229981	36.364529217619975	35.657581636811372	34.982101141214841	34.285093208470727	33.574536715161081	32.860666249816084	32.153148812857971	31.460613552356975	30.796236592573898	30.239332215151641	29.729652603064345	29.273155558856317	28.873939703135822	28.533722584511167	28.25101414024083	28.09317199071149	28.032370842845054	28.040237511774372	28.111699797054815	28.238343264553254	28.408398386844663	28.603205702610289	28.925739987458826	29.315536011592926	29.733669041005367	30.16933153016307	30.610947512733024	31.045211674868341	31.459112670415763	31.837395804205308	32.157528691199445	
triceps-elbow	phi	6	35.27490866836736	35.274908668367338	35.203320719430877	35.077012781975903	34.896997234933579	34.649552072401455	34.362903250287715	34.000716135799031	33.566920505776963	33.066440753924653	32.504971306387318	31.888672533454411	31.223728127421474	30.603802092351899	29.963595525204109	29.309058257350067	28.64875678962461	27.990640827936964	27.341564134629728	26.713857731154658	26.196960611697563	25.718170999692511	25.282226777669319	24.892089249956406	24.548376070400781	24.248440551189958	24.069652824597881	23.979664307953403	23.946067396642192	23.963861049924386	24.024631020238949	24.11652240687981	24.220161820420046	24.456221609916277	24.757704532543514	25.082733104002088	25.421918125692102	25.765107312551741	26.100225163654748	26.415533675801786	26.696668020087085	26.920831710956186	
triceps-elbow	phi	7	31.03500394021065	31.03500394021065	30.920951566884806	30.764975866668831	30.569186963302698	30.316389849086377	30.037745801155125	29.691638200470511	29.281323470923208	28.81086656376613	28.284919612070031	27.70841808529353	27.086128546089057	26.520318292236283	25.9355382113033	25.335924019049479	24.728524330655432	24.119737457816164	23.514831836589185	22.925310111023411	22.448403381889381	22.001395795995386	21.587935706345828	21.209993542493674	20.867262563827808	20.556173656359327	20.361676288890802	20.247914242022961	20.179455091121664	20.151437512793805	20.155579215007652	20.180143673324046	20.205473226567971	20.365380104480877	20.5882671415883	20.830379784906892	21.083658350563937	21.339296454052892	21.586433319028295	21.814580282825741	22.010348101259389	22.151101816829218	
triceps-elbow	phi	8	27.069116580600198	27.069116580600184	26.917736695237814	26.736464198975831	26.52869159486195	26.273565728556246	26.004507469370594	25.675672680258828	25.289709204253704	24.849906068234965	24.359977977278092	23.823765873137315	23.24478289281415	22.731648805363179	22.200921266768344	21.655134000259327	21.099968872908562	20.540438702495599	19.980416658235388	19.430593574726579	18.9936594354409	18.579326991972948	18.190282228197439	17.82765218299927	17.49038165887232	17.174213442995395	16.969242026322831	16.837119457282167	16.740400595212908	16.674429185663076	16.631187545567311	16.599262186177381	16.559139921054086	16.653214998198017	16.807223838727243	16.976609083719815	17.154552204778575	17.333514937236462	17.503836140886172	17.656252491487649	17.778436047722209	17.848339008818535	
triceps-elbow	phi	9	23.377246589535986	23.377246589535968	23.193676104489885	22.991477778826614	22.7755107712495	22.521079296566995	22.263188254934079	21.952819575163986	21.592077705768471	21.183559267331137	20.730146402011513	20.234715896985772	19.699691167596743	19.237793073652377	18.759744691599209	18.266688200979619	17.763090416383996	17.252744561975259	16.738318599568299	16.229480140675129	15.831454932375099	15.449509751248687	15.085595996418743	14.740168068550975	14.411590152325045	14.095121254171307	13.884324255160609	13.738979612341641	13.620325069588997	13.523956196930824	13.442217061005714	13.364173555135215	13.270805421201594	13.309272141717766	13.404112568093806	13.510814090282286	13.623683549335981	13.73634407609641	13.841403377763271	13.930221012859173	13.990887394449839	14.002180644698637	
triceps-elbow	phi	10	19.959393967018006	19.959393967017995	19.748769794641046	19.529974550583155	19.308086666573917	19.055694640918514	18.808983453823455	18.516537183476885	18.179986713437053	17.80132541985801	17.382712822810721	16.926194024552821	16.4332616679682	16.019480955163615	15.591103969300807	15.148084656150811	14.693827602020104	14.231071973108111	13.76146097021736	13.293912532257002	12.935341745626294	12.587442840650333	12.251466721087841	11.927287623629201	11.612827522307725	11.303060935850109	11.092722859785576	10.940654977719808	10.80768963233273	10.689724314603707	10.580470861865024	10.469031146844147	10.33621774946463	10.331943011246125	10.380136323648252	10.436794311869207	10.497337098603422	10.556547567458457	10.608361134813769	10.645245945790711	10.656380458736429	10.621774676919411	
triceps-elbow	phi	11	16.815558713046272	16.815558713046272	16.583017765691277	16.34771332540106	16.116813537912044	15.868833009736004	15.636034935358353	15.363528525172566	15.052410714103811	14.7040126155586	14.319706373137365	13.900623794581572	13.44720586176423	13.080871775246267	12.701408899875489	12.307565846082507	11.901731240054332	11.485631208388362	11.059902168629765	10.632898941004569	10.31587789256483	10.004777141398023	9.7001914435686736	9.401437528017377	9.1060157179274697	8.808628139590315	8.6060127431194555	8.4555659208959852	8.3173854370716427	8.1876903173726596	8.0607499543904932	7.9264472974332492	7.7666435117445953	7.7299479610783681	7.741434989986022	7.7585368240641017	7.7776723646659356	7.7946806300833806	7.8047094120706451	7.8013272902822788	7.7749152405819899	7.7071211054808479	
triceps-elbow	phi	12	13.945740827620789	13.94574082762078	13.696420017640584	13.44904860195207	13.213224328328245	12.972875973190801	12.755694603244059	12.504457286102266	12.219804701665641	11.902501909939827	11.55325188934758	11.172418628357075	10.75957464104367	10.439295207528367	10.107399313226898	9.7616493347815894	9.4035712340360611	9.034042347537266	8.6528795236240601	8.2678628706491608	7.9919620870677281	7.7181266769407273	7.4464163279816571	7.175735926279236	6.9033278888628367	6.62382961785117	6.433622304926029	6.2897639911028538	6.1526078107306139	6.0187473081832534	5.8830752728406264	5.7364220068951788	5.5620827080414852	5.5032872822515388	5.488008567106351	5.4760416268669712	5.4646893475235245	5.4507432639711801	5.4304482095362738	5.3984650463338646	5.3464917399865204	5.2582199303829533	
triceps-elbow	phi	13	11.349940310741548	11.349940310741538	11.088976550488974	10.833980380235861	10.597319866511569	10.367824091593317	10.167962457480556	9.939323466265984	9.6821686761225347	9.3967933030017061	9.083349371441356	8.7415785258793388	8.3703680058065117	8.0947545003309216	7.80907520935504	7.5103351222480601	7.1993475839652934	6.8763053905548244	6.5403930352002444	6.1988049833311356	5.9635976314077759	5.7274914472784424	5.4901415379386966	5.2501833600535459	5.0047645163881498	4.7486653829536882	4.5755518459562943	4.4432499849119829	4.3133567533096393	4.1828952870354756	4.0474468997177349	3.8989552752299312	3.7225353383553017	3.6519610149598494	3.6198570550092244	3.5893087202778142	3.5583880471761864	3.5247354691218593	3.4855775272109	3.4366592139454779	3.3711099569500114	3.2750711516257232	
triceps-elbow	phi	14	9.0281571624085455	9.0281571624085419	8.7606873642364338	8.5025086602524205	8.2691002703277086	8.0536774868792929	7.8728384980678552	7.6681270656637164	7.4395026374744955	7.1868867947442325	6.9099988194187008	6.6081034871483704	6.2795859560527605	6.0472503992880098	5.8064365882599143	5.5536232084819162	5.2890602898420314	5.0124203374410312	4.7224427033583254	4.4257253439038857	4.2307849520305778	4.0328714524111717	3.8313670889577214	3.6247799138737999	3.41032567835195	3.1831354351634005	3.0318014168089178	2.916023989868842	2.799632264808726	2.6801342539293316	2.5538648536500457	2.4140471024375088	2.2480014026860422	2.1759691709807729	2.1369804536946408	2.0983381042966309	2.058768463623919	2.0166572455354141	1.9700973650945484	1.9159097931171134	1.8487698914724713	1.7576747692091597	
triceps-elbow	phi	15	6.9803913826217894	6.9803913826217876	6.7115524588829762	6.4546334420017555	6.2285655734795347	6.0304361932473265	5.8703227250059475	5.6908680842954613	5.4918065857215224	5.2727823851674014	5.0332002332796169	4.7719935121641601	4.4872284917824166	4.296783117671124	4.0994834499415216	3.891513593483154	3.6727093516662723	3.4423871881958945	3.1990285280982951	2.9486239670190661	2.7935241724304185	2.6342666923389118	2.470092983332588	2.2995256184840738	2.1200114062102369	1.9272397745026026	1.8023710330455405	1.7080860330473442	1.6114343452278694	1.5104642088648204	1.4023291423124857	1.2816974885179104	1.1384809010337102	1.0753117565796111	1.0393787631626012	1.0031297789234208	0.9658305968667269	0.92650859321184531	0.88400772318723275	0.83621678384877107	0.77947154355389681	0.70603078313326217	
triceps-elbow	phi	16	5.2066429713812772	5.2066429713812745	4.9415718344285944	4.6903547254838625	4.4757157886543286	4.2981002233554451	4.1604151382948418	4.0075465221612259	3.8390805208636154	3.6544800742712216	3.4529536130240972	3.2332486009267152	2.9932956129954751	2.8433527386021571	2.6882157943998592	2.5240062772517811	2.3502947694380145	2.1662059428194116	1.9701505094201588	1.7675008560195131	1.6518153407020613	1.5316771670616656	1.4063192216068265	1.2744204847812393	1.1338217106077777	0.98097840097413957	0.88726070206793883	0.81943612273550603	0.74876299456706907	0.67388515184194442	0.59283976986304276	0.50190643347113761	0.39397383339830361	0.34998877574723974	0.32705198341310426	0.30368374415818544	0.27957444690460576	0.25428951215115281	0.22730860148895715	0.1975801861404527	0.16321491319428816	0.12013919339803092	
triceps-elbow	phi	17	3.7069119286870063	3.7069119286870045	3.4507454908732873	3.2096725106987414	3.0105509213832793	2.8566695827633839	2.743115737934529	2.6181623792610034	2.4813244429007746	2.3319798620556842	2.1692589586521436	1.9918687534360329	1.7977873196919418	1.6869593006104058	1.5726336216349313	1.4511012597877917	1.3218165431572633	1.1838766013115798	1.0358086473239156	0.88235600765119959	0.80565847405096047	0.72510287657943095	0.6400458039438861	0.54946451710090383	0.45175659675909352	0.34435131457937684	0.28647042678893109	0.25007428353723182	0.21161821282632554	0.17039708286070065	0.12539673854191657	0.074673937297189852	0.014480199779822955	2.2949908706770827e-07	1.1444614989031265e-07	9.2459373490783037e-13	1.3737557758020102e-08	2.3533375248518951e-09	-3.8669067947694202e-13	-7.8435036243718059e-12	3.9364578263700878e-10	3.4658942382748137e-12	
triceps-elbow	phi	18	2.4811982545389797	2.4811982545389797	2.2390734282170586	2.0125867976463954	1.8330709742995777	1.7061442736135235	1.6184245239250181	1.5227156555947992	1.4185383518329968	1.305281748520795	1.1821162701637578	1.0478539696921092	0.90070361187181369	0.82760282335047664	0.75273693164673494	0.6727985410911872	0.58727467282401369	0.49539916367240067	0.39600294180956563	0.29318942391603775	0.25505356534692525	0.21454382089220858	0.17127273035955004	0.12465770828987921	0.073816064420360261	0.017358515337011493	2.0677374257260794e-07	4.6463620995140786e-07	5.6419313665401205e-12	1.9210906199162991e-09	2.0803029077143265e-08	-3.9350744884814048e-12	1.7826806697485154e-10	1.1696845936270961e-08	1.2517570535663936e-08	2.1693757901175559e-13	5.2474993239570722e-09	1.291459161834041e-09	1.2729817200352045e-11	4.7132076019806846e-11	7.4237371805452312e-10	7.0115024897177136e-12	
triceps-elbow	phi	19	1.529501948937197	1.529501948937197	1.3065556464599064	1.0990975863268209	0.94327594853896191	0.84652429616146518	0.78634149626630334	0.72120635116260967	0.65072224766028697	0.57438573366655321	0.49152554755893818	0.40120424969494839	0.30204448953509089	0.26528331351858725	0.22852572443527053	0.18909812116196911	0.14666915843826756	0.10077362990187422	0.050733392877106986	1.1005244640038825e-06	5.7324356594889991e-07	-1.7763568394002505e-15	3.6845193562839995e-11	3.0921669669226048e-08	2.5076738685569921e-08	1.1946226230463708e-09	1.1794221821403994e-08	5.8767496424749766e-08	-1.158055162875371e-08	4.4238879226554673e-10	1.1428042290262397e-08	4.1645797921319172e-11	1.0702601027645642e-09	1.3472883031440119e-08	9.3600669437421402e-09	2.4691360067663481e-13	4.9257466994134802e-09	1.1586600567881078e-09	1.1942224986682959e-11	3.8008707292647159e-11	5.8608895514566939e-10	5.2211568402071862e-12	
triceps-elbow	phi	20	0.85182301188165788	0.85182301188165699	0.65319214560183081	0.46920487674001943	0.34116584327333621	0.27780964906167993	0.24686665495838578	0.21363446596443625	0.17787613038264283	0.13929181749295827	0.097486790837685966	0.051919592357015709	0.0018099510745801517	7.1964826275916494e-07	5.3801407773335086e-13	1.3611334281904419e-13	2.6201263381153694e-14	2.2204460492503131e-15	1.9897372638411071e-10	4.0857317529230386e-09	5.8662866786463042e-08	4.4408920985006262e-16	1.1747014472263118e-09	1.2921544279009822e-08	1.4394239133963538e-08	4.9438408922242161e-10	1.0128112570839676e-08	7.553934189274969e-08	4.4853010194856324e-13	2.4651125585251066e-10	1.0240286174578728e-08	2.0024204516744248e-11	5.2702686659245046e-10	1.2140341398847454e-08	5.6778586277062004e-09	1.6298074001497298e-13	3.5634952766372407e-09	7.7120443364719904e-10	3.2867042421003134e-12	1.9737544931786033e-11	3.2671265692840734e-10	3.2647218262127353e-12	
triceps-elbow	phi	21	0.44816144337236086	0.44816144337236019	0.27898292564283222	0.12290866888599061	0.026740654856548085	3.308088851738944e-07	1.2663203818874536e-12	2.7866597918091429e-13	6.3504757008558954e-14	9.5479180117763462e-15	4.4408920985006262e-16	2.0512036513764542e-10	1.9559709407701575e-10	6.6929426223438782e-08	3.7969627442180354e-14	2.3536728122053319e-14	7.9936057773011271e-15	4.4408920985006262e-16	1.382982617315065e-10	2.6046942380730798e-09	4.8968411547889446e-08	0	8.1128814777287062e-10	9.5164176538986567e-09	1.0771382008556429e-08	3.5410474552577398e-10	7.1141645907601969e-09	5.3728632876115512e-08	2.48245868306185e-13	1.8059886919274959e-10	7.3617894003064066e-09	1.7181367439889073e-11	4.3807202310119919e-10	8.6680957966933647e-09	4.0580467874917758e-09	1.1479706074624119e-13	2.6243469619657844e-09	5.7949045562111223e-10	2.7862157025992929e-12	1.5650591933535907e-11	2.5585755736301508e-10	2.5348612098241574e-12	
triceps-elbow	phi	22	0.31851724340930687	0.31851724340930732	0.18392798658291021	0.060208962764735308	2.2663975740577769e-07	7.889890185630577e-08	-1.6897594434794883e-13	-3.9968028886505635e-14	-6.2172489379008766e-15	0	-4.4408920985006262e-16	1.0094836078167191e-10	1.2705192453665859e-10	1.637764355244542e-07	-7.3274719625260332e-15	1.1102230246251565e-15	1.7763568394002505e-15	2.2204460492503131e-16	7.1419536951111695e-11	7.9694462140622591e-09	8.3483811197382352e-08	2.2204460492503131e-16	1.7264214502432651e-09	1.6133846481025671e-08	1.7428797516316763e-08	3.223514788430748e-10	1.1881464700991273e-08	6.8264509156534814e-08	2.9887203822909214e-13	1.2456302656005391e-10	9.383513521754594e-09	1.5980328171849578e-11	3.868634301795737e-10	1.0377651848969549e-08	3.1183791104893999e-09	9.9253938401488995e-14	2.0428811975392591e-09	4.5277892546380372e-10	2.2877255645425976e-12	1.5274448372792904e-11	2.2468760185745396e-10	2.2590818105072685e-12	
triceps-elbow	phi	23	0.4628904119924957	0.46289041199249659	0.36802732842206587	0.28110575837625285	0.23902913666052794	0.23678610215898699	0.22923620994231531	0.22233302086683993	0.21628865411613352	0.21137337349539576	0.20793758410088525	0.20644660487994448	0.20754006766276523	0.19980784240325233	0.19230890240425991	0.18565261115656106	0.18013696668301415	0.17615667793700762	0.17424894695042603	0.17430179724050898	0.16584567381258442	0.15813657765846711	0.15147367383875632	0.14626319955314004	0.14307663469863408	0.14275508888629806	0.13658895048801067	0.12761241358969988	0.11941524794122249	0.11235329838384778	0.10697378514392386	0.10412979059975491	0.10538813375500156	0.097897064673499123	0.08713082196546118	0.076474586869128336	0.066019198769673659	0.055899392883981935	0.046352308308105439	0.037704599306616515	0.030582283269451782	0.026439878180870791	
triceps-elbow	phi	24	0.88128094912192689	0.88128094912193022	0.83128095116029854	0.78559905572054278	0.76359200983342124	0.76134902621056177	0.75379916154157378	0.74689597246605421	0.7408516057153387	0.73593632509459717	0.73250053570008777	0.73100955644549703	0.73210301921961629	0.7243707173143783	0.71687185400346576	0.71021556275576381	0.70469991828221445	0.70071962953620881	0.69881189852582093	0.69886474581973723	0.69040857951187951	0.68269952925766586	0.67603662453127344	0.67082614195570889	0.66763957408125441	0.66731804040906173	0.66115189158560184	0.65217532166371384	0.64397819504322729	0.63691624994152507	0.63153672277973172	0.62869274219362481	0.62995108522524412	0.6224599990455566	0.61169377252520141	0.60103753846829377	0.59058214968791201	0.58046234433225408	0.57091525990748826	0.56226755090072156	0.555145234793752	0.55100282977931503	
triceps-elbow	phi	25	1.5736888547976049	1.5736888547976049	1.5736888547976071	1.5736888547976053	1.5736888547991796	1.5736888547543062	1.5736888547976049	1.5736888547976058	1.5736888547976058	1.5736888547976067	1.5736888547976062	1.5736888547976071	1.5736888547976076	1.5736888554901145	1.5736888547976067	1.5736888547976076	1.5736888547976053	1.5736888547976071	1.5736888547976031	1.5736888547949288	1.5736888548022119	1.5736888547975987	1.5736888546989221	1.573688854826881	1.5736888548089389	1.5736888549986077	1.5736888547377061	1.5736888858047937	1.5736888413062404	1.5736888547975938	1.5736888548979806	1.5736888547975934	1.5736888547975938	1.5736888547820547	1.5736888547975911	1.5736888547975916	1.5736888547975929	1.5736888547975916	1.5736888547975907	1.5736888547975902	1.5736888547975898	1.5736888547975907	
triceps-forearm	phi	1	9.8967816200816756	9.8967816200816756	9.0077621654948494	8.6501162977584762	8.8310040193053894	9.5468040758825072	10.783184929688183	12.515385651888394	14.70870125754853	17.31916302032203	20.294400501588932	23.57466848538651	27.094018793950521	30.781594131855879	34.563018728365684	38.361858646704704	42.101123288683858	45.704778788929531	49.099243777880339	52.214838320315401	54.987157746187656	57.358344548067862	59.278233499162162	60.705347615086836	61.607725466658017	61.963563663416522	61.761661887935524	61.001661695561815	59.69407448007891	57.860097558463444	55.531222487703751	52.748642514325986	49.562470961369662	46.030785542845329	42.218517130397487	38.196204506586191	34.038639251921957	29.823427054524135	25.629493361768311	21.535562381018053	17.618638959930617	13.952522825835924	
triceps-forearm	phi	2	9.3092317090294188	9.3092317090294188	8.4363993794775176	8.0513369366321594	8.1562254695914831	8.7444884415905086	9.8041806755536633	11.311627650287463	13.235259027135209	15.535054569988223	18.163299379890617	21.065468137904926	24.181204096921352	27.458720024543624	30.822698502982078	34.203616765643289	37.531697670804377	40.737824993795797	43.754806247975353	46.520474055056454	49.000815560588393	51.122973852774628	52.841095603163303	54.116921850811316	54.920444413796751	55.230301350773189	55.062406479401233	54.404920579922056	53.256263060427081	51.63444342917419	49.566379314157572	47.087567114523388	44.240611064720959	41.108143275385537	37.729589539408934	34.159214598384018	30.463317191198783	26.710730431922183	22.971358777725541	19.315150962913258	15.810424538568093	12.522362266874241	
triceps-forearm	phi	3	8.7413616948278552	8.7413616948278499	7.8865299992012563	7.4780454758475035	7.51383462695925	7.9841193442675138	8.8791483245212408	10.176346708950055	11.847135890404321	13.855265304906666	16.157468203808619	18.704213850053815	21.440509571494637	24.33180532436749	27.302470267811479	30.289579779843343	33.230223331457104	36.061884818227476	38.723490663911754	41.159955962668683	43.364436918694409	45.251282236217953	46.778770416155282	47.911753004197735	48.622155566643954	48.889152481713488	48.752597020676781	48.190554308672155	47.190729648971299	45.7681807557762	43.945584236802148	41.753142792125544	39.226514533178161	36.469581374216176	33.498873832042271	30.353850172508057	27.092828666458303	23.776397753701833	20.465990777349738	17.223305393531245	14.108500694291093	11.178692382445282	
triceps-forearm	phi	4	8.1931715774769689	8.1931715774769671	7.3581540246660779	6.9302419154045074	6.9038314923042527	7.2656967859816408	8.008087876590924	9.1095428278761688	10.544331847355849	12.279795225077368	14.276906973342957	16.490905621833161	18.871935217670391	21.400850060381632	24.002334022853905	26.619747689304862	29.196700270642033	31.676958262224574	34.0052970256896	36.13328404261047	38.078021826303228	39.743269698397782	41.091257938067507	42.089841072629511	42.712858916338085	42.940117056228544	42.832233500985438	42.358562802557394	41.497474245711743	40.261309538269472	38.668837237087423	36.745369547132398	34.520181366741269	32.115099814858887	29.526370008297459	26.780111228958297	23.927173677700551	21.020429019863045	18.113389360640891	15.260025672872018	12.512867427099605	9.9215131725490409	
triceps-forearm	phi	5	7.664661356976767	7.6646613569767634	6.8512714558719727	6.4079262553031757	6.3262160656903808	6.5892207695870688	7.1909993317627059	8.1112160070658081	9.3268468979898067	10.80864433050033	12.521615688493606	14.425543453242968	16.47548103544861	18.66585427893061	20.922289768109358	23.194120494027864	25.431128488359168	27.583045325787054	29.600225333308838	31.440458293635203	33.14157029501478	34.598936239314156	35.778558168750251	36.65118604589756	37.192554447369247	37.383195074293226	37.301315899265191	36.908946041098936	36.176496850648377	35.113829776653979	33.736138279998706	32.064247379543986	30.121611565410277	28.044698545867163	25.812078068174507	23.437997767734771	20.966352224925512	18.442824230405844	15.913554527599029	13.425311800935569	11.023524736993647	8.750824637185513	
triceps-forearm	phi	6	7.1558310333272495	7.1558310333272477	6.3658822928189505	5.9110984955435022	5.7809883449161523	5.9546912974786217	6.4278826900365926	7.181366246518964	8.1946810423061756	9.4418126211755471	10.891594349260593	12.508127344283233	14.251147024829304	16.126818065101407	18.062337503577822	20.012698194012351	21.933507984608525	23.780146008914951	25.508275586769511	27.081478719481925	28.555082350787007	29.818281858967062	30.840671107830612	31.595787906169008	32.061242129273296	32.218386535816499	32.159844180999428	31.841703951950876	31.227797463781222	30.325741470929753	29.147487297870544	27.709776289360267	26.030805129185207	24.258377461612969	22.355998011673439	20.327509788837457	18.210364308133194	16.043583385330237	13.866486278224317	11.719163777721912	9.6404726239732064	7.6666267763547005	
triceps-forearm	phi	7	6.6666806065284145	6.6666806065284145	5.901986535507004	5.439758636125509	5.2681483219886971	5.3621083699937699	5.7187379514125851	6.319993546235648	7.1478342803049699	8.1793000971030221	9.3868429556439033	10.738657294953967	12.198933185812468	13.783741613827511	15.422477229259311	17.07548078925829	18.703838759390077	20.268260311608255	21.729447786071571	23.05634533529523	24.318558065907002	25.401306557356516	26.277596754124765	26.923646631231442	27.318921919128922	27.44569144025126	27.407818262697667	27.156836322854421	26.651376085110272	25.897044621096764	24.902884119221632	23.681956276581278	22.247762058066051	20.756136262809939	19.15812983879421	17.448647292266372	15.659209927323587	13.82270648463621	11.972184612524943	10.141581603231034	8.3637110880382828	6.6689195900566105	
triceps-forearm	phi	8	6.1972100765802676	6.1972100765802658	5.4595841839361361	4.9939066770490816	4.7876959711874454	4.8114719806384336	5.0635651158906754	5.527097906215853	6.1863066119861898	7.0211067582827518	8.0073615076435338	9.117133305255166	10.318839518398097	11.636625567894136	13.002708945153817	14.382468279765707	15.742120812703835	17.047388233866961	18.263741931215051	19.365058208837191	20.431997764672047	21.348010334482499	22.089335103308752	22.634762126294969	22.96559362438304	23.065109777306386	23.045237766518298	22.854341472423791	22.447232714635707	21.827739227155046	21.002327964804888	19.980787341206998	18.772482352052815	17.537973134811381	16.218473549536625	14.801410278021498	13.312889082496707	11.780193528323762	10.230649530030155	8.6925652774629434	7.1932401291888848	5.7577030782912306	
triceps-forearm	phi	9	5.7474194434828023	5.7474194434828005	5.0386752381063484	4.5735426182793075	4.3396311775820493	4.3027820886522985	4.4623641834708705	4.8026793264595797	5.3100980373498281	5.9672326047147362	6.7531500052594957	7.6435553751868266	8.6108660225861922	9.6854700975960313	10.803032651261338	11.933660665534589	13.048354144549812	14.117529775691075	15.111158022199941	16.00772517372096	16.895841867795582	17.658865883894283	18.27592792433445	18.728156260065358	18.99853737851857	19.071291660701561	19.063809994172555	18.922723322119747	18.600164551488227	18.098377470005325	17.421515251290103	16.576380408052842	15.568528814454957	14.562775582721324	13.492148041277476	12.337462715490561	11.120005695681865	9.8620652830696756	8.5910480080624207	7.3270190823288495	6.0886369428824878	4.8955262121732153	
triceps-forearm	phi	10	5.3173087072360197	5.3173087072360179	4.6392596980176384	4.1786420054067221	3.9234539895686087	3.835734898487372	3.915627110853519	4.1484966582605702	4.5226513532229813	5.0231508097902395	5.6319736189638512	6.3281459714427886	7.087753253846536	7.94475088947007	8.8392992577628142	9.7458329313532186	10.639690812486965	11.495568589584124	12.287567832595592	12.99808701353189	13.719816740868147	14.339332140113264	14.838618420419987	15.201141148395362	15.411651047626115	15.455509251399175	15.452455880719505	15.348867120119632	15.09567680927513	14.693893713930041	14.14803359540778	13.461819678424977	12.634529578193415	11.839363367568113	11.000517052790499	10.09116497613396	9.1277486134824457	8.1275485316459442	7.1119854388785022	6.0966593455936824	5.0959578496075713	4.1247179669169025	
triceps-forearm	phi	11	4.906877867839925	4.9068778678399214	4.2613375636700059	3.8063247698260971	3.5348934399547574	3.4080619171183235	3.4223251467624989	3.5635462380316651	3.822146952335463	4.1857790218174706	4.6394434902917476	5.1655704401611224	5.743987348011661	6.4068728507540689	7.10201955077242	7.8080942570520833	8.5045193436487718	9.1699916693566124	9.7824494636442019	10.327459331924789	10.896513091872626	11.384181060839456	11.775179246937324	12.055171501608301	12.210474897401449	12.227270790228358	12.226438992386345	12.155939616759891	11.966109100203097	11.656695086066811	11.229866290395378	10.686541755240018	10.022592232557095	9.4142154025382787	8.7802692395918029	8.0884076772806353	7.3508436396976471	6.580476294314038	5.7934618227113823	5.0014860672574502	4.2152028493641405	3.4452783425222906	
triceps-forearm	phi	12	4.5161269252945111	4.5161269252945093	3.9049088350634547	3.4590870753305847	3.1770636522407951	3.0198735607221456	2.9800273604084482	3.0435459978896304	3.2027631696583816	3.4476854468655747	3.7660707432754723	4.1434671960634306	4.5631475560431287	5.055530611118602	5.5752806967529223	6.1049311220091997	6.6276374478831617	7.125787451557672	7.5809026796905759	7.981427044650605	8.4156517375709683	8.7870090473160083	9.0827637348690917	9.2906809306011944	9.3986733417179895	9.3939486917651074	9.3950152324977338	9.3524695619855009	9.2175331965073237	8.9889762758023011	8.6670779246028822	8.2505466384700057	7.7327167775459831	7.2873333857402525	6.8314046016766214	6.3291908189306039	5.789290774327462	5.2208485710739483	4.6354771595771691	4.0414992473201501	3.4463719421521919	2.8572073389893831	
triceps-forearm	phi	13	4.1450558795997825	4.1450558795997807	3.5699735121979783	3.1369289219199921	2.8499648797761763	2.6711698274135522	2.5887337517913633	2.5884959378344679	2.6645000051917354	2.8088700849345392	3.0118553779150128	3.2618362391497078	3.5452338779409454	3.8907207986408663	4.2590826957043237	4.6363435262245698	5.0090451251901333	5.362955936187304	5.6829274807347252	5.9599896692496195	6.2772306289744648	6.5478160995429135	6.7613718411619752	6.9076694094855915	6.976246489086674	6.9555429624181428	6.9581848813164395	6.9384580489217811	6.8499490981878246	6.6907372831364951	6.4596687769519896	6.1538343281149315	5.7649032131600828	5.4587175719120609	5.1539231390448492	4.8135144010838582	4.4430900173718957	4.0486653619256812	3.6380314494774062	3.2166988857817822	2.7894651279717229	2.3605049563181781	
triceps-forearm	phi	14	3.7936647307557392	3.7936647307557374	3.2565315950735831	2.8398503095943171	2.5535971623690794	2.3619507225138352	2.248444320911247	2.198396057866173	2.2073574589355243	2.269332936024373	2.3767973942103753	2.520677569419961	2.6902463137051043	2.9124425926138144	3.15342554762662	3.4023314696981908	3.6487423755696904	3.8814971232455093	4.0885238667766455	4.2631471542015458	4.4812494437123576	4.6666022175201727	4.8110035606948323	4.9061369260540886	4.9431943498138935	4.9120536023010848	4.9159479815568314	4.9139052095821665	4.8633568052445995	4.761978108069413	4.6076389081359972	4.3964048241747991	4.1191515393994056	3.9283680268270018	3.7478248516964854	3.5413784237403982	3.3122413688309456	3.0639266668692402	2.8011246924122553	2.527084982642342	2.2444824068227374	1.9551711945086758	
triceps-forearm	phi	15	3.4619534787623776	3.4619534787623776	2.9645830836902629	2.5678512383535574	2.2879605145974007	2.0922162505366648	1.9591590677680979	1.8732463579847489	1.831335530889751	1.8290740001350714	1.860896792161558	1.9199911868741872	1.9981848633356094	2.1206957310867636	2.2583092525198136	2.4028949524300636	2.546729199021831	2.6814110127322843	2.7976918378163358	2.8908994882512982	3.0277080674373096	3.1433674012477875	3.2316588925078511	3.2860834748980583	3.2995169258062704	3.2634806114194337	3.2683045436138709	3.2788110866110882	3.2577563176776376	3.2026987506010354	3.1109883361027997	2.9782581266496102	2.7954617562639417	2.6962847696510384	2.6131097396315264	2.5127828869002244	2.3967448287046134	2.2666324859046183	2.1247568883817589	1.972657537901835	1.8114237787052341	1.6412060535608748	
triceps-forearm	phi	16	3.1499221236197013	3.1499221236196986	2.6941279780480238	2.320931708197715	2.0530549446148791	1.8619664161923239	1.7208779923619173	1.6130468381901975	1.5364342210544133	1.4880932772666355	1.464153571768561	1.4597770915123864	1.4690495268324595	1.5154801016128778	1.5737338103839029	1.6380339744201877	1.7030055955465531	1.7626976046476326	1.8104313938537984	1.8432466695735177	1.9166064457094514	1.9781116507257579	2.0233378363112853	2.0475090549645523	2.045214217486957	2.0098239897704833	2.0152545703245384	2.0331756960135801	2.0331476354869462	2.0128992107313719	1.9697170647188651	1.8993942355393645	1.7938338637536919	1.7624678031671035	1.7497778028499726	1.727727790563339	1.6966003969928982	1.6567828190318172	1.6089280373859345	1.5534165515602592	1.4902892436192121	1.4186095334747773	
triceps-forearm	phi	17	2.8575706653277093	2.8575706653277075	2.4451662781468624	2.099091719126791	1.8488804581299965	1.6712012243267136	1.533601094692707	1.417797498482515	1.3226535294295112	1.2463907674190677	1.1865677330313842	1.1400352833345586	1.1028403041956545	1.0967956490457675	1.0996992212188883	1.1077485356685628	1.1175715651438605	1.1253568989915523	1.1267425348890332	1.1201886984063161	1.1479445483226614	1.1708349659540818	1.1860403919882816	1.1904136666269896	1.1802862245985026	1.1510837373495733	1.1567980604128967	1.1769990551214851	1.1895307586725172	1.1925794884604195	1.183825090996014	1.1598131508440614	1.1142678618686577	1.126917121238332	1.1578290413518246	1.1862131347297376	1.2118080736957983	1.2343776662508401	1.2536381394246532	1.2693620236176146	1.2810788015646724	1.2873816342503828	
triceps-forearm	phi	18	2.5848991038864	2.5848991038863991	2.2176979839867799	1.902331271140782	1.675437059619433	1.5199206790284845	1.3973283747604621	1.2874983388617043	1.189993456015046	1.1039664705923644	1.0281392759500281	0.96076576234070421	0.89955719542519463	0.86464234494548742	0.8362054850247711	0.81203863617519034	0.79042710781375125	0.76938889576404379	0.74662526092203985	0.72172557358081568	0.72172235254962813	0.72153734693276195	0.71976655947610713	0.71479730658899121	0.70473294492534544	0.68725985415452184	0.69293500877947301	0.71028113056589426	0.72690568723435867	0.74173958378818261	0.7533123885788926	0.75951487256370043	0.75676375060883916	0.77328786766519464	0.7975592838925003	0.82201703018916072	0.84626513012633087	0.86983088792408658	0.89203849629391829	0.91205439680344003	0.92842253630213634	0.93787990518156095	
triceps-forearm	phi	19	2.3319074392957764	2.3319074392957737	2.0117230955677758	1.7306503642396907	1.5327247530374652	1.4081247834012189	1.3120598325651862	1.222149359327763	1.1384540008110173	1.0608203867865278	0.98886820052449109	0.92196852853082323	0.85920020052107948	0.81902017220346224	0.7832526018015491	0.75090427594006925	0.72157222355622586	0.6947935949651074	0.67007957195281742	0.64785729304444506	0.63793983475396043	0.63021879366179689	0.62451633851632815	0.62065996451670835	0.61855434538185494	0.61835233950987756	0.61484208589071043	0.61092636652640508	0.60852487467936256	0.60730589758860543	0.60687998015312727	0.60682405187995436	0.60683460291837465	0.60709654872198571	0.60878316949606992	0.61186480881475136	0.61614247879492479	0.62136801546554965	0.62719562791588612	0.63316623155255058	0.63854094167834985	0.64184540486181541	
triceps-forearm	phi	20	2.0985956715558363	2.0985956715558336	1.8272416128898499	1.5840489984235151	1.4207435422607961	1.3358135403616194	1.2777954681068771	1.2217505598806921	1.1680351638174242	1.1169525160015588	1.0687545067547766	1.0236435857505506	0.98176932563781705	0.95992908378724406	0.94084057154922407	0.92434545496319886	0.91100691237128517	0.90157099659474316	0.89710546926875168	0.89722866923962807	0.87788070555478326	0.86089079994877893	0.84670946088524035	0.83594602866902701	0.82950488725717042	0.82886091749747659	0.81672266395725401	0.79976797202484695	0.78502250548817609	0.77287769193951594	0.7639696728519445	0.75937925292618336	0.76140021425194204	0.7496042499031137	0.73362901775565015	0.71892791541636591	0.70554940960843848	0.69355851608196573	0.68308500641819747	0.6742806534251633	0.667503372607132	0.66375426819909444	
triceps-forearm	phi	21	1.8849638006665792	1.8849638006665779	1.6642535359530006	1.4625271736922572	1.3394934304235497	1.3029869546820607	1.2945352813855391	1.2863019405204925	1.2787369450342663	1.2723628582374547	1.2677981946408816	1.265790924561522	1.267264555904799	1.2566717514446579	1.2460469954949658	1.2363629931321447	1.2281803317688125	1.2221959441099615	1.2193059406515037	1.2193861799425512	1.2064255793594363	1.1944238540790635	1.1839343421683006	1.1756699613492581	1.1705934282031305	1.1700803455074817	1.1602148989626455	1.1457838102783731	1.1325626366270969	1.1211598336899131	1.1124757773328042	1.1078879556095389	1.1099175135215193	1.0978463170079591	1.0805634343615806	1.0635690321208271	1.047036589986897	1.0311955381212523	1.0164167119375884	1.0031834207865997	0.99240203458710319	0.98618279079609961	
triceps-forearm	phi	22	1.6910118266280065	1.691011826628007	1.5227588647572334	1.3660848900459168	1.2889742036289196	1.2911676254883697	1.2981281602611823	1.3039402506926008	1.3086130582721491	1.3121361162220833	1.3144551994408933	1.3154254928831381	1.3147160140611378	1.3194865492334489	1.3235771985571869	1.3267836023778234	1.3291479363556791	1.3306938560452659	1.3313880810630829	1.3313692646448141	1.3340941780046585	1.3360864341832888	1.3374443162038645	1.3382781674659432	1.3386917874117277	1.3387294944287405	1.3393130977491197	1.3396982873268528	1.3395855998580286	1.3391459163099597	1.3386045903763466	1.3382478771525292	1.3384116575285265	1.3372991663974139	1.3351354922372209	1.3323648749771548	1.3290654834224602	1.3253478499282734	1.3213878147088942	1.3174363610140993	1.3139309392382037	1.3117908009793346	
triceps-forearm	phi	23	1.5167397494401191	1.5167397494401196	1.4027575993025412	1.2947221474844932	1.2408157200837309	1.2421100231091131	1.2461724860538963	1.249502380005707	1.2521280051428718	1.2540701369286822	1.2553275617205677	1.2558480454501861	1.2554678102020875	1.2579845787504578	1.2600507622528783	1.2615877475842252	1.2626563372854593	1.2633150444311334	1.2635979519400626	1.263590405810572	1.2645968506796486	1.2651678381612861	1.2654045183872973	1.2654283382453357	1.2653746566893993	1.265366378525377	1.2651086518756665	1.2644031109257425	1.2634272775180793	1.2623411814483814	1.2613655580708807	1.2607989516497553	1.2610539381270542	1.2594366687851735	1.2567030358602427	1.2535390313122572	1.2500085777580585	1.2462043837705248	1.242278706847955	1.2384498021208388	1.2351069779696147	1.233085876198813	
triceps-forearm	phi	24	1.3621475691029143	1.3621475691029157	1.3042497395889301	1.248438946007985	1.2202360788565754	1.2207992428084085	1.2225415278389677	1.2239340583136378	1.2250020809242872	1.2257698600601175	1.2262542571124007	1.2264513096946041	1.2263075673871713	1.2272341270494325	1.2279367912726142	1.2284049753304132	1.2286854537056948	1.2288288542881736	1.2288803534578334	1.2288790792393618	1.2289771889708558	1.2288841219723174	1.2286681742810939	1.2284140401841457	1.2282224828725155	1.2282016422653639	1.2277493751499078	1.2269154081329638	1.225977207074131	1.2250376378838572	1.2242424451910114	1.2237947544710384	1.2239951474896711	1.2227486935061522	1.2207363003199649	1.2184958348586656	1.2160651784893668	1.2135001956665605	1.2108945304850094	1.2083827769882638	1.2062084267623381	1.2049007044111613	
triceps-forearm	phi	25	1.2272352856163948	1.2272352856163948	1.2272352856163957	1.2272352856163935	1.2272352856233759	1.2272352855847681	1.2272352856163935	1.2272352856163948	1.2272352856163926	1.2272352856163935	1.2272352856163917	1.2272352856163917	1.2272352856163913	1.2272352856854427	1.2272352856163904	1.2272352856163895	1.2272352856163891	1.2272352856163895	1.2272352856163891	1.22723528561498	1.2272352856190998	1.2272352856163855	1.2272352851077164	1.2272352856293813	1.227235285625405	1.2272352857956066	1.2272352856240412	1.2272352892449212	1.2272353885260983	1.2272352856163855	1.2272352856447921	1.2272352856163842	1.2272352856163824	1.2272352856062247	1.2272352856163806	1.2272352856163797	1.2272352856163806	1.2272352856163788	1.2272352856163784	1.2272352856163766	1.2272352856163766	1.2272352856163775	
biceps-upperarm	phi	1	0.64000000000000012	0.6400000000001973	0.63999999999133506	0.64000000064284501	0.6399999999902064	0.64000000267426982	0.6399999999987116	0.64000000009283653	0.6400000000561743	0.64000000000000012	0.64000000000001478	0.64000000000000012	0.63999999999992507	0.64000000000000012	0.64000000000000012	0.64000000000000012	0.64000000000000012	0.64000000000000012	0.64000000000000012	0.64000000000000012	0.64000000000000012	0.64000000000000012	0.64000000000000012	0.64000000000000012	0.64000000000000012	0.64000000000000012	0.64000000000000012	0.64000000000000012	0.64000000000000012	0.64000000000000012	0.64000000000000012	0.64000000000000012	0.64000000000000012	0.64000000000000012	0.64000000000000012	0.64000000000000012	0.64000000000000012	0.63999999998198742	0.63999999999878998	0.63999999999402979	0.64000000000222279	0.6400000000000281	
biceps-upperarm	phi	2	0.42571185729642647	0.47840422359342893	0.4816786847552188	0.4849360536495011	0.48786039477793053	0.4904583132358038	0.49265606162755993	0.49455410193262983	0.49595104405216883	0.49723831684813247	0.49859345819701084	0.49995733042908275	0.50252045266085266	0.50857900666567457	0.51433432579643279	0.51975578410012879	0.5248144705304858	0.52948337871277174	0.53373758446983399	0.53755440963714696	0.54091357054398559	0.54379730969781725	0.54619050939067981	0.54808078614673716	0.54945856514607483	0.55031713398790316	0.55065267539269191	0.55046427868394687	0.54975393013217033	0.54852648248236147	0.54678960421825806	0.54455370933788672	0.54183186862215504	0.53863970356837299	0.53499526433043165	0.53091889315473773	0.52708327485781337	0.52699377794336799	0.52661076457902789	0.52587714330465563	0.52290874890534811	0.5177954945910308	
biceps-upperarm	phi	3	0.23307655391008586	0.34019754282097003	0.34573493030705071	0.35131922256742687	0.356332170382893	0.36078583522369922	0.36455334016153684	0.36780720017533897	0.37020215993760086	0.37240854316819005	0.37476087440911576	0.3771475504731181	0.38194914929357537	0.39379601512999285	0.40504958295694182	0.41564467928143944	0.42551969287318592	0.43461706980682502	0.44288377767318332	0.45027173349566829	0.45673818996744298	0.46224607516955851	0.46676428155625826	0.47026790069019597	0.4727384009648703	0.47416374635127667	0.47453845503623082	0.47386359766668562	0.4721467357626068	0.46940180169564627	0.46564892243735301	0.46091419004507705	0.45522938256231371	0.44863163965145492	0.44116309783925245	0.43287049072978734	0.42511387284026458	0.42495247614796217	0.42426304977080398	0.42294254612119486	0.41761603422032012	0.40852537231601427	
biceps-upperarm	phi	4	0.062094089840977862	0.22537995824046342	0.23216873799605686	0.23914949468254454	0.24541532691854173	0.25098255986235762	0.25569183173540955	0.25975929225982908	0.26275334580878362	0.26551067896017333	0.26850224870938888	0.27157066013210507	0.27828609001717242	0.29565102539295496	0.31214577148152522	0.32766668554393141	0.34211566702809892	0.3554010732821582	0.36743857961004744	0.37815197157556257	0.38747385827037228	0.3953462964152239	0.40172131649673193	0.40656134363037455	0.4098395074563852	0.41153983709012243	0.41165733893061529	0.41019795694821237	0.40717841689130818	0.40262595763985409	0.39657795465728274	0.38908144212156959	0.38019254182047568	0.36997580824924414	0.3585035005264614	0.34585479272514563	0.33409179394735711	0.33387609484789893	0.33295685631732486	0.3311962085246527	0.32412185624052814	0.31218963282401191	
biceps-upperarm	phi	5	-0.087235534910897417	0.13395147130864249	0.14098010854107668	0.14842684830189423	0.15510985773636832	0.16104847314077486	0.16607152854756557	0.17041036925847575	0.17360459560409081	0.17654472422408141	0.17981758267473436	0.1832266594060441	0.19153127509196244	0.21414403745456001	0.23562289137018322	0.25582180288760537	0.27460239299522482	0.29183538913877238	0.30740199028042681	0.32119512387683069	0.33312057545277329	0.34309797343481385	0.35106161421210258	0.35696111496727467	0.36076188462062042	0.36244540620443977	0.36200932707584754	0.35946735652852935	0.35484897351827582	0.34819895031498493	0.33957670087804748	0.32905546556736498	0.31672134639664251	0.30267220936174244	0.28701647239205896	0.26987179914081483	0.25401703817910937	0.2537646332721164	0.2526921845005321	0.25063812995239365	0.24242621487399507	0.22878827463529205	
biceps-upperarm	phi	6	-0.21491232034554031	0.065912081219491325	0.072169039402524948	0.079151242107402098	0.085415746451663832	0.090983548779814072	0.095692414665859316	0.099760413118484603	0.10275589672101093	0.10551067895991495	0.10870687788771205	0.11211554829493542	0.12168470497151351	0.14927505131480934	0.17548094262291714	0.20011003131246152	0.22297987077456449	0.24392001737666735	0.26277400968432185	0.27940119039947309	0.293678341514646	0.30550110622832727	0.31478517470237044	0.32146721470089612	0.32550553245757552	0.32688045369422847	0.3255944194719258	0.32167179640763677	0.3151584056435075	0.30612077972103946	0.29464516109964745	0.28083626038246301	0.26481579629081242	0.24672084298894847	0.22670201343604512	0.20492150997679426	0.18488960553559775	0.18461808884225639	0.18346903337824005	0.18126830861328891	0.17252910919617426	0.15832129417427421	
biceps-upperarm	phi	7	-0.32093626646294982	0.021261776273491684	0.025735520322830663	0.031322579665176598	0.036332955508824538	0.040787728754116959	0.044554454366677598	0.047809385213238187	0.050207222157776732	0.052408543167673516	0.055170131684906476	0.058237326798778799	0.068746379812051117	0.1010440669737025	0.13171992523972587	0.16053137081849833	0.18724810036611705	0.21165495799584333	0.2335546378217308	0.25277017114348843	0.26914715645599019	0.28255569479576503	0.2928919979675344	0.30007964283123756	0.30407045096725005	0.30484497955948853	0.30241261611885051	0.29681127658553375	0.28810671326700521	0.276391445858017	0.2617833353220822	0.24442382656686368	0.22447589150298675	0.20212170913086291	0.177560123658419	0.15100392523308415	0.12670949601713466	0.12643645613402632	0.1252873991018264	0.12308674056090396	0.11443053669167513	0.10078868408477604	
biceps-upperarm	phi	8	-0.40530737326312716	5.0059283540626609e-07	0.0016795293824627411	0.0049405244911229218	0.0078613760576116132	0.010460840154596918	0.012657551988788818	0.014557175218259166	0.015958499948977023	0.017238316847357771	0.019207329790973171	0.021591994917574908	0.032716299485520572	0.069451084431239041	0.10433983922060985	0.13708582140571823	0.16740708176988361	0.19504021099630053	0.21974387469265655	0.24130206610887805	0.25952702027680585	0.27426173913712693	0.28538208400759579	0.29279839935829988	0.2964566401496449	0.29633898380022061	0.29246391701662167	0.28488579706222095	0.27369389638876807	0.25901094872591846	0.24099122354535218	0.21981816412056765	0.19570163203316571	0.16887480778748576	0.1395908030591817	0.10811904490968427	0.079476709624817676	0.079219724707160877	0.078147272243529464	0.076093417812771902	0.068130491697738105	0.05619042922657469	
biceps-upperarm	phi	9	-0.46802564074607145	7.4881392864156737e-08	8.252679006837127e-08	5.2673322259444433e-07	4.8567433430513063e-07	9.5567084423819892e-07	1.2519507530672769e-06	3.3772051295510863e-06	9.3438294355152607e-06	-1.0331735467161707e-12	0.00081841043687513881	0.002179552651322858	0.013594462240669625	0.054496103687418529	0.093340684565569099	0.12977338307411945	0.16345681498586306	0.19407577637803786	0.22134172029709731	0.24499687529564129	0.26481793297709322	0.28061923925241361	0.29225543282255373	0.29962348428208352	0.30266410000476029	0.30136246641642406	0.29574832216523927	0.28589535783769793	0.27191995500879584	0.25397928832474315	0.2322688257694574	0.2070192730435747	0.17849301788134797	0.14698013895881656	0.112794051638333	0.076266869006594185	0.04319124635737337	0.042967873469601958	0.04204863523106428	0.040288323626749722	0.033628961396819701	0.024526494541368571	
biceps-upperarm	phi	10	-0.50909106891178335	7.581062955175355e-08	8.2995385231043883e-08	9.5084428974878676e-07	3.1692476065714459e-07	7.2960110375497322e-07	4.0593844929937006e-07	4.0368364517817668e-07	3.5342172299834829e-07	-1.3145040611561853e-13	1.1653654152787851e-07	3.8191672047105385e-14	0.011380865838673815	0.056179124742240738	0.098722461274603823	0.13859405582370199	0.17539730001405607	0.20876165414105619	0.23834817463505287	0.26385459870377792	0.2850198945568525	0.30162819514162376	0.31351204441240843	0.32055489760258804	0.32269283053259468	0.31991542740809842	0.31226583156470378	0.29983995891196491	0.28278488912708943	0.26129646465449086	0.23561614199439762	0.20602715333588417	0.1728500490475342	0.13643770264485644	0.097169869395872466	0.055447397523814557	0.017853106027344801	0.017680858060593829	0.016991450445989598	0.01567141792254767	0.010925912188882059	0.0057967741713720322	
biceps-upperarm	phi	11	-0.52850365776026265	7.568358295628741e-08	8.2253944544419255e-08	6.4221912210449261e-07	4.2237286712598632e-07	3.2339874111997347e-07	4.2901722174804036e-07	3.7585328072076152e-07	4.4837813062414966e-07	3.9988012900948888e-12	0.0016035331296841981	0.0087058576570209212	0.026075509743724412	0.074500147595704558	0.12048516934771358	0.16354783965446673	0.20322853685446285	0.23909784428535619	0.27076323770652366	0.29787523633328905	0.32013290501608327	0.33728860680475803	0.34915191877716012	0.35559263931981344	0.3565428317331496	0.35199786677524503	0.34201644521501451	0.32671960028502189	0.3062886987436475	0.28096247771516181	0.25103317222017307	0.21684180499749628	0.17877272553172463	0.13724749884560383	0.09271825633180053	0.04566063046134583	0.0034622837536815165	0.0033585544911602927	0.0029755994346141179	0.0022425730761872487	2.1201433465067865e-05	6.5793972492400599e-07	
biceps-upperarm	phi	12	-0.52626340729150889	1.01835248234039e-07	1.4908839562899345e-07	2.9425007366246092e-06	6.451507950089308e-07	4.9264254560199561e-06	1.4890136295075962e-06	2.502372912216444e-06	0.0037770197964057672	0.011644279038186989	0.020710705459228373	0.034592426177200153	0.057678395864771304	0.1094591722478111	0.15862880878489882	0.20463473456641346	0.24695052550708252	0.28508434681093631	0.31858690951150992	0.34705878818417313	0.37015696435478618	0.38760047424181598	0.39917505591680813	0.40473670943375972	0.40421410360642485	0.397609784517863	0.38500016311617191	0.36653428195686888	0.34243138385847138	0.31297732750675733	0.27851991644678353	0.23946322802841191	0.19626104733391947	0.14940952756105963	0.099439212446117198	0.046906567819187117	1.8607032760131759e-05	5.6665236281006059e-07	4.4628734729990072e-07	3.9771533422161554e-07	2.0192008576280784e-07	3.7278370945692529e-07	
biceps-upperarm	phi	13	-0.50237031750552275	0.0065203906921595944	0.010141709715568936	0.01275095404715354	0.014390868590652195	0.015132298444125114	0.015402295431239832	0.01508222620694899	0.025920456219098886	0.041182808147264716	0.057322526523610584	0.07765970556057411	0.10618952643775592	0.16105619869856147	0.21315337958615888	0.2618547405595415	0.3065632659719153	0.34672116171779743	0.38181919005001186	0.41140525425643149	0.43509207257296056	0.45256379745279807	0.46358145583135313	0.46798710794442688	0.46570664615241975	0.45675118063595277	0.44121698526817554	0.41928400392750542	0.39121294447156019	0.35734101402927476	0.318076374674229	0.27389142242862952	0.22531501445411806	0.17292378879122405	0.11733273773882202	0.059185209597337751	0.0062310812685957284	1.2809605796082479e-06	3.3121905751443137e-07	3.2389341142469164e-07	2.0626768870712908e-07	3.7817895126579515e-07	
biceps-upperarm	phi	14	-0.45682438840230377	0.036797856491673331	0.042964184497951807	0.047212616561076226	0.04963695069831231	0.050360423780390517	0.050269601101451844	0.049086924726077896	0.066432435918551525	0.088615587331214218	0.11143905241647012	0.1379076958071439	0.17160890198354473	0.22929122694795545	0.28405888175149441	0.33520785763385175	0.38206675824896186	0.42400828900593912	0.46046007932202837	0.4909146345500639	0.51493822967060665	0.53217857643770539	0.54237111852079467	0.54534383485181537	0.54102045937113497	0.52942205512951346	0.51066691167102629	0.48496876619693219	0.45263338058291414	0.41405353728271654	0.36970254690251014	0.32012638819815065	0.26593462689232017	0.20779028253609666	0.14639883220991523	0.082496555795799731	0.023374928956280128	0.0073178787343830543	1.1246494067140844e-06	3.3209660443844768e-07	2.0702167935482407e-07	3.7980387213032429e-07	
biceps-upperarm	phi	15	-0.3896256199818523	0.090832738345007824	0.098467722846994343	0.10338891981341281	0.1057392011071483	0.10569006474777742	0.1046038072349369	0.10201685418967088	0.12531312825310081	0.15394261659003505	0.18306029584955374	0.21533639691690909	0.25393652234259068	0.31416425699599304	0.3713453152809052	0.42469408578934398	0.47346100233822219	0.51694572867536226	0.5545095773275599	0.58558692906506971	0.60969543564772533	0.62644481119653572	0.6355440439851332	0.63680689015592384	0.63015554326256984	0.61562240799854617	0.59334994232472327	0.56358856876514896	0.52669269219253301	0.48311489726708112	0.43339843313162629	0.37816812533697397	0.31811988464852714	0.25400900879567723	0.18663749585939748	0.11684060641457172	0.051450319611986872	0.025497034946861286	0.007591647740344154	9.3156760438972697e-07	1.9848955257195655e-07	3.7851888134987632e-07	
biceps-upperarm	phi	16	-0.300774012244168	0.16862506296816404	0.17665234829187826	0.18128004691955324	0.18269769210008269	0.18112136188966099	0.17840499522311815	0.17387211397161839	0.20256258122525761	0.237163895923727	0.2721862589148436	0.30994580888986967	0.35317238718998745	0.41567528884267468	0.47501268017439102	0.53031342502601775	0.58074599823969542	0.6255334807260664	0.66396768406660689	0.69542213780144913	0.71936369050431437	0.73536250172929041	0.74310023222436827	0.74237627385675387	0.73311189782672459	0.71535223924305003	0.68926607722926669	0.65514341163215573	0.61339087930041791	0.56452509398236916	0.50916403336157723	0.44801663384510082	0.38187078772273741	0.31157996756996664	0.23804872868726745	0.16221736145365351	0.090457254180143387	0.054539005188188661	0.026083855621076735	0.0072189062291005968	4.8152132613887844e-05	3.9949270582706475e-06	
biceps-upperarm	phi	17	-0.19026956518925109	0.27017483676373066	0.2775180625707232	0.28088606243939473	0.28051245116927026	0.27665436483903805	0.27167319645754695	0.26465274030838648	0.29818081471399416	0.33827942533229094	0.37881693979091979	0.42173593172602608	0.46931649621673377	0.53382432248799971	0.59506097643195166	0.65206587534387328	0.70392174595338197	0.74977154515805067	0.78883439953916978	0.82042026075920238	0.84394299424037578	0.85893164803597011	0.86503968323849989	0.86205198595430499	0.84988952306359988	0.8286115488630259	0.79841531638465679	0.7596332947979525	0.71272794190656708	0.65828412742858067	0.59699934759236339	0.52967191372252942	0.45718733611495188	0.38050315885896402	0.30063253069352602	0.21862682091304597	0.14039573259378257	0.094443872876964097	0.05547800756719079	0.025510388011979801	0.011131170728686302	0.011443507657233454	
biceps-upperarm	phi	18	-0.05811227881710157	0.39548206028945243	0.40106486932637608	0.40220699507691315	0.39918349014777488	0.39228909680004209	0.38440842512252349	0.37435875073224723	0.41216783903025589	0.45728920481572577	0.50295233691147545	0.55070676542537722	0.60236884926331236	0.66861135793196791	0.73149020405358867	0.7899514367429108	0.84298824547928231	0.8896599219713166	0.92910972374524703	0.96058129793832991	0.98343334685590911	0.99715225011657216	1.0013623970275285	0.99583402644857655	0.98048841897319527	0.95540033685847336	0.92079765979089356	0.87705821826253905	0.82470388001098272	0.76439199760571541	0.69690437582398457	0.62313396496926154	0.54406952982517054	0.46077858266266936	0.37438890187817209	0.28606898479274845	0.20126575483977449	0.14521167225216591	0.095774173230124937	0.054875692224125139	0.033898046120527159	0.030701280785396801	
biceps-upperarm	phi	19	0.095697846872280667	0.54454673271565124	0.54729276772910818	0.54524286131461275	0.53871081370565532	0.52802557179521781	0.51661068863728299	0.50299015411387793	0.54452365862766872	0.59419323437403171	0.64459245028788015	0.69685830998792397	0.75232944625713083	0.82003639517457971	0.88430036303930026	0.94397010922312985	0.99794549681739553	1.0451986111658629	1.0847936566848402	1.1159052493388306	1.1378347483509144	1.1500243079711003	1.1520683735914532	1.1437223953395703	1.1249085855555108	1.0957186032293911	1.0564131074479768	1.0074181820259152	0.94931869361366217	0.8828487045137734	0.80887911805644164	0.72840278758529653	0.64251736885339339	0.55240623898108332	0.45931784224120786	0.36454385309276183	0.27306732091550523	0.20684241961853589	0.14697238000401391	0.095314891272548552	0.068348892596326261	0.054475948053672285	
biceps-upperarm	phi	20	0.27116081187889574	0.7173688541521801	0.71620175673425246	0.70999367310810135	0.69909442159586321	0.68386380045565032	0.66827999140589922	0.65054695489648795	0.69524827564869041	0.74899151400720987	0.80373728038952486	0.86019056541366634	0.91919828716600294	0.98809943421077362	1.0534914533890869	1.1141218927845311	1.1687934999677214	1.2163876127416904	1.2558861983579477	1.2863921149607047	1.3071471987253904	1.3175478215995513	1.3171576129302749	1.3057170926272832	1.2831500228105464	1.2495663479757813	1.205261659355906	1.1507131860880819	1.0865723827146074	1.0136542481527555	0.93292357428973283	0.8454783815706346	0.7525308531996191	0.65538612781420658	0.55541935178263158	0.45405142581308455	0.35580043082036772	0.27933612450579282	0.20907264239615708	0.14682800770370075	0.11163617023641481	0.083858192985043711	
biceps-upperarm	phi	21	0.46827661620274341	0.91394842570176804	0.90779183856696033	0.89645941024836162	0.88033431194053424	0.85980376424575211	0.8394163263479606	0.81702914796683923	0.86434169080138679	0.92168404371525892	0.98038682737618599	1.0407035317026039	1.1029753720087792	1.1728004750523064	1.2390634751029492	1.3004067874271135	1.355532254930262	1.4032269266987982	1.4423873487645711	1.4720418948039535	1.4913706979793395	1.4997227910019268	1.4966301150439936	1.4818181183117178	1.4552127307383014	1.4169435710976437	1.3673433155146828	1.306943230449038	1.236464947313817	1.1568086285226604	1.0690377445238597	0.97436074692527441	0.87410998286385055	0.76971824916203735	0.66269343050244434	0.5545917029537184	0.4494650845542254	0.36269279305707181	0.28207496790075481	0.20941502481473862	0.16232200490397597	0.12316790051830817	
biceps-upperarm	phi	22	0.68704525984382392	1.0435028666423318	1.0368588826193501	1.0283377624397394	1.0180622698027135	1.0060247828931943	1.001639550233155	1.0000400706555537	1.0518038405626742	1.11227082349818	1.1745410917646204	1.238397208854737	1.3036607008891692	1.3741395176924729	1.4410164281808862	1.5028247931508778	1.5581617617050156	1.6057165530371869	1.6442971079047086	1.6728545888685762	1.690505246112759	1.6965492161782265	1.6904858799326092	1.6720254723928729	1.6410967093387772	1.5978502725949761	1.5426580759243049	1.4761083151087844	1.3989963874112927	1.3123118456234888	1.2172216287588218	1.1150498836492173	1.0072547578460846	0.89540260302457608	0.78114007840064392	0.66616468451466204	0.55406128211701766	0.45691242828850731	0.3659793556769686	0.28307590178441489	0.22338118410708696	0.17240532856553759	
biceps-upperarm	phi	23	0.92746674280213703	1.1585617046885406	1.1574205364157941	1.1590990420396516	1.163328667931455	1.1696172767843098	1.1837681822882162	1.2019865897874378	1.2576347355618127	1.3207518533559721	1.386200074178225	1.4532715968700662	1.5212542738963073	1.5921165621312712	1.659350312622899	1.7213759099558246	1.776682020291982	1.8238564917568572	1.8616154757783629	1.8888301971545713	1.9045508431256506	1.9080270971284508	1.898724907596121	1.8763391548707498	1.8408019586119724	1.7922864524677813	1.7312059405847746	1.6582084400673205	1.5741667030070334	1.4801638994552393	1.37747522699462	1.2675457917424637	1.1519651781463232	1.0324391894018228	0.91075929547723367	0.78877037049591658	0.66958902350872807	0.56199502836387261	0.46078580120324908	0.36781066327450507	0.29481375746071703	0.2315705315851706	
biceps-upperarm	phi	24	1.1895410650776825	1.3018168251027324	1.3047707602800798	1.314886610655829	1.3317228028706767	1.3545724709428901	1.3858029802819782	1.4228691336391939	1.4818344314020857	1.5471271332886363	1.6153637733481787	1.6853266957485911	1.7557560909783678	1.8267316083687035	1.894065128428986	1.956060137841952	2.0110930306911627	2.0576467428578065	2.0943424523855314	2.1199687196619426	2.1335074890180143	2.1341564338525973	2.1213471980345302	2.094759165745347	2.0543284785578875	2.0002521107160569	1.9329869094960901	1.8532436053246464	1.7619758941010399	1.6603647900179146	1.5497985392312512	1.4318484712050132	1.3082412437645656	1.180828008293779	1.0515510817322107	0.92240876089748092	0.79604830872935062	0.67794059190262757	0.56649430547013768	0.46361932737737122	0.37661973776059221	0.3006635315901014	
biceps-upperarm	phi	25	1.4732682266704611	1.4732682266704806	1.4789095505760068	1.4957004919823378	1.5232446729008169	1.5608903989568743	1.60774395026999	1.6626877022017319	1.7244029268632799	1.7913966632961706	1.862032189123445	1.9345625054903097	2.007166152164173	2.0779846564047668	2.145160875599148	2.2068774768092627	2.2613947929025562	2.3070873063400397	2.3424780377262144	2.3662701563906854	2.3773751837898507	2.3749372263506712	2.3583527512478351	2.3272855050166656	2.2816762691765242	2.2217472473398043	2.1480009826582522	2.0612138108807629	1.9624239606933105	1.8529145173115125	1.7341915654687186	1.6079579220368645	1.4760829547008121	1.3405690597004432	1.2035154371655761	1.0670798557193559	0.9334391377788811	0.80474912252601416	0.68310487470430892	0.57050190243370302	0.4687991303737018	0.3796843389035458	
biceps-elbow	phi	1	67.910411587344541	67.910411587344527	67.542346719285234	67.039876483784681	66.412780683616276	65.673265153103785	64.835723892196356	63.916458446630855	62.933361355987074	61.90556748435317	60.853081671398357	59.796389356187888	58.756057852669898	57.75233603020007	56.804760192336119	55.931773824910515	55.150368614557955	54.475753724862656	53.921059767289499	53.497083228767643	53.212076330353213	53.071586407133296	53.078347935658449	53.232229310467098	53.530235405636063	53.966565871499732	54.532728031858646	55.217702184261356	56.008156085977859	56.888704450939258	57.842208406830459	58.850109083744748	59.892788841476005	60.949953104570625	62.001025373154008	63.025547721095165	64.003578986268309	64.916082902543749	65.745298619285464	66.475086395638684	67.091241742756949	67.581771897598045	
biceps-elbow	phi	2	61.309607276378927	61.373459293639932	61.037727143520726	60.585315318655091	60.024091443182286	59.364663183434537	58.615284095447961	57.793157826185606	56.925967673060896	56.022987095027084	55.101612508224022	54.179617756729115	53.276316280138388	52.410706249987186	51.599353638984553	50.858910024659664	50.204681925543866	49.650328520338959	49.207591279218704	48.886060793311103	48.692985363348704	48.633125096191101	48.70865437256456	48.919114608158722	49.261418251487363	49.729903964708249	50.316441937314366	51.010587306649754	51.799778722562301	52.669578214415218	53.603947714253422	54.585556875817659	55.596116219221145	56.616729137326814	57.628255931799451	58.61168281162719	59.550070466962183	60.433789328731024	61.235691431420875	61.940303970299567	62.537366576673378	63.016119450717028	
biceps-elbow	phi	3	55.043789257162345	55.172305002258462	54.866799025580782	54.46129189885432	53.961863797771699	53.377625928398814	52.711252461413196	51.98066163961731	51.222292726536011	50.436395201275623	49.637928283011227	48.842132781388742	48.067245231587393	47.331373945650398	46.647832309310502	46.031568985379849	45.496290296561213	45.054185112302946	44.715678981703384	44.489222342887516	44.381116974332087	44.395384110257567	44.533676832026828	44.795238486255514	45.176907984805467	45.673171929432691	46.27626259235015	46.976299891086406	47.761474639157214	48.618269549893128	49.531713734944205	50.485665785837682	51.463119969210965	52.446529614851755	53.418141439235704	54.360334332423861	55.259067829047517	56.113813374692533	56.88836928767126	57.567921743266588	58.146161078807793	58.613578212450378	
biceps-elbow	phi	4	49.112957529694782	49.306948714626024	49.029562367746919	48.66780619881964	48.226097745407543	47.712153364214259	47.123628982589416	46.478969880551027	45.822336512100414	45.145791803098788	44.462028995915176	43.783934430166767	43.128844707158883	42.514339117189749	41.950196203314015	41.449750707071075	41.025193727610002	40.687323500754637	40.445322874743532	40.306567877496839	40.276471163303356	40.358363449332636	40.553415314045218	40.860600944757493	41.276704605590332	41.796369765673077	42.412189996966021	43.114839937571304	43.89324383576264	44.734778457372954	45.62550646890282	46.550435813804832	47.493800091445536	48.439354537145498	49.370681895462724	50.271502283485106	51.13057107252439	51.956155039683438	52.70333218966524	53.357939714082661	53.917625249441663	54.374148181594457	
biceps-elbow	phi	5	43.517112093976237	43.777390433816926	43.526017170186194	43.204858182681477	42.816793271670569	42.368245471281384	41.852413646880336	41.288082534031687	40.726099020190794	40.151176900496552	39.573914649130487	39.00502270306319	38.461114707148141	37.95960176460521	37.506445320995063	37.113455189733358	36.791392218690284	36.54974368569404	36.396522958339133	36.338097397139123	36.379047930262502	36.522063113416323	36.767869818619758	37.115201983664718	37.560808113842	38.099497473429388	38.724224151162012	39.426207446104463	40.195086312378557	41.019104936854752	41.885325916129261	42.779866959719129	43.688156585924801	44.595203904207992	45.485877300480496	46.345186664811024	47.164580197392823	47.960814319387154	48.680580137093465	49.310357880154086	49.851759087458198	50.297829353541914	
biceps-elbow	phi	6	38.256252950006711	38.583630157571875	38.356163426647264	38.072447791725146	37.733950349622589	37.345902218068304	36.897606433716788	36.407999576295722	35.933580235036352	35.452550493468941	34.973585244336803	34.505397600078034	34.064055232012137	33.667161887896796	33.316579662353654	33.022682433366697	32.794885769802001	32.641445667121147	32.56927923249021	32.583810901814317	32.688847275209532	32.886483102508627	33.17704034575042	33.559041602977103	34.029218509560451	34.582555052701615	35.212365054938076	35.910402416685876	36.667002069004951	37.471248988338509	38.311172076623485	39.173959223580511	40.04618945264879	40.914077716039266	41.76372765428907	42.581387476401545	43.3610952036531	44.127791204266195	44.820113125716567	45.42517623547301	45.94856258930789	46.384621718207399	
biceps-elbow	phi	7	33.330380097786211	33.725667865079657	33.520001119623686	33.270574901402803	32.977568929064041	32.645123539689926	32.259207303008843	31.838720964930125	31.444780128258351	31.049912582015956	30.661040778213454	30.285059121211269	29.937666281790264	29.637019487064507	29.380599227389787	29.177432437971088	29.035674380945157	28.962429445035962	28.963591697196755	29.043708391522443	29.205869198144434	29.45162341660955	29.78092689543724	30.19211980269468	30.681935792745673	31.245542503489773	31.876612708294218	32.567424849315529	33.308991105641859	34.091210611824195	34.903044950385564	35.732712605389025	36.567898691617465	37.395975972639306	38.204232956888433	38.98010471825669	39.720116091306124	40.457085677918485	41.121931143470455	41.702394768929537	42.208035747547463	42.634525256898407	
biceps-elbow	phi	8	28.739493537314736	29.203503473466167	29.017530219562911	28.799239099477951	28.547648883092478	28.265909248588297	27.937216157839753	27.58024659175544	27.259698632446266	26.94326316613758	26.636281236999018	26.344007266462924	26.08194785625011	25.869174562108327	25.698504016103463	25.577705203546529	25.513758052119758	25.512695019438468	25.579460352458767	25.717789866263502	25.930113699067221	26.21748405571909	26.579529467680189	27.014436582817456	27.518959963397677	28.088459825793866	28.716967111230456	29.397274743993425	30.121053422289236	30.878989807311832	31.660944537415439	32.45612710514466	33.253284302830885	34.040898674008119	34.807393208278555	35.541338390376453	36.241642860354766	36.948697713292788	37.586034165471425	38.142013460953862	38.630178548027622	39.047539934976903	
biceps-elbow	phi	9	24.483593268592291	25.014250560476466	24.848749477490294	24.658435040596824	24.444189653170852	24.208257357644289	23.931632565789258	23.632576093244225	23.378335410014238	23.132602245833823	22.899306568716309	22.682242035832978	22.496899953817007	22.363627113028265	22.270294028494682	22.223500730093026	22.229136783325814	22.292242390328692	22.416885198276262	22.606055326037499	22.861580777977874	23.184065019837252	23.572848062479295	24.025991943345449	24.540291021516481	25.111307019613861	25.733428263746784	26.399952100719577	27.103189018947116	27.834586574801438	28.58487083771314	29.344202722847413	30.102346286289006	30.848845820145705	31.573208408459472	32.265088492760839	32.925675510795223	33.602627262008035	34.212422151574238	34.744032274842858	35.214990962613619	35.623665679700544	
biceps-elbow	phi	10	20.562679291618853	21.132840455582176	20.990264933829863	20.830630009079371	20.654464122863125	20.463333370591158	20.236619798952113	19.992218272058555	19.798783486168087	19.617385077526038	19.450114255663323	19.299763429321455	19.182522572743842	19.120377139824324	19.095969264563443	19.114819017610564	19.181810574563318	19.30107155770661	19.475866234649217	19.708504770844414	20.000270434876409	20.351366308964025	20.760882679834527	21.226785884278627	21.745928967102053	22.314084084949794	22.925996165843198	23.57545691949398	24.255397895615481	24.958000914292974	25.674823851278667	26.396939458497293	27.115084641991835	27.819817411052071	28.501678557431148	29.151355025409867	29.772214042184572	30.418874231966129	31.0010950244029	31.50845112979745	31.96247292420469	32.362902287339914	
biceps-elbow	phi	11	16.976751606394441	17.562930277456335	17.443136135530761	17.312945308679634	17.172562523692925	17.0229458000554	16.84238959470472	16.648231772784726	16.509398181044165	16.38527850029184	16.27797581634124	16.192052726813174	16.138815712601286	16.1394246424965	16.17552972430974	16.251660066099159	16.371779425832273	16.53918252157224	16.756403461577648	17.025138200684264	17.346182669762829	17.719387923099422	18.143633319745909	18.616818405616996	19.135873800154421	19.696791021801666	20.294670817519695	20.923789200316627	21.577680052294347	22.249232825786464	22.930803578112013	23.614337312094285	24.29149936993938	24.953813446727189	25.592803655193627	26.200137988323505	26.781258443945074	27.397438380398039	27.952052553159568	28.435269782740519	28.872624163159532	29.265248635162195	
biceps-elbow	phi	12	13.725810212919047	14.307207102888329	14.209464794004138	14.106953719831283	13.99957945892934	13.88777623114486	13.749257469369557	13.600624402750475	13.512478132902421	13.443538067114794	13.392306322922115	13.363039374354436	13.365779374537659	13.420769621044794	13.508975407733587	13.63402387555881	13.799043337132682	14.006575281925567	14.258496879061539	14.555955615557044	14.899317482637121	15.28812986224343	15.721099982213431	16.196089507360568	16.710125520673571	17.259427830169443	17.83945221877628	18.444948943187526	19.070035488983692	19.708282309281898	20.352810018213169	20.996396283638404	21.631590470131645	22.250833927171087	22.846583701746869	23.411437381501759	23.952808370686231	24.538318978344453	25.065293550836799	25.524485646896501	25.943769405203707	26.31820024704821	
biceps-elbow	phi	13	10.809855111192684	11.373213919395464	11.298956838439718	11.223475186792626	11.146608976935944	11.068528863952881	10.967309756895137	10.858607055197247	10.816599115189856	10.795714251642012	10.793106270535329	10.81272337194525	10.863413559921771	10.964412075469212	11.096306314834973	11.261910445989502	11.463602308464537	11.703249838766604	11.982146487100911	12.300957015462762	12.659674873499299	13.057592126396067	13.493282667237086	13.964599189509332	14.4686841286595	15.001994510053155	15.560340369612955	16.138936148106676	16.732464205683534	17.335149364779287	17.940843171582152	18.543116373129646	19.135357942568614	19.710878852383757	20.263018697090889	20.785253204944642	21.284467632385905	21.827588139516969	22.326350058383753	22.760487310874197	23.157880579198626	23.514148320815188	
biceps-elbow	phi	14	8.2288863012153364	8.7752964646354172	8.721368427605281	8.6690059080521422	8.6180037422648681	8.5683214215056669	8.4989249808881038	8.4242988874377893	8.4217619935610948	8.4418070538734735	8.4803756866532538	8.5411047195856113	8.6317182691873704	8.7703520057697482	8.9375224456138973	9.1353197773912562	9.3654563398278459	9.6292061920953405	9.9273522856957435	10.260142400401403	10.627254842349343	11.027774715557312	11.460181374816884	11.922347452063295	12.411549624112221	12.924491061452795	13.457335270029715	14.005750815074069	14.564966202393862	15.12983399227862	15.694903038218957	16.254497580568	16.802801787250303	17.333948222365187	17.842108641225689	18.321585458652152	18.778728504746553	19.273698412697065	19.732118247957629	20.141630966340813	20.517421528774527	20.855696015080511	
biceps-elbow	phi	15	5.9829037829870071	6.5134549138684967	6.4766996638172714	6.4435465093284403	6.4137639348181175	6.3871543137451461	6.3441033407835743	6.2977000114505461	6.3279668406628788	6.3818164738091827	6.4541145775828017	6.5481834172755242	6.6706935024119023	6.8385894119463977	7.0326238000703718	7.2542518697640528	7.5046054312226005	7.7844443419117777	8.094114274846044	8.4335117703729754	8.802057389187274	9.1986776297271842	9.6217961049528231	10.069334295022458	10.538722007031717	11.026917484368356	11.530436920026567	12.045392944089716	12.567541479114686	13.0923361917799	13.61498961812358	14.130539905953484	14.633922004176698	15.120042037115397	15.583853534151274	16.020434142624282	16.43559129326561	16.882935655789705	17.296396977105623	17.670047442040595	18.024540214858817	18.34506455100847	
biceps-elbow	phi	16	4.0719075565077008	4.5876892842032788	4.5649505614724344	4.5470970871334355	4.5338895904201637	4.5250276013764452	4.5028448691385403	4.4788104650417271	4.5352136737457966	4.6157425114491382	4.7143229448969945	4.8339594650149875	4.9803392595551692	5.16912429399917	5.3816103782043854	5.6187067231079073	5.8810495826488074	6.168964288215923	6.4824324545518204	6.821065125377479	7.1840825140130846	7.5703008689056741	7.9781268576449005	8.4055597183868134	8.850201277418007	9.3092737787998434	9.7796453196035067	10.257862535153611	10.740190035845997	11.222655963283131	11.701102911296022	12.17124334928608	12.628718593347813	13.069160296634378	13.488253375867631	13.881799256861029	14.255055999493361	14.655300313847331	15.024459661337129	15.357506609627521	15.681160886656894	15.984167130964032	
biceps-elbow	phi	17	2.4958976217774156	2.997999579468595	2.9861211216038961	2.9796576692405212	2.978380721915479	2.9819413008381277	2.9751495766789735	2.9676302604463558	3.0435024998255749	3.1435851667933461	3.2610007880311418	3.3984328628040004	3.5606555405330971	3.7619566519280596	3.9844821800159416	4.2286843374228127	4.4947887941064639	4.782766031007772	5.092306824813063	5.4228024654149127	5.7733302168267722	6.142644433092781	6.5291736328931211	6.9310237221563673	7.3459874352710806	7.7715599447472599	8.2049604687605306	8.6431595882657568	9.0829118725877986	9.5207933067883133	9.9532429177362829	10.376607910565802	10.787191554763636	11.181303000922128	11.555308166374774	11.905680801362411	12.237122623324588	12.590792522487742	12.916306698669818	13.209469513165599	13.502191337270002	13.787663689758354	
biceps-elbow	phi	18	1.2548739787961516	1.7443858001211106	1.7402113468748337	1.7412282662057894	1.7472373358977982	1.7578954184242566	1.7610174682644555	1.7641594047244959	1.8528333237832082	1.9653444398417972	2.0941481061706781	2.2416036106425636	2.4116423453084073	2.617086485733068	2.8412392055050359	3.084184712708768	3.3458230655955701	3.6258495702873237	3.9237373856297744	4.2387237904852793	4.5698004976283384	4.9157083222885021	5.2749364306974753	5.6457263063311185	6.0260804805909363	6.4137759822105993	6.806382367497644	7.2012841034261559	7.5957069893400941	7.9867482222954429	8.3714096374443638	8.7466335897926388	9.1093408884241729	9.4564701499786459	9.7850179056726887	10.092078776128417	10.381791164740322	10.689412332265563	10.971938189485465	11.225936573118998	11.488432892690511	11.743966078842242	
biceps-elbow	phi	19	0.34883662756390943	0.82684794576059639	0.82722123750846799	0.83180888551452692	0.84045943650831423	0.85288996010681162	0.86044854726243636	0.86839790352846813	0.96320614896177847	1.0810203305944963	1.2137648993251968	1.363471708530676	1.533299673875764	1.7345137954141974	1.9518814546716765	2.1852078489657734	2.4341523971161241	2.6982149060545808	2.9767241370019564	3.2688291005885768	3.5734933564177833	3.8894925364928472	4.2154152510579737	4.5496674709110687	4.8904804133775759	5.2359218911898644	5.5839110158148451	5.9322360806347962	6.2785753861028786	6.6205207098045165	6.955603070420266	7.2813203869666019	7.595166594329422	7.8946617438039404	8.1773825937613793	8.4409931811590404	8.6890616237370608	8.9511597643743563	9.1913541706450985	9.4069078712652061	9.6398856192504283	9.852839906737799	
biceps-elbow	phi	20	-0.22221443191931178	0.24538601653514558	0.24715079314154131	0.25139953668841586	0.25804702362229159	0.26692493306533804	0.27344281543580351	0.28034576179903059	0.37462097699371166	0.49061283905144526	0.6198511679223484	0.76403715646833836	0.9256275262456144	1.1142385809708344	1.3164089275158593	1.5317537461938331	1.7597767886681281	1.9998620383095407	2.2512670789296063	2.5131183957248036	2.7844087931951043	3.0639970757058075	3.3506100939746108	3.6428472158962135	3.9391872336309994	4.2379976716850525	4.5375464137121337	4.8360155198916903	5.1315170628761537	5.4221107693155419	5.7058232166639886	5.9806683020876816	6.2446686724793858	6.4958777823980043	6.7324022306408509	6.9524240164542892	7.1589340003140656	7.3760348296546692	7.5745546567440734	7.7523834181014486	7.9495590557410107	8.1206508826644193	
biceps-elbow	phi	21	-0.45827919965351149	1.3353198324850268e-08	1.5301993006033854e-08	1.8974186488662781e-07	9.1213445685411898e-08	3.0291335861853952e-07	2.5795545943729792e-07	2.9677985722287303e-06	0.087077805055217228	0.19412196521264047	0.31240691191568648	0.44329995445555093	0.58862590245910562	0.75626084240412661	0.93482162403758284	1.1238224043929432	1.3226962402515832	1.5307909670522051	1.7473662114127277	1.9715916758939596	2.2025468079603057	2.4392219399273878	2.6805209594473878	2.9252655412865569	3.1722009413512087	3.4200033236961715	3.6672885611895101	3.9126224211968319	4.1545320196599196	4.3915184008285157	4.6220700761755298	4.8446773351558825	5.0578471228740618	5.2601182657608359	5.4500768163111051	5.626371282014162	5.7914082944711778	5.9640375309253137	6.1215396480702857	6.2623631722982704	6.4188096537915778	6.554302878354668	
biceps-elbow	phi	22	-0.35935767563868992	4.0138143253543035e-08	5.2066595701560914e-08	5.2590323162959862e-07	4.9048906425319672e-07	4.035112936895402e-06	0.0099481510328012224	0.024775827617457669	0.10057656041269314	0.19154770907808327	0.29143213183194194	0.40126010249231303	0.52229480261116734	0.66058057971367967	0.80711954423684884	0.96141382356310556	1.1229107518664874	1.2910016922825731	1.4650215344513162	1.6442489410960492	1.8279074007133862	2.0151671291575868	2.2051478474763049	2.3969224470820953	2.5895215365382036	2.7819388472232118	2.9731374582469745	3.1620567845502219	3.347620256454177	3.528743604343437	3.7043436489548895	3.8733474861712036	4.0347019455134507	4.1873831938924448	4.3304063507721304	4.462834977838658	4.5864845062083255	4.7151678651565412	4.8323091401462852	4.9368471214211809	5.0532114689766612	5.15379621544015	
biceps-elbow	phi	23	0.074550140125152708	0.30582009636867014	0.30897484556650978	0.31292356101952912	0.31755086069277105	0.3227448814869831	0.33781783083689754	0.3575868590127147	0.41511725779566033	0.48289007064777412	0.55692682829884532	0.6379176005786249	0.72663422677155132	0.82719779289949269	0.93330268811365724	1.0445280037043188	1.1604203235128407	1.2804942140006443	1.4042330480453744	1.5310901913310673	1.6604905714543445	1.7918326433964054	1.9244907580613617	2.0578179332828319	2.1911490191919816	2.3238042422661795	2.4550931048845261	2.5843186099518629	2.7107817732589252	2.8337863798603062	2.9526439350020706	3.0666787551336467	3.1752331403975509	3.2776725667928233	3.3733908340239394	3.4618151039277798	3.544162635525498	3.6294258279400102	3.7068631334950775	3.7758353374196529	3.8527645663054981	3.9191309463405792	
biceps-elbow	phi	24	0.84344424763801706	0.95492829891035202	0.9580830446633426	0.9620315965173214	0.96665891231120593	0.97185173798827273	0.98360999264019799	0.99843646513737516	1.0306999526912479	1.0681490499217139	1.1088909999059311	1.1532724487144876	1.201644174878842	1.2561124819615683	1.3133710556680076	1.3731649448165828	1.4352249551906446	1.4992685322064188	1.5650007521949023	1.6321154265990168	1.7002963201831811	1.76921848264384	1.8385496912025587	1.9079519998887653	1.9770833893125443	2.0455995088250734	2.1131555011021654	2.1794078974017532	2.2440165700741628	2.3066467273791247	2.3669709343170706	2.4246711420432083	2.479440707526364	2.5309863844619711	2.5790302660665252	2.623311660281523	2.6644426824226866	2.7068114204984699	2.745201633781555	2.7793278436109543	2.8174689575450707	2.850307087854353	
biceps-elbow	phi	25	1.9473246468999008	1.9473246468999337	1.947324646900916	1.9473246579408334	1.9473246469448218	1.947324643152788	1.947324646855189	1.9473246490304588	1.9473246469006682	1.947324646899899	1.9473246468991952	1.947324646899899	1.9473246468998231	1.9473246468999026	1.9473246468999008	1.9473246468998999	1.9473246468998981	1.947324646899899	1.947324646899899	1.9473246468998964	1.9473246468998964	1.9473246468998955	1.9473246468998937	1.9473246468998955	1.947324646899891	1.9473246468998928	1.9473246468998928	1.9473246468998919	1.947324646899891	1.947324646899891	1.947324646899891	1.947324646899891	1.9473246468998919	1.947324646899891	1.9473246468998893	1.9473246468998902	1.947324646899891	1.9473246468589167	1.9473246468999648	1.9473246469008543	1.9473246469023193	1.9473246468998386	
biceps-forearm	phi	1	10.666255825348486	10.666255825348749	12.171346447157259	14.224907999781799	16.785858995106487	19.802938222296149	23.215709314501968	26.955745439325312	30.947970905953639	35.112133529560857	39.364379064808496	43.618896990304904	47.789605550876438	51.791843183545261	55.544033329640612	58.969290146406401	61.996933777455226	64.563885597591934	66.615916179943639	68.108721596659493	69.008807002939619	69.294160202867431	68.954701981488057	67.992504331287563	66.421772218135629	64.268589133954251	61.570431281280271	58.375459739020151	54.741604281362747	50.735456578895494	46.430994223468751	41.9081603140162	37.251326155194306	32.547666899558209	27.8854816626678	23.352490725933219	19.034142893016003	15.011965873456486	11.361991735012175	8.1532880128374821	5.4466230101200912	3.2932912240353485	
biceps-forearm	phi	2	9.8701950446073869	9.9445959057456896	11.347805951287999	13.248915379577895	15.608927332148951	18.380301489500582	21.506249880270801	24.924399917605669	28.568166368169351	32.365408482141738	36.241322479464031	40.118090125149443	43.924197803972874	47.593825840057754	51.03352030999411	54.17269987097098	56.946484031975999	59.296974396569723	61.174400637677238	62.538108808866404	63.357372660326064	63.612012070602319	63.29280645773251	62.401695022701318	60.951759826492456	58.966991928683022	56.481845038255827	53.540585263902052	50.19644952102891	46.510628878702526	42.551096539309434	38.391303170441724	34.108764893473179	29.783571326168339	25.496842636702311	21.329165563280874	17.356766440785748	13.643573452894348	10.27536345600066	7.3170169396902107	4.8316491763203695	2.8626259692603946	
biceps-forearm	phi	3	9.106015433838893	9.2572488945064251	10.560367080675608	12.313366760584991	14.479302785875875	17.014233331373113	19.864918147910728	22.974760640514972	26.285398506738169	29.732170039854193	33.248799138603431	36.765065625091097	40.223066073923661	43.574506225049056	46.715283664050034	49.580851901564643	52.111881605750561	54.255432699992994	55.966002692637119	57.206430750458757	57.948639829378372	58.174202325915068	57.874718146254672	57.051997739748359	55.718046439129338	53.894850316863078	51.613967630562222	48.915933715102121	45.849490811298828	42.470657730052089	38.841657370354277	35.029722878793933	31.105805603223473	27.143209908074851	23.21618134610096	19.398475593301448	15.757610100461495	12.341299730064863	9.2438615240665563	6.5261230511468629	4.2536104365001508	2.4622780377531885	
biceps-forearm	phi	4	8.3737169930429971	8.6042147924814891	9.8090298378786649	11.418262111456023	13.396985354914531	15.704733717623174	18.291714101583583	21.106827593528962	24.099667310311698	27.212418202698252	30.386809042721765	33.559823490129823	36.686210361216325	39.733884338519204	42.589323391808421	45.193746238187487	47.493126498778921	49.439260507861675	50.990722344823254	52.113687421436531	52.782608510096559	52.98073096880573	52.700437047054521	51.94341248242867	50.720632056046298	49.052164298494453	46.966799058199406	44.501505092620349	41.700728152172587	38.615543132944154	35.302676716603322	31.823419439072865	28.242448284445217	24.626582645277729	21.043497790863768	17.560420815994938	14.236673872043236	11.105144705569034	8.2674859381616734	5.7806063476208758	3.7125067907097797	2.0922474302565921	
biceps-forearm	phi	5	7.6732997222197028	7.9854936018598099	9.0937942239576177	10.563601382198602	12.361975017764394	14.451802606501424	16.78663771304214	19.320600737681556	22.01097275073592	24.806152970673914	27.655352199428201	30.502363720265656	33.313630666892266	36.071960180468167	38.655639493269248	41.011382880839491	43.090218711061077	44.848457820175817	46.248559594235651	47.259878821799681	47.85927870248068	48.031597999274247	47.769963160132079	47.075939250742252	45.959516677243315	44.438933873577078	42.540339321167409	40.297299396456765	37.750161543650151	34.945285087378743	31.93415457805655	28.772392851278497	25.518692937138358	22.233689537776982	18.978791970990713	15.815001231361332	12.793957755530917	9.9351083828964466	7.3462366986995011	5.0804668309622771	3.2083382398647693	1.7525341489555331	
biceps-forearm	phi	6	7.0047636213690083	7.401085321410509	8.4146602334652734	9.7493844827046185	11.374271728156868	13.255439925058914	15.349688930302268	17.616080005404338	20.019314778005491	22.51337434378118	25.054428614758258	27.592686315498575	30.105326992574827	32.588733750895948	34.914231968432524	37.033761829520621	38.903158242597023	40.483024636935383	41.739514440874338	42.64500495154828	43.178650406530657	43.326803417320669	43.083296485487324	42.449578044689098	41.434700302720408	40.055159042110994	38.334588419466264	36.303316626611327	33.997790985731498	31.459883593355855	28.736090954713948	25.876643115410843	22.934539561302927	19.964530585572597	17.022063886481803	14.162216839400633	11.429461750924354	8.8311907698179066	6.4801138090679524	4.4257045052722015	2.741104786304871	1.4431381981097187	
biceps-forearm	phi	7	6.3681086904909154	6.8509899338949722	7.7716278467817048	8.9756112099484611	10.433875390320297	12.11564551928198	13.980867645998863	15.993265268645786	18.124693297647696	20.334082322020055	22.584038275390586	24.830791275828581	27.061299338116477	29.28420504980258	31.365100817298242	33.260883084230912	34.931945093386759	36.342960958140374	37.463586884739271	38.269065810682271	38.740723622246556	38.866347222944952	38.640437023120299	38.064328864269207	37.146182932477593	35.900839804096222	34.34954635309591	32.519556783084084	30.443616478416658	28.159338650875483	25.708485846575552	23.136170231469901	20.489988156938917	17.81910578866459	15.173313537337041	12.602067640112844	10.14318585822282	7.7933918796524608	5.6691172784585913	3.8163193778500863	2.3108064344641339	1.1640595846814104	
biceps-forearm	phi	8	5.7633349295854233	6.3352073582745234	7.1646970248205193	8.2422808660947879	9.5407857445200488	11.03241893977099	12.680173589016221	14.452156186807594	16.327108077546288	18.268276905390522	20.244181125933164	22.216678601255687	24.1815477020888	26.158374077188007	28.00824603986641	29.692746644970338	31.17657926343027	32.428266783790818	33.420776925830495	34.132061399201682	34.545498349628318	34.650229416147127	34.441384773030926	33.92019170948258	33.093964566514856	31.975976159532706	30.585213122056388	28.94601986587498	27.087638021705626	25.043650259937635	22.851339253641342	20.550974199455666	18.185038724046336	15.797415147052952	13.432540923556417	11.13455363349796	8.9351300774239029	6.8217117339366942	4.9132471251702734	3.2523114609022503	1.9174431919630766	0.91529831972594411	
biceps-forearm	phi	9	5.1904423386525327	5.850681390017777	6.5938660318188687	7.5493840459572699	8.6950015875390836	10.005755120517424	11.447605495268769	12.992751573028798	14.6265579004716	16.315958093892579	18.034856957023727	19.750348291779883	21.466072077453969	23.211240833052258	24.843667636137031	26.329352511738914	27.637060752727582	28.738942113886694	29.611084564147966	30.233991717106512	30.592974588675983	30.678449996927185	30.48613973521929	30.017166580329221	29.278045204832193	28.280568108420493	27.04158872634768	25.582705874984054	23.929855615598402	22.112818420542318	20.164651175911303	18.121055019368136	16.019691262625177	13.899458660737686	11.799746045139937	9.7596748195559879	7.8052944085310259	5.916150369972577	4.2125033771385141	2.7336807758944959	1.5610150722779932	0.69685442309159207	
biceps-forearm	phi	10	4.6494309176922419	5.3672783566325908	6.0237567377639776	6.8640016860510471	7.8676093860204741	9.0119495611963938	10.265100239957526	11.602893350287459	13.015774139966918	14.47491413959801	15.956055229381661	17.431800347401214	18.914872457516243	20.442805317395319	21.871365606110107	23.170700684536634	24.313389561278676	25.274986948428001	26.034509799691715	26.574856764396753	26.883152339389543	26.951008965285123	26.774701909685341	26.355253476809128	25.698424847429596	24.814615650759574	23.718673165969808	22.429614810411291	20.97026926009497	19.366843132689521	17.648421613385459	15.84641269120732	13.993945772675433	12.125236329718792	10.274928902087609	8.4774311982869257	6.753678851928	5.0767078558863208	3.5668860851557866	2.2604273672238131	1.2415221040035784	0.50872794400722521	
biceps-forearm	phi	11	4.1403006667045554	4.8853779492872142	5.453900691981862	6.1801195888866216	7.0455545619207136	8.0299107959163987	9.1033999436484123	10.245335336878263	11.450975768013031	12.69521529299071	13.962817363983984	15.242190522146078	16.527948842875009	17.853067530217206	19.091339949785628	20.216791163363506	21.205565689083571	22.036401287414744	22.691052632461727	23.154656541072399	23.416031601768999	23.467906321220937	23.307071296429083	22.934452398922321	22.355103494307084	21.578118786549922	20.616466440922736	19.486746672156702	18.208878955195342	16.805724396379237	15.302650566063797	13.727047214973201	12.107802254197116	10.474748153996275	8.8580894943994206	7.28782276969077	5.7802834167148589	4.3033843677383992	2.9763953975362845	1.8325513632774073	0.95896439495194241	0.3509191346639895	
biceps-forearm	phi	12	3.663051585689467	4.4053545668133332	4.8865909531509848	5.5017948460749988	6.2344704341740922	7.0666836711686649	7.970761690811706	8.9293707773649675	9.9522026489605224	11.018969559906798	12.105791349620677	13.202793525761665	14.305301240969101	15.442027471517907	16.503590667163596	17.467623948219519	18.313589136142252	19.02318513084693	19.580713062458003	19.973391047133475	20.191612375814341	20.229142064734642	20.083247895450544	19.754763346668764	19.248081145464649	18.571077515791572	17.734968551206492	16.754101460220276	15.645684700899526	14.429462211611481	13.127338033946316	11.762958590665802	10.361260707190219	8.9479941335701216	7.5492278220753768	6.1908495337675253	4.885108395016414	3.5961804181854662	2.4410320721314132	1.4500541591266289	0.71401514387934251	0.22598616471868249	
biceps-forearm	phi	13	3.217683674646981	3.9365392090404363	4.3397948515059204	4.8550432006125304	5.4672580802385582	6.1603023214686576	6.9090720703018222	7.6988025422360771	8.5621267342487126	9.4650559693524254	10.384979973398794	11.31360935824797	12.246929658034782	13.209685141297445	14.108117758244008	14.923199039104677	15.637459902454722	16.23533847872454	16.703491089680554	17.031060282579954	17.209894661525581	17.234716195826223	17.103231706749689	16.816186320048484	16.377357800902288	15.793491838484499	15.074179496821074	14.231679174602025	13.280686497207514	12.238056578386239	11.122484017033029	9.9541468182851069	8.7543211316547449	7.5449742684403436	6.3483438851154803	5.1865114905171872	4.070123969275298	2.9654630814888461	1.9700807914757923	1.1209668065496148	0.51260057635605127	0.13268473857997987	
biceps-forearm	phi	14	2.8041969335770931	3.502550176221825	3.8335898066549987	4.2562932833141396	4.7571975056585893	5.3220108473415451	5.9282453745992072	6.563577476445559	7.2807526752570926	8.0334745213275411	8.8003833995588714	9.5746380196050005	10.352834094665226	11.156040539555804	11.904921223026872	12.583516436018988	13.177177988020983	13.672861331047599	14.059386714129372	14.32766424741185	14.470878458902707	14.484628714495686	14.367022730326541	14.118721319061475	13.742933460620009	13.245361754628719	12.634099277766468	11.919479815301935	11.113884344119301	10.231507496703523	9.2880885153239241	8.3006118978311179	7.2869835275906976	6.2656885586069366	5.2554376835197294	4.2748086399397565	3.3329563128741002	2.4028627110016014	1.5628302735931014	0.8432117968237276	0.35029418109182431	0.066834823768975982	
biceps-forearm	phi	15	2.4225913624798077	3.103387792376517	3.3679760524676983	3.7055468756620584	4.1042893370358673	4.5518109353027647	5.0282825644926925	5.5236962612969123	6.108080930246973	6.7242252158321421	7.3520016596671756	7.9858795098327544	8.6230145498082642	9.2810936662929784	9.8940010615121832	10.448576138962434	10.932743392841033	11.335753687816091	11.648399935804457	11.863202941629158	11.974563767945725	11.978879620743033	11.874620966181091	11.662368343707724	11.344808124617806	10.926687264224224	10.414727894042686	9.817503382320016	9.1452782416348946	8.4098149665633208	7.6241515288190023	6.8023538293038373	5.9592478949980672	5.1101370040698999	4.2705092172881214	3.4557409820352358	2.6736051409774295	1.9030770662948999	1.208246524202286	0.61239111119538259	0.22296732235300332	0.02458235923772345	
biceps-forearm	phi	16	2.0728669613551229	2.7390520932613787	2.942953624327957	3.2028043025926776	3.5085337148247948	3.849702892458911	4.2091838307890779	4.5791591400590939	5.0441116221725064	5.5373080528662317	6.0398347566753383	6.5473338289312313	7.0574710223382873	7.5848445215089804	8.0753572736999466	8.5183781479350333	8.9041561169148729	9.2240155490300211	9.4705307547058073	9.6376763652318758	9.7209505886546381	9.7174689145682613	9.6260264143133369	9.4471273939872464	9.1829817928956761	8.837468367271013	8.4160653456497272	7.9257498756562583	7.374868189754288	6.7729789879656446	6.1306730575182682	5.459372612703266	4.7711142338768591	4.0783196048292378	3.3935584864206589	2.7293085168036213	2.0920704522263218	1.4661057387559375	0.90271019237502115	0.42107307798734528	0.12673057830342493	0.0023358735512153395	
biceps-forearm	phi	17	1.7550237302030389	2.4095430872996175	2.5585225247399093	2.7480656752793209	2.9699306881086782	3.2156868239108958	3.4709492422770198	3.7299661946137892	4.0888447965020696	4.4727230324298075	4.8638826860876749	5.2590009769004293	5.656203511444188	6.0672931052038042	6.4489898595901574	6.7929224629367795	7.0914161602425043	7.3376469146893832	7.5257791708334256	7.6510845182200136	7.7100389210294402	7.7003965959713678	7.621239074723281	7.4729984699000322	7.257454465453625	6.9777050637690854	6.6381116325875853	6.2442192953106721	5.8026541884774856	5.3209995609104901	4.8076531014217174	4.2716682480294068	3.7225825442270759	3.170236360884946	2.6245854909173407	2.0955112442449191	1.588352246716481	1.0919486029425687	0.64622098565319619	0.26666172345568873	0.057558504164578084	3.776571180225119e-07	
biceps-forearm	phi	18	1.4690616690235556	2.1148607752135513	2.2146827585653694	2.3413310409958292	2.4884802754388318	2.6497627759973748	2.8135788271657995	2.9761174589153447	3.2422804724854126	3.5304701545228729	3.8241454451036638	4.1208809537403459	4.4192120167412421	4.7284394173774533	5.0148988191828181	5.2722090839676685	5.4945235228239273	5.6766477847941843	5.8141451841873106	5.9034274005935607	5.9418287650701398	5.9276626649523587	5.860258947410923	5.7399815714460907	5.5682261422916524	5.3473973537184492	5.0808667548562649	4.7729116412832511	4.4286362378044863	4.0538766853978547	3.6550916605293553	3.2392407352822508	2.8136528260487128	2.3858872722370261	1.9635902307781672	1.554349164359123	1.1624505244641634	0.7806056125497276	0.43877883021270159	0.14915683397826007	0.015315131481357991	3.3342489924592655e-07	
biceps-forearm	phi	19	1.2149807778166735	1.8550051559893013	1.911434324677781	1.9826004250809244	2.0641824830654354	2.1519307746588892	2.2370725984746169	2.3176129467883575	2.5044186563785074	2.7105494191454271	2.9206230338504611	3.1329737594509872	3.3464965380566696	3.5682834580299261	3.7730841524779262	3.9562380110277058	4.1134782046591374	4.2410181593444207	4.3356287947674641	4.3947050123525253	4.4163201207767298	4.399267121511234	4.3430860323762674	4.2480766986254164	4.1152968234097544	3.9465452371190981	3.7443307124557643	3.5118269135739988	3.252814337735292	2.9716103614277416	2.6729887348411769	2.3620900744618027	2.0443250793417724	1.7252723388854778	1.4105727060031374	1.1058222771462365	0.81436528547215703	0.53207674968519614	0.28038370233130427	0.068558351914777216	2.7783643874457198e-07	5.6572014872635634e-07	
biceps-forearm	phi	20	0.99278105658239202	1.6299762299125851	1.6487772220624026	1.6718738453750355	1.6970373102169516	1.7221908380876654	1.7414305624111934	1.754452664206589	1.8752593496544341	2.0129608262974692	2.153315453018473	2.2952793940323497	2.4380570753137283	2.5868252271644998	2.7235458594754833	2.8450092441168904	2.948280205748139	3.0307580383400925	3.0902300025738842	3.1249173534969046	3.1335129881492101	3.1152099656479892	3.0697203296193099	2.9972838514380111	2.8986665088079349	2.7751487139710318	2.6285035053860852	2.4609651121829148	2.2751884882699014	2.074200589000148	1.8613443243571823	1.6402162655680654	1.4145993041062548	1.188391560830302	0.96553291659225282	0.74993058260625856	0.54409652974100031	0.34636200896644831	0.17103559143785496	0.024866228325658435	3.0741838741299432e-07	0.0087328290135921804	
biceps-forearm	phi	21	0.80246250532071173	1.4397739988440081	1.4267114546821102	1.4091512591702529	1.3870447512697659	1.3605429214172289	1.3266526999253059	1.2866365942927231	1.354802548184916	1.437704375979	1.5222227024219994	1.6077978574844365	1.6938936285087069	1.7840647247755457	1.8662839401754887	1.9385227832352196	1.9989295260909303	2.0458674217812023	2.0779488076065733	2.0940644240266941	2.0934073671875835	2.0754911973626275	2.0401618391400502	1.9876030298838723	1.9183351984861932	1.8332077842742529	1.7333851336472268	1.6203262371099978	1.4957586894083135	1.3616473681150767	1.2201584290773755	1.0736193086010362	0.92447550034215942	0.77524493807149764	0.62847086254551265	0.48667408073918939	0.35164425727080939	0.22346138709579377	0.11073448339602909	0.01808035607699976	0.016922575617435154	0.037971707445979552	
biceps-forearm	phi	22	0.64402512403163215	1.1462886188229469	1.1170501362781398	1.0812175908398181	1.0402697366914464	0.99566083604630995	0.95319755156433672	0.91093225203446293	0.94304816351062914	0.9847800681900174	1.0273447823955029	1.0705291498072445	1.1140061976654079	1.1600019508646184	1.2012983945779436	1.2367786283826954	1.2654261656875123	1.2863463096677474	1.2987852098655281	1.3021462239419002	1.2960032578918494	1.2801108166551467	1.2544105609384895	1.2190342339630016	1.1743028924445298	1.1207224480287596	1.058975597239189	0.98991028835524664	0.91452494115052874	0.83395069877252559	0.7494310490017535	0.66229920356071448	0.57395366804948589	0.48583247060906487	0.39938654386291694	0.31605277154502831	0.2370084680616138	0.16337487706105613	0.099480363895774859	0.048200689816596975	0.061383588123125055	0.087717790749588964	
biceps-forearm	phi	23	0.51746891271515372	0.84312982473555476	0.81533530733322102	0.78195176714764081	0.74467272430579534	0.70506379082408532	0.66760330939742696	0.63125781720398066	0.63999625094181134	0.65418790293052376	0.66868169282392564	0.68347327100077382	0.69839478268714217	0.71463690543171832	0.72858922268284676	0.73977677955931731	0.74777012453788472	0.7521947019997286	0.752739209350751	0.74916275324251957	0.74130066026200714	0.72906882352554869	0.71246649501462711	0.69157746367539885	0.66656959068294208	0.6376927052345529	0.60527489616197183	0.56971726591866312	0.53148724349654897	0.49111058097249582	0.44916218413031617	0.40625595044710039	0.36303380722823442	0.3201541584430041	0.27827996054446591	0.23806665502377644	0.20018916211341642	0.16610247125748501	0.13727323327450436	0.11522737779401848	0.13338348129964794	0.15797118073033967	
biceps-forearm	phi	24	0.42279387137127578	0.5810336188954186	0.56298526303118068	0.54154589444371681	0.51791614574689193	0.49317683122685918	0.46987079157346168	0.44761373413265737	0.44564686404914644	0.4459278802005171	0.44623343225373091	0.4466302210650257	0.44705938344176754	0.44796958847684554	0.44815642449019855	0.44751723676508504	0.44596140264204731	0.44341259877714601	0.43981080606224143	0.43511401192855192	0.42929957429805676	0.42236521797383286	0.41432964136846362	0.40523271902106472	0.39513529320143181	0.38411855589163268	0.37228303041557465	0.35974716980024701	0.34664559644637172	0.33312701471498629	0.31935183446306459	0.30548954926019523	0.29171591787840501	0.2782100015733151	0.26515111259015933	0.25271573117543245	0.24118633942621059	0.23164417494752021	0.22411310668824536	0.21916047529007887	0.23292228214773281	0.24873191223781133	
biceps-forearm	phi	25	0.3600000000000001	0.36000000000002097	0.36000000000186305	0.35999998981262715	0.36000000001141608	0.35999997807077833	0.35999999996207577	0.360000000845486	0.35999999999605659	0.35999999999999988	0.35999999999979404	0.35999999999999965	0.35999999999997967	0.35999999999999921	0.35999999999999943	0.35999999999999921	0.35999999999999943	0.35999999999999943	0.35999999999999899	0.35999999999999899	0.35999999999999899	0.35999999999999899	0.35999999999999899	0.35999999999999854	0.35999999999999854	0.35999999999999832	0.3599999999999981	0.3599999999999981	0.3599999999999981	0.35999999999999832	0.35999999999999832	0.3599999999999981	0.35999999999999788	0.35999999999999788	0.35999999999999766	0.35999999999999766	0.35999999999999766	0.35999999996555587	0.36000000000031185	0.36000000000311605	0.36000000000185572	0.35999999999929022	
