rotation_angle	 	 	initial	0	1	2	3	4	5	6	7	8	9	10	11	12	13	14	15	16	17	18	19	20	21	22	23	24	25	26	27	28	29	30	31	32	33	34	35	36	37	38	39	40	
triceps	gamma	1	0.099818643170299731	0.099818643170299731	0.099818643170299731	0.099818643170299731	0.099818643169937785	0.099818643170253962	0.099818643170299731	0.099818643170299731	0.099818643170299731	0.099818643170299731	0.099818643170299731	0.099818643170299731	0.099818643170299731	0.099818643158751705	0.099818643170299731	0.099818643170299731	0.099818643170299731	0.099818643170299731	0.099818643170299731	0.099818643170299232	0.099818643170321755	0.099818643170299731	0.099818643171197499	0.099818643171737234	0.099818643170823312	0.099818643168716997	0.099818643170813307	0.099818643188736456	0.099818643170299731	0.099818643170299731	0.099818643170673127	0.099818643170299731	0.099818643170299731	0.099818643170298663	0.099818643170299731	0.099818643170299731	0.099818643170299731	0.099818643170299731	0.099818643170299731	0.099818643170299731	0.099818643170299731	0.099818643170299731	
triceps	gamma	2	0	0	0	0	0	0	0	0	0	0	0	0	0	0	0	0	0	0	0	0	0	0	0	0	0	0	0	0	0	0	0	0	0	0	0	0	0	0	0	0	0	0	
triceps	gamma	3	0.082890961513547273	0.082890961513547273	0.082890961513547273	0.082890961513547273	0.082890961513816974	0.082890961513773481	0.082890961513547273	0.082890961513547273	0.082890961513547273	0.082890961513547273	0.082890961513547273	0.082890961513547273	0.082890961513547273	0.082890961511286235	0.082890961513547273	0.082890961513547273	0.082890961513547273	0.082890961513547273	0.082890961513547273	0.082890961513551797	0.082890961513529343	0.082890961513547273	0.082890961511545846	0.082890961512940037	0.082890961513318304	0.082890961512250477	0.08289096151342365	0.082890961433659149	0.082890961513547301	0.082890961513547273	0.082890961513219952	0.082890961513547273	0.082890961513547273	0.082890961513576403	0.082890961513547273	0.082890961513547273	0.082890961513547273	0.082890961513547273	0.082890961513547273	0.082890961513547273	0.082890961513547273	0.082890961513547273	
triceps	gamma	4	0.09296687762942149	0.092966877629421477	0.092786232066619775	0.092645927084063079	0.092580171897102145	0.092516582518135562	0.09246367894426856	0.092408698024387975	0.092351300653773213	0.092291037541007079	0.092227300069167434	0.092159248625532125	0.092085688184205261	0.092037506283228265	0.091987984769615533	0.091935560809139977	0.091879487342679561	0.091818787937371721	0.09175211279094915	0.091680819111714232	0.091640202737130499	0.091596252719696653	0.09154797308334614	0.091494095283288723	0.091432895282075849	0.091361816728708661	0.091313976678605718	0.091275220541633645	0.091231694289743301	0.091182195171685215	0.091124639273119326	0.091056093974808808	0.090971062250732024	0.090923397848518939	0.090887121145306601	0.090847928599184308	0.090805523227678625	0.090759470448838225	0.090708672567480386	0.090652198971051409	0.090588053621271411	0.090510922931557825	
triceps	gamma	5	0	0	0	0	0	0	0	0	0	0	0	0	0	0	0	0	0	0	0	0	0	0	0	0	0	0	0	0	0	0	0	0	0	0	0	0	0	0	0	0	0	0	
triceps	gamma	6	0.070606688808529841	0.070606688808529841	0.070548098964283892	0.07047622266135431	0.070360011068302614	0.070247867712273232	0.070154822698771352	0.070058405313555464	0.069958065369957564	0.069853059398061329	0.069742379718937264	0.069624636858457434	0.069497855276541412	0.069415050771065592	0.069330247527524147	0.069240681202021148	0.06914516012207074	0.069042083395784493	0.068929245293502875	0.068808316003042241	0.068736582097786728	0.068658740133461557	0.068573275590594424	0.068478129564350357	0.068370376754002121	0.068245643973401021	0.068161920261614328	0.068094224622632524	0.068018396015764204	0.067932326028923185	0.067832498679750441	0.067713985152208472	0.067567498924031549	0.067485636908741098	0.0674234732116515	0.067356423343870167	0.067284017134472338	0.067205547300656657	0.067119189673517612	0.067023425098693593	0.066914958472453906	0.066784964299861027	
triceps	gamma	7	0.08611511208854325	0.086115112088543236	0.085753820962939833	0.085473210997826413	0.085341700727469424	0.0852145219957577	0.085108714718237388	0.084998752878476219	0.084883958137246682	0.084763431911714412	0.08463595696803515	0.084499854080764533	0.084352733198110777	0.084256368768026543	0.084157326368931321	0.084052478447980222	0.083940331515059391	0.083818932704443724	0.083685582411598555	0.083542995006111079	0.083461761500242218	0.083373862269093574	0.083277302991952656	0.083169547513691641	0.083047147540462357	0.082904990288484609	0.082809310314637105	0.082731797696777423	0.082644745409186801	0.082545747173070685	0.082430635472306224	0.082293544779317884	0.082123481331164316	0.08202815264596354	0.081955599120313485	0.08187721402806887	0.081792403285057519	0.081700297727376733	0.081598701964661055	0.081485754771803101	0.081357464072243091	0.081203202692815904	
triceps	gamma	8	0	0	0	0	0	0	0	0	0	0	0	0	0	0	0	0	0	0	0	0	0	0	0	0	0	0	0	0	0	0	0	0	0	0	0	0	0	0	0	0	0	0	
triceps	gamma	9	0.058322416103512409	0.058322416103512409	0.058205236415020505	0.05806148380916136	0.057829060586598501	0.057604773863553907	0.057418683883995424	0.057225849113563654	0.057025169226367856	0.056815157282575364	0.056593797924327276	0.056358312203367601	0.056104749039535551	0.055939140275280165	0.055769533541501014	0.05559040089049503	0.055399358730594192	0.055193205278021712	0.054967529073458463	0.054725670510621098	0.05458220299136194	0.054426518753375841	0.054255589671009345	0.05406529757048581	0.053849791938617449	0.053600326434639016	0.053432878961028468	0.053297487888143119	0.053145830517980608	0.052973690544299096	0.052774035809849677	0.052537008790869658	0.052244036334515832	0.052080312258553155	0.051955984909755705	0.051821885174193054	0.051677072755397381	0.051520133087766054	0.051347417833487931	0.051155888683839912	0.050938955431360559	0.050678967086174788	
triceps	gamma	10	0.079263346547665009	0.079263346547664981	0.078721409859259878	0.07830049491158976	0.078103229619961953	0.077912461581605377	0.077753750492206203	0.077588807732564477	0.077416615620720164	0.07723582628242176	0.077044613866902853	0.076840459535996927	0.076619778212016307	0.076475230199093414	0.076326667968247122	0.076169396086820468	0.076001175687439221	0.075819077471515714	0.075619052032247974	0.075405170868458424	0.075283319197548132	0.075151471818490509	0.075006632893443795	0.074844999852741401	0.074661399875221524	0.074448163847896515	0.074304644024675029	0.074188374074751193	0.074057796528630301	0.073909299174456169	0.073736631697575022	0.073530995583826961	0.073275900411596623	0.073132907482179182	0.073024077095320356	0.072906499456953447	0.072779283342436413	0.072641125005915227	0.07248873136184171	0.072319310572554779	0.072126874523214785	0.071895482454073997	
triceps	gamma	11	0	0	0	0	0	0	0	0	0	0	0	0	0	0	0	0	0	0	0	0	0	0	0	0	0	0	0	0	0	0	0	0	0	0	0	0	0	0	0	0	0	0	
triceps	gamma	12	0.046038143398494977	0.04603814339849497	0.045862373865757124	0.04564674495696841	0.045298110083305754	0.044961679973507217	0.044682545069219502	0.044393292913571837	0.044092273082778154	0.043777255167089399	0.043445216129717273	0.043091987548277755	0.042711642802529697	0.042463230210390945	0.042208819555477894	0.041940120578968905	0.041653557339117651	0.041344327160258945	0.041005812853414064	0.040643025031392804	0.040427824324640746	0.040194297373290139	0.03993790375437014	0.039652465532355907	0.039329207092498229	0.038955008896035953	0.038703837630685432	0.038500751476766085	0.038273265020197025	0.038015055059675007	0.037715572930353033	0.037360032429530857	0.036920573745000101	0.036674987593273096	0.036488496607859917	0.036287347004515941	0.036070128376322425	0.035834718874875444	0.035575645993458256	0.035288352268986231	0.034962952390267199	0.034572969872488549	
triceps	gamma	13	0.072411581006786768	0.07241158100678674	0.071688998755579922	0.071127778825353136	0.070864758475136028	0.070610401180526569	0.070398786266175031	0.070178862586652721	0.069949273104193632	0.069708220653129094	0.069453270765770556	0.069181064991229321	0.068886823225921823	0.068694089869220473	0.068496009567562924	0.068286313725660713	0.068062019859819037	0.067819222238587704	0.067552521652897379	0.067267346730089869	0.067104875244863721	0.06692908136788743	0.066735962778347216	0.066520452113060208	0.066275652080890646	0.065991337406561004	0.065799977639980536	0.065644949331599825	0.065470847648073802	0.06527285117584164	0.06504262776690109	0.064768446388336037	0.064428319492028915	0.064237662129337167	0.06409255507032724	0.06393578488583801	0.063766163399815307	0.063581952284453722	0.063378760759022393	0.063152866373306471	0.062896284974186464	0.062587762215332091	
triceps	gamma	14	0	0	0	0	0	0	0	0	0	0	0	0	0	0	0	0	0	0	0	0	0	0	0	0	0	0	0	0	0	0	0	0	0	0	0	0	0	0	0	0	0	0	
triceps	gamma	15	0.033753870693477545	0.033753870693477538	0.033519511316493743	0.033232006104775447	0.032767159600283667	0.032318586080931661	0.031946406254443581	0.031560736713580013	0.031159376939188441	0.030739353051603434	0.030296634335107278	0.029825662893187908	0.029318536565523842	0.028987320913717276	0.028648105569454779	0.028289840267442787	0.027907755947641114	0.027495449042496178	0.027044096633369662	0.026560379552430222	0.026273446385648991	0.025962075993204433	0.025620217845073467	0.0252396335300215	0.024808622304821625	0.02430969135777732	0.023974796343732924	0.023704015564906925	0.023400699522413436	0.023056419575050918	0.022657110122164262	0.022183056068192056	0.021597111155484374	0.021269663014328449	0.021021008305964133	0.020752808834838831	0.020463183997247468	0.020149304661984835	0.019803874153428536	0.01942081585413255	0.018986949349173846	0.018466972658802299	
triceps	gamma	16	0.065559815465908527	0.065559815465908486	0.06465658765189998	0.063955062739116608	0.063626287086552422	0.063308340589243187	0.06304382204014386	0.062768917440740965	0.062481930587667121	0.062180615023836441	0.061861927664638272	0.061521670446461722	0.061153868239827353	0.060912946431323958	0.060665351166878718	0.060403231364500973	0.060122864032198867	0.059819367005659714	0.059485991273546791	0.059129522496127865	0.058926428405742713	0.058706690917284358	0.058465292614695012	0.058195903777554493	0.057889903586935451	0.057534510963097668	0.057295310785941189	0.057101522567935499	0.056883898767517302	0.056636403177227117	0.056348623244808001	0.056005897192845121	0.055580738572461201	0.055342416020422579	0.055161033045334096	0.054965070314722572	0.054753043457194214	0.054522779562992216	0.054268790156204068	0.053986422174058156	0.053665695425158144	0.053280041976590163	
triceps	gamma	17	0	0	0	0	0	0	0	0	0	0	0	0	0	0	0	0	0	0	0	0	0	0	0	0	0	0	0	0	0	0	0	0	0	0	0	0	0	0	0	0	0	0	
triceps	gamma	18	0.021469597988460112	0.021469597988460105	0.021176648767230365	0.020817267252582441	0.020236209233439627	0.019675492279074787	0.019210267439667663	0.018728180513588197	0.018226480795598726	0.017701450936117465	0.017148052540497286	0.016559338238098062	0.015925430328517984	0.015511413059783256	0.015087391583431663	0.014639559955916667	0.014161954556164577	0.01364657092473341	0.013082380413325255	0.01247773411834161	0.012119069804227445	0.011729854613118729	0.01130253195869536	0.010826801810551375	0.010288037850039547	0.0096643738205455573	0.0092457552814967404	0.0089072806150768419	0.0085281340246298482	0.0080977840904268347	0.0075986475988371128	0.0070060797068532557	0.0062736485659686432	0.0058643388009889255	0.0055535200040683552	0.0052182706651617171	0.0048562396181725141	0.0044638904490942278	0.004032102313398107	0.0035532794392788766	0.0030109463080804895	0.0023609754451160586	
triceps	gamma	19	0.058708049925030287	0.058708049925030245	0.057624176548220017	0.056782346652880518	0.056387815008862599	0.05600627935532853	0.055688857814112681	0.055358972294829216	0.055014588071140604	0.054653009394543782	0.054270584563505982	0.053862275901694123	0.053420913253732875	0.053131796808090132	0.052834692766194513	0.052520149003341225	0.052183708204578697	0.051819511772731711	0.051419460894196189	0.050991697783654089	0.050747975528585572	0.050484300466681294	0.050194622242947358	0.049871353832508077	0.049504153265182697	0.049077684508720854	0.048790642362896784	0.048558091212051679	0.048296949886960788	0.047999955178612587	0.047654616867716916	0.047243347997354204	0.046733157652893487	0.046447167356640541	0.046229511020340855	0.045994355743607128	0.045739923514573108	0.04546360684153071	0.045158819553430762	0.044819977974809841	0.044435105876129824	0.043972321737848249	
triceps	gamma	20	0	0	0	0	0	0	0	0	0	0	0	0	0	0	0	0	0	0	0	0	0	0	0	0	0	0	0	0	0	0	0	0	0	0	0	0	0	0	0	0	0	0	
triceps	gamma	21	0.0091853252834426802	0.009185325283442675	0.0088337862179669897	0.008402528400389216	0.0077052592050795331	0.0070323987927163349	0.0064741286248917373	0.0058956243135963827	0.0052935846520090115	0.0046635488206314985	0.0039994707458872927	0.003293013583008212	0.0025323240915121302	0.002035508254090412	0.0015266775974085477	0.00098927964439054919	0.00041615316468804087	-0.00020230719302935705	-0.00087933580671915033	-0.0016049110766460438	-0.0020353037557657087	-0.0025023667669669754	-0.0030151538231647621	-0.0035860290972643725	-0.0042325456806902697	-0.0049809437111453065	-0.0054832849836120483	-0.0058894520037602949	-0.006344431473153743	-0.0068608513941972498	-0.0074598139752234012	-0.0081708966544855426	-0.0090498140235470877	-0.0095409840965547561	-0.0099139682978273795	-0.010316267504515399	-0.010750704760902442	-0.011221523763796379	-0.011739669526656202	-0.012314256975574799	-0.012965056733012867	-0.013745021768570186	
triceps	gamma	22	0.051856284384152046	0.051856284384152004	0.050591765444540061	0.049609630566641673	0.049149341074167796	0.048704216226967814	0.048333893588081503	0.047949027148917474	0.047547245554614086	0.047125403765251123	0.046679241462373691	0.046202881356926517	0.045687958267638398	0.045350631224120211	0.045004034365510308	0.044637066642181478	0.044244552376958526	0.043819656539803714	0.043352930514845595	0.042853870882584653	0.042569504021581356	0.042261910016078222	0.041923950255127004	0.041546797131829231	0.041118395555517294	0.040620857865870455	0.040285966859920426	0.040014635764809153	0.039710001006405551	0.039363507179998057	0.038960602515932023	0.038480798801863281	0.037885576733325779	0.037551904739651129	0.037297988995346316	0.037023641172491684	0.036726803571952009	0.036404434120069211	0.036048848948006813	0.035653533775561526	0.035204516327101511	0.034664601499106329	
triceps	gamma	23	0	0	0	0	0	0	0	0	0	0	0	0	0	0	0	0	0	0	0	0	0	0	0	0	0	0	0	0	0	0	0	0	0	0	0	0	0	0	0	0	0	0	
triceps	gamma	24	-0.003098947421574752	-0.0030989474215747563	-0.0035090763312963865	-0.0040122104518026053	-0.0048256898697771325	-0.0056106937197228915	-0.0062620101898841866	-0.0069369318863954348	-0.0076393114915807034	-0.0083743532948544683	-0.0091491110487226992	-0.0099733110720816379	-0.010860782145493726	-0.011440388217757698	-0.012034036388614567	-0.012661000667135569	-0.013329648226788495	-0.014051185310792125	-0.014841052026763555	-0.015687555110843143	-0.016189667417956615	-0.016734588147052681	-0.017332838742915104	-0.017998856390387404	-0.018753125247487786	-0.019626261143323828	-0.020212321430185008	-0.020686171614953137	-0.021216996970937787	-0.021819486878821334	-0.022518271212727023	-0.023347873015824337	-0.024373276613062819	-0.024946299344405318	-0.025381456599722383	-0.025850805674192512	-0.026357649139977398	-0.026906937976686987	-0.027511441365243344	-0.028181793390428474	-0.028941059774106222	-0.029851018982256429	
triceps	gamma	25	0.045004518843273805	0.045004518843273764	0.043559354340860106	0.042436914479437517	0.041910860354715973	0.04140214579441804	0.040978929362050324	0.040539082003005725	0.040079903038087568	0.039597798135958463	0.039087898361241394	0.038543486812158918	0.037955003281543921	0.037569441576085535	0.037173375964826109	0.036753984281021737	0.036305396549338349	0.035819801306875718	0.035286400135494993	0.034713489813529078	0.034376247087615198	0.034009883255245531	0.033606860375272656	0.033157002769794712	0.032645987323239964	0.032052400046468185	0.031652767921692228	0.031328929183846811	0.030965362228735336	0.030551743582164847	0.030070708583153929	0.029497766344044708	0.028786837181637968	0.028388221564917347	0.028084851236611117	0.027757030002477149	0.027402291864163392	0.02701698996605232	0.026624186386945803	0.026198755534117359	0.0257028632995174	0.025089059598020411	
triceps	gamma	26	0	0	0	0	0	0	0	0	0	0	0	0	0	0	0	0	0	0	0	0	0	0	0	0	0	0	0	0	0	0	0	0	0	0	0	0	0	0	0	0	0	0	
triceps	gamma	27	-0.015383220126592184	-0.015383220126592186	-0.01585193888055976	-0.016426949303477472	-0.017356635290387994	-0.018253782287626186	-0.018998149004660111	-0.01976948808638725	-0.020572207635170418	-0.021412255410340437	-0.022297692843332693	-0.023239635727171488	-0.024253888382499582	-0.024916271407432619	-0.025594750374637681	-0.026311280978661689	-0.027075449618265031	-0.027900063428554892	-0.028802768246807962	-0.029768764026435243	-0.030335706785809491	-0.030950087621308919	-0.031624270209058003	-0.032374687640079614	-0.03322441744916442	-0.034207860653527787	-0.03486782660788891	-0.035401352411028451	-0.035998983067029817	-0.036677177062767491	-0.037463629114148911	-0.038397124231277176	-0.039550651094510197	-0.040195130996062006	-0.040684485502396249	-0.041212223094551262	-0.041782040963574095	-0.042399485021386699	-0.043097881383287899	-0.043879069894707148	-0.044756519483702913	-0.04579782075393956	
triceps	gamma	28	0.038152753302395565	0.038152753302395523	0.036526943237180143	0.035263569587663135	0.03465030318861291	0.034056444577881997	0.03356208626540215	0.033048207249954872	0.032511660591344693	0.031948233803407375	0.031352220751125266	0.030715749357427921	0.030027614528776985	0.029576669699551604	0.029113403420916437	0.028622764372410715	0.028097884895268151	0.027529604546192948	0.026905257539894895	0.026234489844317029	0.025839436961776863	0.025410181081007191	0.024937895404005622	0.024410634755642157	0.023811567079360035	0.023115528283526969	0.022646825246921996	0.022266982963874037	0.021840404752134859	0.02135505566902628	0.020810971748039624	0.020169036328047688	0.019349750582650146	0.018939963472951332	0.018656521115105691	0.01834262018773182	0.017994720115791504	0.017607866004604664	0.017199523824458406	0.016743977292673195	0.016201210271933296	0.015513517696934499	
triceps	gamma	29	0	0	0	0	0	0	0	0	0	0	0	0	0	0	0	0	0	0	0	0	0	0	0	0	0	0	0	0	0	0	0	0	0	0	0	0	0	0	0	0	0	0	
triceps	gamma	30	-0.027667492831609616	-0.027667492831609616	-0.028194801429823137	-0.028841333797767047	-0.029875093323318985	-0.030872102789910642	-0.031699056314152908	-0.032555824138792502	-0.033447293821914803	-0.034380048248140997	-0.035363009985138368	-0.036408481820411752	-0.03753395442352235	-0.038268821257346021	-0.039021435120446521	-0.039816118048365719	-0.040663480461952332	-0.041577687259366475	-0.042578250367626101	-0.043648760528737292	-0.044277143250974565	-0.044958025179809902	-0.045705071294459484	-0.046536440974235746	-0.047477634099986378	-0.048566661661470896	-0.049297324307683493	-0.049887922805646696	-0.050549331571214828	-0.051299792382996534	-0.05218241546358187	-0.053233807859882659	-0.054519019614943778	-0.055267720690182084	-0.05585398159361319	-0.056481733771212711	-0.057154665091846184	-0.057878486542954112	-0.058684321400437507	-0.059576346398985833	-0.060571979193299604	-0.061744622525622683	
triceps	gamma	31	0.031300987761517324	0.031300987761517282	0.029494532133500184	0.028020515329591381	0.027216586892520874	0.026535258478275835	0.025992593511323405	0.025420401344022719	0.024814375797712975	0.024168717903863036	0.023475482574472111	0.022723553837397537	0.021896847224229257	0.021390134337500699	0.020866533706356324	0.020306100834273703	0.019699753304697861	0.019035236626455523	0.018295302256629016	0.017492130208274583	0.017061235565337774	0.016588524745079988	0.016062799951339048	0.015468399385026185	0.014782992884566524	0.013972719992269549	0.013466043091637401	0.013083025009900124	0.012645050357818601	0.01213677119046761	0.011550674248521067	0.010840306312269621	0.0099126639836623273	0.0094916921534415905	0.0092281909936316429	0.0089282103729864965	0.0085871483674196183	0.0081987420431570094	0.0077748612618622369	0.007289199051229032	0.0066995572443491885	0.0059379757958485857	
triceps	gamma	32	0	0	0	0	0	0	0	0	0	0	0	0	0	0	0	0	0	0	0	0	0	0	0	0	0	0	0	0	0	0	0	0	0	0	0	0	0	0	0	0	0	0	
triceps	gamma	33	-0.039951765536627049	-0.039951765536627049	-0.040537663979086508	-0.041214447668959167	-0.042290614306304659	-0.043385691293275463	-0.044308561374922652	-0.045259891165425066	-0.046244576413829751	-0.047269199162768796	-0.048342629063823625	-0.049476999814410533	-0.050689392744322943	-0.051502287813997565	-0.052332911748121859	-0.053206280336223301	-0.054133236286042191	-0.055128164121712071	-0.056210668095921748	-0.057363383504057952	-0.058066617679015609	-0.058825853373432539	-0.059655359248712903	-0.060573762139851876	-0.061607036120652173	-0.062793552101002154	-0.063614496693275679	-0.064295917908365502	-0.065054221869546638	-0.065908418961691265	-0.066900837349670644	-0.06807049148863209	-0.069487388135377359	-0.070340301672401559	-0.07102347768485108	-0.07175124444787416	-0.072527289220118266	-0.073357488064521525	-0.074270761417516235	-0.075273622903264503	-0.076387438902896301	-0.077691424297305814	
triceps	gamma	34	0.024449222220639083	0.024449222220639041	0.022462121029820224	0.020777461071524672	0.019782854107201878	0.019014061018312749	0.018423100757244661	0.017792595438090562	0.017117091004081257	0.016389202004318697	0.015598744397818954	0.014731358317367157	0.013766079919681529	0.013203546742739772	0.012619663991796221	0.011989437296136694	0.011301621714127569	0.010540868706718101	0.0096853469733631358	0.0087497607551667977	0.0082829799437841682	0.0077668684091527851	0.0071877017487724055	0.0065261533440300178	0.0057544083742781934	0.0048299114700671702	0.0042852534636319333	0.0038990459405511542	0.0034496959635023426	0.0029184867119089403	0.0022903734259528672	0.0015115762964915608	0.00047557738467450555	4.3418454503325902e-05	-0.00020013912784165355	-0.00048619944175882845	-0.00082042338095226976	-0.0012103819182906486	-0.0016498013007454349	-0.0021655791902151313	-0.0028020957832349176	-0.0036375661052373289	
triceps	gamma	35	0	0	0	0	0	0	0	0	0	0	0	0	0	0	0	0	0	0	0	0	0	0	0	0	0	0	0	0	0	0	0	0	0	0	0	0	0	0	0	0	0	0	
triceps	gamma	36	-0.052236038241644481	-0.052236038241644481	-0.052880526528349889	-0.053587561540154177	-0.054706124983362123	-0.055899272664258197	-0.056918066435692395	-0.057963958192057623	-0.059041859005744692	-0.060158350077396595	-0.061322248142508876	-0.062545517808409307	-0.063844831065123536	-0.064735720540641056	-0.065644388375797197	-0.06659644262408089	-0.067602992110132043	-0.068678640984057668	-0.069843085824217402	-0.071077999962120636	-0.071856056012013378	-0.072693681567055177	-0.07360564536004624	-0.074611076121689851	-0.075736431164248497	-0.077020442383623655	-0.077931663978493174	-0.078703898582580895	-0.079559112167878476	-0.080517045540385981	-0.081619256929565676	-0.082907175117381535	-0.08445575665581094	-0.085412880978155123	-0.086192973776089518	-0.087020755124535609	-0.087899913348390354	-0.088836489586088946	-0.089857201434587197	-0.090970899407543188	-0.092202898612492992	-0.093638226068988945	
triceps	gamma	37	0.017597456679760842	0.017597456679760804	0.015429709926140268	0.013534406813458051	0.012349118228220221	0.011492860626894473	0.01085360800316592	0.010164789532158408	0.0094198062104495373	0.0086096861047743594	0.0077220062211657984	0.0067391627973367764	0.0056353126151338032	0.005016944539176978	0.0043727942772361179	0.003672773757999682	0.0029034901235572771	0.0020465007869806774	0.0010753916900972571	7.3901349810763095e-06	-0.00049528541546410738	-0.0010547879267744174	-0.0016873967562982834	-0.0024160948068681133	-0.0032741783027217799	-0.0043128970580012214	-0.0048955376589283608	-0.0052849369582140078	-0.0057456584308139252	-0.00629979776664973	-0.0069699282306651756	-0.0078171537192864987	-0.0089615092143133165	-0.0094048558916463992	-0.0096284692493148871	-0.0099006092565041524	-0.010227995129324157	-0.010619505879738306	-0.011074463863354578	-0.011620357431659295	-0.012303748810819025	-0.013213108006323243	
triceps	gamma	38	0	0	0	0	0	0	0	0	0	0	0	0	0	0	0	0	0	0	0	0	0	0	0	0	0	0	0	0	0	0	0	0	0	0	0	0	0	0	0	0	0	0	
triceps	gamma	39	-0.064520310946661913	-0.064520310946661913	-0.065223389077613256	-0.065960675411349229	-0.067121633618796625	-0.068412852093889795	-0.069527571496462146	-0.070668025218690186	-0.071839141597659639	-0.073047500992024395	-0.074301867221194126	-0.075614035802408094	-0.077000269385924122	-0.077969143306021102	-0.078955865003472542	-0.079986604911938472	-0.081072747934221895	-0.082229117846403271	-0.083475503552513056	-0.08479261560110507	-0.085645487494767858	-0.086561509760677807	-0.087555931256706312	-0.0886483885900652	-0.089865824643250963	-0.091247332661944597	-0.092248830168326565	-0.093111876475329591	-0.094064002466210314	-0.095125672119080712	-0.09633767587702248	-0.097743858746130979	-0.099424125176244521	-0.10048545978193331	-0.101362469867328	-0.10229026580119706	-0.10327253747666244	-0.10431549110765635	-0.10544364145165715	-0.10666817591182187	-0.10801835832208968	-0.10958502784067206	
triceps	gamma	40	0.010745691138882602	0.010745691138882567	0.0083972988224603074	0.0062913525553914265	0.004915381327288252	0.0039716593155061106	0.0032841152490871782	0.0025369836262262545	0.0017225214168178182	0.00083017020523001915	-0.00015473195548735579	-0.0012530327226936053	-0.0024954546894139229	-0.0031696630429606139	-0.0038740754373239841	-0.0046438897801373289	-0.0054946414670130157	-0.0064478671327567461	-0.0075345635931686229	-0.0087349807500522736	-0.0092735544653050912	-0.0098764442627016207	-0.010562495316525165	-0.011358343636108985	-0.012302765725203554	-0.013455705586741336	-0.014076329189203212	-0.014468921515150992	-0.014941012825130171	-0.015518082245208399	-0.016230230110138927	-0.017145883735064558	-0.018398595813301138	-0.01885313036895751	-0.019056799370788115	-0.019315019071249478	-0.019635566877696044	-0.020028629841185964	-0.020499126425964128	-0.021075135673103457	-0.02180540183840313	-0.022788649907409156	
triceps	gamma	41	0	0	0	0	0	0	0	0	0	0	0	0	0	0	0	0	0	0	0	0	0	0	0	0	0	0	0	0	0	0	0	0	0	0	0	0	0	0	0	0	0	0	
triceps	gamma	42	-0.076804583651679345	-0.076804583651679331	-0.077566251626876637	-0.078333789282544294	-0.079537141533575578	-0.080926430873709182	-0.082137076557231889	-0.083372092245322743	-0.08463642418957458	-0.085936651906652187	-0.087281486299879391	-0.088682553796406868	-0.090155707706724708	-0.09120256222215864	-0.092267341631147873	-0.093376767199796054	-0.094542503758311747	-0.095779594708748861	-0.097107921280808696	-0.098507231043981111	-0.099434916239582061	-0.10042933795430045	-0.10150621711192727	-0.10268570052975104	-0.10399521753456414	-0.10547422293965675	-0.10656599602023713	-0.10751985308457117	-0.10856889276454211	-0.10973429869777543	-0.11105609461463055	-0.11258054237488041	-0.1143924936966781	-0.11555803844492084	-0.11653196595856649	-0.11755977647785851	-0.11864516160493453	-0.11979449262922377	-0.12103008146872682	-0.12236545241610054	-0.12383381803168637	-0.12553182961235521	
triceps	gamma	43	0.0038939255980043608	0.0038939255980043291	0.0013648877187803492	-0.00095170170267520253	-0.0025183559352787771	-0.0035495422893639409	-0.0042853775049915633	-0.0050908222797058983	-0.0059747633768139014	-0.0069493456943143204	-0.0080314701321405092	-0.0092452282427239862	-0.010626221993961649	-0.011356273204074422	-0.012120945151884086	-0.012960553318274339	-0.013892773057583309	-0.014942235052494169	-0.016144518876434501	-0.017477351680397463	-0.018051825332779416	-0.018698100598628822	-0.019437593893020924	-0.020300592588782824	-0.021331353285951163	-0.022598514115623906	-0.023257120774930206	-0.023652906940041327	-0.024136367219446425	-0.02473636672376707	-0.025490531970760899	-0.026474613750842618	-0.02783568241228896	-0.028301404762831609	-0.028485129492261341	-0.0287294288859948	-0.029043138626067933	-0.02943775380263362	-0.029923788988573782	-0.03052991391454762	-0.031307054865987234	-0.03236419180849507	
triceps	gamma	44	0	0	0	0	0	0	0	0	0	0	0	0	0	0	0	0	0	0	0	0	0	0	0	0	0	0	0	0	0	0	0	0	0	0	0	0	0	0	0	0	0	0	
triceps	gamma	45	-0.089088856356696777	-0.089088856356696763	-0.089909114176140004	-0.090706903153739346	-0.091952649164336542	-0.093440009422781314	-0.094746581618001632	-0.0960761592719553	-0.097433706781489535	-0.098825802821279993	-0.10026110537856464	-0.10175107179040566	-0.10331114602752529	-0.10443597921470608	-0.10557881825882322	-0.10676692948765364	-0.1080122595824016	-0.10933007157109446	-0.11074033900910435	-0.11222184645227302	-0.11322434357251292	-0.11429716614792308	-0.11545650295425554	-0.11672301234217006	-0.11812461027662451	-0.11970111321712468	-0.12088316178244157	-0.12192782897275399	-0.12307378306287388	-0.12434292527647016	-0.12577451330173472	-0.12741722600362987	-0.12936086221711168	-0.13063061710594059	-0.13170146204980498	-0.13282928715451997	-0.13401778573320661	-0.13527349415079118	-0.13661652148579637	-0.13806272892037921	-0.13964927774128305	-0.14147863138403832	
triceps	gamma	46	-0.00295783994287388	-0.0029578399428739082	-0.0056675233848996094	-0.0081947559607418331	-0.0099520932780526056	-0.011070743926598819	-0.011854870259070303	-0.012718628185638051	-0.01367204817044562	-0.01472886159385866	-0.015908208308793664	-0.017237423762754368	-0.018756989298509375	-0.019542884775908945	-0.020367814866444189	-0.02127721685641135	-0.022290904648153601	-0.023436602972231591	-0.024754474159700383	-0.026219722603352334	-0.026830097228517806	-0.027519756934556026	-0.028312692475944253	-0.029242841458851705	-0.030359940768270002	-0.031741322644488361	-0.032437912247184675	-0.032836892897490318	-0.033331721613762667	-0.033954651202325742	-0.034750833684327131	-0.035803343766620678	-0.037272769011276782	-0.03774967895596619	-0.037913459613734567	-0.038143838700740125	-0.038450710374439818	-0.038846877764081279	-0.039348451551183328	-0.039984692155991784	-0.040808707893571342	-0.041939733709580984	
triceps	gamma	47	0	0	0	0	0	0	0	0	0	0	0	0	0	0	0	0	0	0	0	0	0	0	0	0	0	0	0	0	0	0	0	0	0	0	0	0	0	0	0	0	0	0	
triceps	gamma	48	-0.10137312906171421	-0.1013731290617142	-0.10225197672540338	-0.1030800170249344	-0.10436815670336717	-0.10595358792347166	-0.10735608667877139	-0.10878022629858786	-0.11023098937340448	-0.11171495373590778	-0.11324072445724989	-0.11481958978440443	-0.11646658434832589	-0.11766939512870836	-0.11889029488649856	-0.12015709177551122	-0.12148201540649146	-0.12288054843344005	-0.1243727567374	-0.12593646186819712	-0.12701377009017314	-0.12816499434154571	-0.12940678879133058	-0.13076032417206609	-0.13225400301489043	-0.1339280034944195	-0.1352003275599325	-0.13633580436964415	-0.13757867336120566	-0.13895155185516489	-0.14049293200054205	-0.1422539096323793	-0.14432923073754528	-0.14570319580935875	-0.14687095814104345	-0.14809879783118141	-0.1493904098614787	-0.1507524956723586	-0.15220296150286594	-0.1537600054246579	-0.15546473745087974	-0.15742543315572144	
triceps	gamma	49	-0.0098096054837521207	-0.0098096054837521467	-0.012699934488579567	-0.015437810218808462	-0.017385830562422658	-0.018591945469058808	-0.019424363013149044	-0.020346434091570203	-0.02136933296407734	-0.022508377493402999	-0.023784946485446819	-0.025229619282784749	-0.0268877566030571	-0.027729497184240264	-0.028614684581004291	-0.029593880394548359	-0.030689036238723894	-0.031930970891969016	-0.033364429442966262	-0.0349620935720324	-0.03560836984575462	-0.036341413270483229	-0.037187791062161427	-0.038185090150973704	-0.039388528048208471	-0.040884131173165882	-0.041618703514554115	-0.042020878823874917	-0.042527076008078889	-0.043172935680884414	-0.044011135149804391	-0.045132073782398738	-0.046709855610264604	-0.047197952871206768	-0.0473417897352078	-0.04755824851548545	-0.047858282122811707	-0.048256001725528935	-0.048773114113795007	-0.049439470397435945	-0.050310360921155449	-0.051515275610666898	
triceps	gamma	50	0	0	0	0	0	0	0	0	0	0	0	0	0	0	0	0	0	0	0	0	0	0	0	0	0	0	0	0	0	0	0	0	0	0	0	0	0	0	0	0	0	0	
triceps	gamma	51	-0.11365740176673164	-0.11365740176673163	-0.11459483927466677	-0.11545313089612945	-0.11678366424485609	-0.11846716646645289	-0.11996559173954113	-0.12148429332522043	-0.12302827196531942	-0.12460410465053559	-0.12622034353593514	-0.1278881077784032	-0.12962202266912648	-0.1309028104122405	-0.13220177151417389	-0.13354725406336881	-0.1349517712305813	-0.13643102529578566	-0.13800517446569566	-0.1396510772445281	-0.14080319608193137	-0.14203282253516836	-0.14335707462594396	-0.14479763606772564	-0.14638339581633428	-0.14815489377156196	-0.14951749338703604	-0.15074377964208027	-0.15208356365953751	-0.15356017843385961	-0.15521135073973449	-0.15709059326112873	-0.15929759925797884	-0.16077577458197176	-0.16204045423228194	-0.16336830850784287	-0.16476303398975078	-0.16623149719392602	-0.16778940151993496	-0.16945728192893658	-0.17128019716047643	-0.17337223492740458	
triceps	gamma	52	-0.016661371024630361	-0.016661371024630382	-0.019732345592259528	-0.022680864476875093	-0.024819567712767322	-0.026113146861640499	-0.026993855767227785	-0.027974239997502356	-0.029066617757709062	-0.030287893392947341	-0.031661684662099975	-0.033221814802815129	-0.035018523907604827	-0.035916110138769185	-0.03686155429556439	-0.037910543932685371	-0.039087167829294188	-0.040425338811706436	-0.04197438472623214	-0.04370446455158996	-0.044386643336274789	-0.045163069606410429	-0.046062889651520895	-0.047127338740293838	-0.048417115065063347	-0.050026939701058648	-0.050799494521845873	-0.051204865682751628	-0.051722430402395068	-0.052391220159443079	-0.053271436860707309	-0.054460803798176818	-0.056146942209252426	-0.057144274843702207	-0.057899678649645285	-0.058733866136603398	-0.059658350213894672	-0.060688585477765976	-0.061849752189851039	-0.063175710668868651	-0.064730513929235386	-0.066664914301377554	
triceps	gamma	53	0	0	0	0	0	0	0	0	0	0	0	0	0	0	0	0	0	0	0	0	0	0	0	0	0	0	0	0	0	0	0	0	0	0	0	0	0	0	0	0	0	0	
triceps	gamma	54	-0.12594167447174909	-0.12594167447174906	-0.12693770182393013	-0.12782624476732449	-0.1291991718314425	-0.13098074508413457	-0.13257509680031088	-0.13418836035185297	-0.13582555455723436	-0.1374932555651634	-0.13919996261462039	-0.14095662577240201	-0.14277746098992705	-0.14413622532589351	-0.14551324814184924	-0.1469374163512264	-0.14842152705467115	-0.14998150215813125	-0.15163759219399131	-0.15336569260212204	-0.15459262169432816	-0.155900650728791	-0.15730736045932822	-0.15883494797804773	-0.16051278866313903	-0.16238178404865347	-0.16383465928102739	-0.16515175482822381	-0.16658845395786939	-0.16816880501255432	-0.1699297694440963	-0.17192727688987816	-0.17426596777841244	-0.17565341643975207	-0.17673037961226229	-0.17782808752274307	-0.17894520605339886	-0.18008120416964532	-0.18123887460775262	-0.18242067018423469	-0.18363683312008644	-0.18491949921546991	
triceps	gamma	55	-0.023513136565508602	-0.02351313656550862	-0.026764756695939484	-0.029923918734941723	-0.032253304677475711	-0.033634348082066119	-0.034563348521306526	-0.035602045903434507	-0.03676390255134078	-0.03806740929249168	-0.039538422838753126	-0.041214010322845517	-0.043149291212152552	-0.044102723590002987	-0.045108424010124493	-0.04622720747082238	-0.047485299419864478	-0.048919706731443864	-0.050584340009498019	-0.052446835626456349	-0.053164918767060899	-0.053984725942337636	-0.054937988261007202	-0.056069587720401173	-0.057445703439365871	-0.059169748266513431	-0.060491451719352898	-0.061622015310235242	-0.062879487036269957	-0.064302532001604212	-0.065951106936892448	-0.06792135522364072	-0.070396439740772379	-0.072013634870710511	-0.073328698322664684	-0.07470275549087449	-0.076144190836633707	-0.077664980284432639	-0.079286215889701556	-0.081036040050570815	-0.082969716789709574	-0.08521997885405512	
triceps	gamma	56	0	0	0	0	0	0	0	0	0	0	0	0	0	0	0	0	0	0	0	0	0	0	0	0	0	0	0	0	0	0	0	0	0	0	0	0	0	0	0	0	0	0	
triceps	gamma	57	-0.13822594717676651	-0.13822594717676648	-0.1392805643731935	-0.14019935863851954	-0.14161467947482612	-0.1434943237703297	-0.14518460186108062	-0.14689242737848554	-0.14862283714914931	-0.15038240647979118	-0.15217958169330564	-0.15402514376640078	-0.15593289931072765	-0.1573696400159483	-0.15882472476952458	-0.16032757863908398	-0.16189128287876101	-0.16353197902047684	-0.16527000992228694	-0.16708030795285714	-0.1683820468094421	-0.16976847892241365	-0.17125764628798928	-0.1728722597832496	-0.17464218107489854	-0.17660867431078145	-0.17792125802094033	-0.17894028399242015	-0.17999565651719401	-0.18109425421779843	-0.18224636732629676	-0.18346537726985648	-0.18477563556851817	-0.18551232114917957	-0.18605476535267076	-0.18656943836039627	-0.18705216678825209	-0.18749788468762318	-0.18790055832715888	-0.18825039314584274	-0.18853266849057018	-0.18871873982021542	
triceps	gamma	58	-0.030364902106386843	-0.03036490210638686	-0.033797167799619443	-0.037166972993008356	-0.039687041413918447	-0.04115554911154564	-0.042132841275385267	-0.043229851809366664	-0.044461187344972501	-0.045846925192036016	-0.047415161015406278	-0.049206205925357106	-0.051280058670765037	-0.052289338779814835	-0.053355293724684595	-0.05454387100895939	-0.055883431010434768	-0.057414074651181285	-0.059194295345176055	-0.061243252656761303	-0.062701930110009255	-0.064276851068719956	-0.065996389544370579	-0.067900713606920043	-0.070048825058659434	-0.072532033976847668	-0.074507527093099712	-0.076242851825107788	-0.078082958957584297	-0.08005877128301099	-0.08221923520424701	-0.084642869131069567	-0.087479828271547613	-0.089448778203771687	-0.091099832860938368	-0.092766995655976348	-0.09445425201358798	-0.096168362452218201	-0.097923268233845825	-0.099737577888759324	-0.10165022114979919	-0.1037578139727348	
triceps	gamma	59	0	0	0	0	0	0	0	0	0	0	0	0	0	0	0	0	0	0	0	0	0	0	0	0	0	0	0	0	0	0	0	0	0	0	0	0	0	0	0	0	0	0	
triceps	gamma	60	-0.15051021988178392	-0.15051021988178392	-0.15162342692245689	-0.15257247250971462	-0.15403018717782233	-0.15600790251290697	-0.15779410692185036	-0.15959649440511811	-0.16142011974106427	-0.16327155739441898	-0.16515920077199092	-0.16709366196169398	-0.1690883379520568	-0.1706030543871315	-0.17213620139719993	-0.17371774092694156	-0.17536103870285089	-0.17708245588282245	-0.17890242770495432	-0.18077231331456303	-0.18181295817668716	-0.18285319451452295	-0.18389720343508628	-0.18494895154791591	-0.18601164899766484	-0.18708635733545223	-0.18773113630675045	-0.18816586033421975	-0.18855421854281371	-0.18889020871174736	-0.18916387937147977	-0.18935645302554582	-0.18943104865913502	-0.1892857900390876	-0.18905144243955779	-0.18874948129430671	-0.18837557208433964	-0.18792347631623807	-0.18738311386509576	-0.18673887021012403	-0.18596192992253399	-0.18498614764240348	
triceps	gamma	61	-0.037216667647265084	-0.037216667647265098	-0.040829578903299399	-0.044410027251074985	-0.047120777909418161	-0.0486767499067303	-0.049702334029464008	-0.050857657715298814	-0.052158472138604223	-0.053626441091580358	-0.055291899192059436	-0.057198401510960784	-0.05941082608568498	-0.061128937640752577	-0.062936616124597	-0.064876240870348781	-0.066970602212354985	-0.069251985672092092	-0.071767251788894038	-0.074512560117679413	-0.076581570907012148	-0.078744634052904466	-0.081021564174994523	-0.083440943278753066	-0.086045073023495983	-0.088899226296845657	-0.09123559726970247	-0.093316887918640776	-0.095447851071677817	-0.097647522537456136	-0.099947385674931569	-0.10239833387198326	-0.10509870774590235	-0.10705133548291149	-0.10870668240874393	-0.11032008106786716	-0.11189154337137468	-0.11342282138909775	-0.11492015833996526	-0.11639183008834565	-0.11785757983793307	-0.11936921706225002	
triceps	gamma	62	0	0	0	0	0	0	0	0	0	0	0	0	0	0	0	0	0	0	0	0	0	0	0	0	0	0	0	0	0	0	0	0	0	0	0	0	0	0	0	0	0	0	
triceps	gamma	63	-0.16279449258680134	-0.16279449258680134	-0.16396628947172026	-0.16494558638090967	-0.16644569496037176	-0.16852148132356085	-0.17040361198262013	-0.17230056143175065	-0.17421740233297919	-0.17616070830904679	-0.17813881985067617	-0.18016217991269831	-0.18224377619994667	-0.18355700289652008	-0.1847991162622511	-0.18599793367769341	-0.18715284201613677	-0.18826183433300489	-0.18932018287340011	-0.19028509691255588	-0.19078254411468773	-0.19119589712096224	-0.19151880630572415	-0.19174107451909755	-0.19184595301335963	-0.19180479568879366	-0.19156267560805151	-0.19119726023557754	-0.19071928632159979	-0.19011503431953244	-0.18936185025484867	-0.18842062490216888	-0.18721508614016902	-0.18609507666671388	-0.18498043383741547	-0.18377910804049821	-0.18248878888265666	-0.18110475407857873	-0.17961678049581714	-0.17800856606729232	-0.1762462413865028	-0.17424640701208696	
triceps	gamma	64	-0.044068433188143324	-0.044068433188143331	-0.047861990006979362	-0.051653081509141607	-0.054554517639781565	-0.056487778702269911	-0.058257839851690064	-0.060163828174101083	-0.062215732907778418	-0.064427718446736101	-0.066819915336202337	-0.069421281524761111	-0.072274568388533675	-0.074602205656183029	-0.07699122171280022	-0.079474867685157352	-0.082065052527609081	-0.084779408033336903	-0.087644011428658422	-0.090638672959035244	-0.093041182003415462	-0.095476789432535278	-0.097953529506998552	-0.10048406605547748	-0.10308794389144076	-0.1057956219320523	-0.10807211774401983	-0.11011361433967208	-0.11212407639598804	-0.11410912337660577	-0.1160798154553758	-0.11805455861483416	-0.12007034385710791	-0.12157009334004432	-0.12282801521437327	-0.12398308133407147	-0.12503298466817631	-0.12597596900165503	-0.12681159285948712	-0.12753875368361842	-0.1281579107555379	-0.12867331381652855	
triceps	gamma	65	0	0	0	0	0	0	0	0	0	0	0	0	0	0	0	0	0	0	0	0	0	0	0	0	0	0	0	0	0	0	0	0	0	0	0	0	0	0	0	0	0	0	
triceps	gamma	66	-0.17507876529181876	-0.17507876529181879	-0.17630915202098363	-0.17731870025210472	-0.17886120181902976	-0.18092951316630165	-0.18260023747530588	-0.18420154343996845	-0.18572876070014172	-0.18717638874510456	-0.1885373917393412	-0.18980200727541971	-0.19095563835788124	-0.19171333721258799	-0.19234108222806057	-0.1928416120058622	-0.19320539725955124	-0.19341892777999561	-0.19346219861897448	-0.19330734192538565	-0.19300950331386915	-0.19256594439186023	-0.19196539430456366	-0.19119098987658148	-0.1902167722538993	-0.18900110958406599	-0.18777507298405649	-0.18650318093056611	-0.18508809500978571	-0.18351470828113975	-0.18175714694565426	-0.17977110606546598	-0.17746995227472576	-0.17545938748918355	-0.1735272371196831	-0.17152068486628694	-0.16944081730122218	-0.16728626468036659	-0.16504982938327112	-0.1627188354202723	-0.16026303682153284	-0.15760313893931602	
triceps	gamma	67	-0.050920198729021565	-0.050920198729021572	-0.054894401110659317	-0.058896135767208237	-0.062326759942852042	-0.065126636935749396	-0.067825055276683394	-0.070614035832442079	-0.073492840880822141	-0.076463552551417513	-0.079532302579867944	-0.082711215318748976	-0.086021753405208928	-0.088938675457920779	-0.091846682421581047	-0.094761533931340361	-0.097685035018406058	-0.10062310995493091	-0.10358764559748869	-0.10656004322687791	-0.10905407528508007	-0.1114822253681207	-0.11384593347464342	-0.11615016976894144	-0.11840495708347991	-0.12062807341657419	-0.12246082754666353	-0.12403247403681271	-0.12547795984430588	-0.12680052213240839	-0.12800753732090003	-0.12911179580629673	-0.13013899273143845	-0.13071928572957389	-0.13103752333575056	-0.13118888953237623	-0.13117486014965798	-0.13099774274298834	-0.13066116864376648	-0.13016875661889549	-0.12952557360741596	-0.12873959727388543	
triceps	gamma	68	0	0	0	0	0	0	0	0	0	0	0	0	0	0	0	0	0	0	0	0	0	0	0	0	0	0	0	0	0	0	0	0	0	0	0	0	0	0	0	0	0	0	
triceps	gamma	69	-0.18736303799683618	-0.18736303799683621	-0.188652014570247	-0.18969181412329977	-0.19098317755623817	-0.19252006130158697	-0.19368609772043999	-0.19469981121429761	-0.19555835058460799	-0.19625882640602921	-0.19679783727264025	-0.19717066935257921	-0.19736988230163904	-0.19720828883924496	-0.19686645152714902	-0.19634990495663118	-0.19565643698900906	-0.19478160087455129	-0.19371701562754312	-0.19244942976964671	-0.19102128113160077	-0.18943673008375414	-0.18769454632098742	-0.18579002344074047	-0.18371261894872065	-0.18144153491468754	-0.17913793500846251	-0.17678540615955735	-0.17432638534380712	-0.17175818504166826	-0.16907095922765566	-0.16624255387330342	-0.16322254279742168	-0.1604219664602996	-0.15770648890721392	-0.15498118681896336	-0.15225354476906761	-0.14952918312219102	-0.14680957843826475	-0.14409226590618074	-0.14136274910738009	-0.13857348660556582	
triceps	gamma	70	-0.057771964269899806	-0.057771964269899806	-0.06192681221433928	-0.066139190025274866	-0.070099002130170868	-0.073765495057098243	-0.07739227070167673	-0.081064243490783075	-0.084769948853865879	-0.088499386656098938	-0.092244689823533565	-0.096001149112736828	-0.099768938421884182	-0.10327514510647827	-0.10670214313036187	-0.11004820017752338	-0.11330501750920303	-0.11646681187652491	-0.11953127976631894	-0.12248141349395199	-0.12506696737115039	-0.12748766130370612	-0.12973833742632168	-0.13181627337283011	-0.13372197010640144	-0.13546052489875107	-0.13684953723318069	-0.13795133217496347	-0.13883184329262338	-0.13949192088821102	-0.13993525883123137	-0.14016903299775926	-0.14020764160576896	-0.1398684775624657	-0.13924703145712797	-0.138394697730681	-0.13731673563113969	-0.13601951648432167	-0.13451074442811306	-0.13279875955417253	-0.13089323645929402	-0.12880588073124233	
triceps	gamma	71	0	0	0	0	0	0	0	0	0	0	0	0	0	0	0	0	0	0	0	0	0	0	0	0	0	0	0	0	0	0	0	0	0	0	0	0	0	0	0	0	0	0	
triceps	gamma	72	-0.1996473107018536	-0.19964731070185365	-0.20099487711951039	-0.20206492799449483	-0.20310515339717142	-0.20411060958333627	-0.2047719579655741	-0.20519807898862674	-0.2053879404690743	-0.20534126406695383	-0.2050582828059393	-0.20453933142973871	-0.20378412624539682	-0.20270323834281762	-0.20139182082623749	-0.19985819790740017	-0.19810747671846685	-0.19614427396910694	-0.19397183263611179	-0.19159151761494608	-0.18903305692187294	-0.18630751577564802	-0.18342369831760186	-0.18038905691632728	-0.17720846551049155	-0.17388196024340796	-0.1705007969629026	-0.16706763039368205	-0.16356467567783051	-0.16000166180219674	-0.15638477137925291	-0.15271400168114083	-0.14897513332011758	-0.14538454534415823	-0.14188574069474474	-0.13844168877163976	-0.13506627223691303	-0.13177210156401542	-0.12856932749325622	-0.12546569639208915	-0.12246246139322731	-0.11954383427181563	
triceps	gamma	73	-0.064623729810778047	-0.064623729810778047	-0.068959223318019236	-0.073382244283341502	-0.077871244193094255	-0.082404353091415777	-0.086959486126670066	-0.091514451149124071	-0.096047056826909602	-0.10053522076078035	-0.10495707706719919	-0.10929108290672469	-0.11351612343855944	-0.11761161469891192	-0.1215576038391427	-0.12533486642370639	-0.12892500000000001	-0.13231051379811892	-0.13547491393514921	-0.1384027837716795	-0.14107985902030795	-0.14349309723929154	-0.14563074137619342	-0.14748237703973333	-0.14903898325035933	-0.15029297638071973	-0.15123824709453756	-0.1518701905235415	-0.15218572674094083	-0.15218331964401363	-0.15186298057466768	-0.15122627018922183	-0.15027629048009949	-0.14901766965161303	-0.14745653957850535	-0.14560050592898574	-0.14345861111262137	-0.14104129022565498	-0.1383603202124597	-0.1354287624894496	-0.13226089931117208	-0.1288721641885992	
triceps	gamma	74	0	0	0	0	0	0	0	0	0	0	0	0	0	0	0	0	0	0	0	0	0	0	0	0	0	0	0	0	0	0	0	0	0	0	0	0	0	0	0	0	0	0	
triceps	gamma	75	-0.21193158340687107	-0.21193158340687107	-0.21333773966877376	-0.21443804186568988	-0.21522712943593622	-0.2157011580235815	-0.21585781821070821	-0.2156963467629559	-0.21521753035354058	-0.21442370172787845	-0.21331872833923834	-0.21190799350689821	-0.2101983701891546	-0.20819818750330751	-0.20591719012532594	-0.20336649085816916	-0.20055851644792466	-0.19750694706366262	-0.19422664964468042	-0.19073360547025076	-0.18704483230055904	-0.18317830146754194	-0.17915285031291123	-0.17498809045392968	-0.17070431215803514	-0.16632238557204479	-0.16186365899765626	-0.15734985469040561	-0.15280296601185389	-0.14824513856272525	-0.14369858357349113	-0.13918544948897826	-0.13472772384281351	-0.13034712422696104	-0.1260649924822756	-0.1219021907243162	-0.11787899970475844	-0.11401502000583985	-0.11032907654824771	-0.1068391268779976	-0.10356217367907453	-0.10051418193806544	
biceps	gamma	1	0.030568856829700251	0.030568856829696112	0.030568856829844893	0.03056885692894773	0.030568856829725218	0.030568856643234787	0.030568856829645608	0.030568856826564586	0.030568856828742084	0.030568856829700251	0.030568856829701264	0.030568856829700251	0.030568856829701715	0.030568856829700251	0.030568856829700251	0.030568856829700251	0.030568856829700251	0.030568856829700251	0.030568856829700251	0.030568856829700251	0.030568856829700251	0.030568856829700251	0.030568856829700251	0.030568856829700251	0.030568856829700251	0.030568856829700251	0.030568856829700251	0.030568856829700251	0.030568856829700251	0.030568856829700251	0.030568856829700251	0.030568856829700251	0.030568856829700251	0.030568856829700251	0.030568856829700251	0.030568856829700251	0.030568856829700251	0.030568856830038446	0.030568856829721054	0.030568856829804862	0.030568856829661917	0.030568856829695634	
biceps	gamma	2	0	3.1970759193972576e-15	1.7246198127867706e-14	-1.3583559354891649e-10	3.808250932371047e-13	-3.5602229495957461e-10	-1.8629254374083938e-14	6.5348012333058795e-12	3.4669645463115978e-14	-8.1370540150360715e-33	-4.7311060680551932e-15	7.5231638452626401e-36	-6.4974794090537914e-16	-3.5827106638600954e-26	-6.5365494402827693e-30	-4.4661572868165172e-29	-6.1080902695044741e-28	-3.9931162679035397e-27	4.1122388502300286e-28	-3.0332107215763234e-29	2.2620877435772334e-27	1.3635104616949962e-28	2.8497096217425822e-27	-1.4313771747875238e-29	-8.1116764835537384e-29	-2.1926647381524829e-28	5.8875400188271186e-28	1.2695107540238185e-26	4.1583258415405059e-26	4.3541011553504467e-27	-6.6782004890074809e-28	9.7356778924386383e-29	7.8087332600423582e-30	-1.5109106431044138e-26	-1.1125236327079068e-27	-1.5162217613123234e-28	0	-4.1057169872746554e-13	-2.9250169600959832e-15	-1.4443885141614682e-14	8.1173671697534161e-14	-2.0404228763910298e-14	
biceps	gamma	3	0.14294681315833974	0.14294681315834162	0.14294681315821509	0.1429468132910274	0.14294681315804339	0.14294681303762327	0.14294681315823574	0.14294681315789506	0.14294681315912483	0.14294681315833974	0.14294681315834135	0.14294681315833974	0.1429468131583389	0.14294681315833974	0.14294681315833974	0.14294681315833974	0.14294681315833974	0.14294681315833974	0.14294681315833974	0.14294681315833974	0.14294681315833974	0.14294681315833974	0.14294681315833974	0.14294681315833974	0.14294681315833974	0.14294681315833974	0.14294681315833974	0.14294681315833974	0.14294681315833974	0.14294681315833974	0.14294681315833974	0.14294681315833974	0.14294681315833974	0.14294681315833974	0.14294681315833974	0.14294681315833974	0.14294681315833974	0.14294681315812274	0.142946813158323	0.14294681315825941	0.14294681315837032	0.14294681315833549	
biceps	gamma	4	0.024489946128462742	0.02349085492281729	0.023422675945420381	0.023364902639966895	0.023322211914488213	0.023293253595014031	0.023271106312544931	0.023257156379626873	0.023275858662832154	0.02330444821081085	0.023338092018089489	0.023376798635030387	0.023398293450854257	0.023358330140060956	0.023329645032441025	0.023312377876181154	0.023306612795129408	0.023312377876181154	0.023329645032441025	0.023358330140059402	0.023398293448075386	0.023449340259269428	0.023511221878708587	0.023583636825363279	0.023666232300892535	0.023758605908442032	0.023860307613081166	0.023970841934327934	0.024089670360080116	0.024216213970192017	0.024349856256915312	0.024489946128462742	0.024635801081061923	0.024786710524045085	0.02494193924177537	0.02510073097554353	0.025249976596763465	0.025322536378177784	0.02539416017423389	0.025465680191497881	0.025589466312651837	0.025763171815952786	
biceps	gamma	5	0.0015833333333333333	0.0027029359883609179	0.0025318253348472022	0.0023677488889949877	0.0022132337831545662	0.0020704241099825434	0.0019416672791168063	0.001826091743262573	0.0017587393432235959	0.0017030552523452345	0.001653710480439741	0.0016120193009502143	0.0015833333360847277	0.0015833333333333491	0.0015833333333333333	0.0015833333333333333	0.0015833333333333333	0.0015833333333333333	0.0015833333333333333	0.0015833333333333333	0.0015833333333333333	0.0015833333333333333	0.0015833333333333333	0.0015833333333333333	0.0015833333333333333	0.0015833333333333333	0.0015833333333333333	0.0015833333333333333	0.0015833333333333333	0.0015833333333333333	0.0015833333333333333	0.0015833333333333333	0.0015833333333333333	0.0015833333333333333	0.0015833333333333333	0.0015833333333333333	0.0015894575694995062	0.0016380507861692636	0.0016963351838962136	0.0017658575892437829	0.0019437612661068178	0.002210971147159783	
biceps	gamma	6	0.12866783096912221	0.12926290123082151	0.12931158069156598	0.12937003037095299	0.12943281068380552	0.12949864308410144	0.12955697582433962	0.12961316231428677	0.12968702798612258	0.12976784940439587	0.12985642259621197	0.12995068791515427	0.13006508267586855	0.13022536675647028	0.13038804808580656	0.13055233410355097	0.13071742442474538	0.13088251474593982	0.13104680076368422	0.13120948209301408	0.13136976616684562	0.13152687209728281	0.13168003448002474	0.13182850712333866	0.13197156668343066	0.13210851618850425	0.13223868843433687	0.13236144923483167	0.13247620051170853	0.13258238320828131	0.13267948001312563	0.13276701788036854	0.13284457033432009	0.13291175954722012	0.13296825817997723	0.13301379097693189	0.13305568079336141	0.13313386692396423	0.13320030377764691	0.13325385025446662	0.13328436688122156	0.13329117036635804	
biceps	gamma	7	0.018411035427225234	0.016412853018598586	0.016276495019982622	0.016160948488525412	0.016075566881962676	0.016017650660080651	0.01597335576988913	0.01594545581148071	0.015982860419328067	0.016040039591921448	0.016107327209646909	0.016184740440360518	0.016227730068969076	0.016147803450421661	0.016090433235181802	0.01605589892266206	0.016044368760558564	0.016055898922662057	0.016090433235181795	0.016147803450418552	0.016227730066450525	0.016329823688838604	0.01645358692771692	0.016598416821026311	0.016763607772084816	0.016948354987183816	0.017151758396462078	0.017372827038955617	0.017610483890459976	0.017863571110683787	0.018130855684130372	0.018411035427225234	0.018702745332423595	0.019004564218389922	0.019315021653850489	0.019632605121386808	0.019931096363826679	0.020076215843381526	0.020219463469318962	0.020362503512114136	0.020610075751531915	0.020957486785443798	
biceps	gamma	8	0.0031666666666666666	0.0054058719765081985	0.0050636506727075592	0.0047354979048369206	0.0044264675734623019	0.0041408485712988059	0.0038833345596867037	0.0036521834864265503	0.00351747869036554	0.0034061105046904691	0.0033074209607326282	0.0032240386019004286	0.0031666666723091253	0.0031666666666666982	0.0031666666666666666	0.0031666666666666666	0.0031666666666666666	0.0031666666666666666	0.0031666666666666666	0.0031666666666666666	0.0031666666666666666	0.0031666666666666666	0.0031666666666666666	0.0031666666666666666	0.0031666666666666666	0.0031666666666666666	0.0031666666666666666	0.0031666666666666666	0.0031666666666666666	0.0031666666666666666	0.0031666666666666666	0.0031666666666666666	0.0031666666666666666	0.0031666666666666666	0.0031666666666666666	0.0031666666666666666	0.003178915138999012	0.0032761015769064098	0.0033926703704087588	0.0035317151809313193	0.0038875225351487387	0.0044219422972292003	
biceps	gamma	9	0.11438884877990468	0.11557898930101315	0.11567634826033574	0.11579324733009977	0.11591880831086168	0.11605047306157767	0.11616713851300306	0.11627951157489971	0.11642724288030785	0.116588885650452	0.11676603203138494	0.11695456267196878	0.11718335219600032	0.11750392035460083	0.11782928301327342	0.11815785504876218	0.11848803569115103	0.11881821633353991	0.11914678836902867	0.11947215102768845	0.1197927191753515	0.12010693103622588	0.12041325580170979	0.1207102010883376	0.12099632020852157	0.12127021921866872	0.12153056371033398	0.12177608531132363	0.12200558786507731	0.12221795325822286	0.12241214686791155	0.12258722260239736	0.12274232751030043	0.12287670593610052	0.12298970320161473	0.12308076879552408	0.12316454842838308	0.12332092076544406	0.12345379444260073	0.12356088739071212	0.12362192064815412	0.12363552760489122	
biceps	gamma	10	0.012332124725987725	0.0093348511073439444	0.0091303140276395283	0.0089569947039336295	0.0088289217246616918	0.0087420479843771954	0.0086756052681296256	0.0086337551617518254	0.0086898621282512304	0.0087756309730320434	0.0088765624032288125	0.0089926822456906554	0.0090571666818667403	0.0089372767607823686	0.0088512214379225761	0.0087994199691429648	0.0087821247259877184	0.0087994199691429631	0.0088512214379225691	0.0089372767607777022	0.0090571666848256599	0.0092103071184077793	0.0093959519767252576	0.0096131968166893404	0.0098609832432771001	0.010138104065925599	0.010443209179842991	0.010774812143583301	0.01113129742083984	0.011510928251175554	0.01191185511134543	0.012332124725987728	0.012769689583785271	0.013222417912734756	0.013688104065925605	0.014164479267230086	0.014612216130889829	0.014829895218268243	0.015044766700291239	0.015259326788796797	0.015630685139605398	0.016151801744512719	
biceps	gamma	11	0.0047499999999999999	0.0081088079657700013	0.0075954760204628236	0.0071032468711213874	0.0066397013797570084	0.0062112730170567022	0.0058250018356713409	0.0054782752382405691	0.0052762180423265312	0.0051091657570357038	0.0049611314408334363	0.0048360579028506427	0.0047500000090069886	0.0047500000000000476	0.0047499999999999999	0.0047499999999999999	0.0047499999999999999	0.0047499999999999999	0.0047499999999999999	0.0047499999999999999	0.0047499999999999999	0.0047499999999999999	0.0047499999999999999	0.0047499999999999999	0.0047499999999999999	0.0047499999999999999	0.0047499999999999999	0.0047499999999999999	0.0047499999999999999	0.0047499999999999999	0.0047499999999999999	0.0047499999999999999	0.0047499999999999999	0.0047499999999999999	0.0047499999999999999	0.0047499999999999999	0.0047683727084985158	0.0049141523767182952	0.0050890055636576446	0.0052975727779009264	0.0058312838112376149	0.0066329134531237267	
biceps	gamma	12	0.10010986659068716	0.10189507737698614	0.10204111588443786	0.10221646398255853	0.10240480604138245	0.1026023028272332	0.10277730116897324	0.10294586090303022	0.10316745781445531	0.10340992189650813	0.10367564146491451	0.10395843742878332	0.10430162172041613	0.10478247395273139	0.10527051794074024	0.1057633759939734	0.10625864695755668	0.10675391792113999	0.10724677597437314	0.1077348199623628	0.10821567218385739	0.10868698997516896	0.10914647712339483	0.10959189505333652	0.11002107373361247	0.11043192224883323	0.11082243898633111	0.11119072138781556	0.11153497521844613	0.11185352330816442	0.11214481372269747	0.11240742732442618	0.11264008468628077	0.1128416523249809	0.11301114822325224	0.11314774661411625	0.11327341606340478	0.11350797468716427	0.11370728516469331	0.1138679245690782	0.11395947446479046	0.11397988487097784	
biceps	gamma	13	0.0062532140247502149	0.0022568491627570678	0.0019841329531073105	0.001753041685634121	0.0015822765566304506	0.0014664458265145652	0.0013778549473153171	0.0013220545862953927	0.0013968638956458395	0.0015112223541426395	0.0016457975709411941	0.0018006240510207905	0.0018866032847924894	0.0017267500711430758	0.0016120096406633472	0.0015429410156238691	0.0015198806914168764	0.0015429410156238698	0.0016120096406633427	0.0017267500711368544	0.0018866033032007951	0.0020907905479769537	0.0023383170257335944	0.0026279768123523718	0.0029583587144693842	0.0033278531446673822	0.0037346599632239017	0.0041767972482109868	0.0046521109512197021	0.0051582853916673239	0.0056928545385604877	0.0062532140247502201	0.0068366338351469463	0.0074402716070795889	0.008061186478000722	0.0086963534130733624	0.0092933358979526096	0.0095835745137044757	0.0098700698602900063	0.010156150030295727	0.010651294477246125	0.01134611672057181	
biceps	gamma	14	0.0063333333333333332	0.010811743962978468	0.010127301386467429	0.0094709956805782477	0.0088529351880810517	0.0082816973730318998	0.0077666690814229564	0.007304366978583633	0.0070349573854934155	0.0068122210093809381	0.0066148419245933357	0.0064480772038008572	0.0063333333470508967	0.0063333333333333965	0.0063333333333333332	0.0063333333333333332	0.0063333333333333332	0.0063333333333333332	0.0063333333333333332	0.0063333333333333332	0.0063333333333333332	0.0063333333333333332	0.0063333333333333332	0.0063333333333333332	0.0063333333333333332	0.0063333333333333332	0.0063333333333333332	0.0063333333333333332	0.0063333333333333332	0.0063333333333333332	0.0063333333333333332	0.0063333333333333332	0.0063333333333333332	0.0063333333333333332	0.0063333333333333332	0.0063333333333333332	0.0063578302779980422	0.0065522031887048022	0.006785340768139159	0.0070634303816911005	0.0077750450983251496	0.0088438846139336762	
biceps	gamma	15	0.085830884401469631	0.088211165479238601	0.088405883573648605	0.088639680024955397	0.08889080378160874	0.089154132188689131	0.089387463683964052	0.089612210173687021	0.089907672703879365	0.090230958142564266	0.090585250918774771	0.090962312185597832	0.091419891252673705	0.092061027550861943	0.092711752868207056	0.093368896939184626	0.094029258223962325	0.094689619508740067	0.095346763579717594	0.095997488897037145	0.096638625192363284	0.097267048914112031	0.097879698445079849	0.098473589018335458	0.099045827258703395	0.099593625278997733	0.10011431426232825	0.1006053574643075	0.10106436257181495	0.10148909335810596	0.10187748057748339	0.10222763204645501	0.10253784186226111	0.10280659871386129	0.10303259324488975	0.10321472443270843	0.10338228369842681	0.10369502867859928	0.10396077594840286	0.10417496178217735	0.10429702833088791	0.10432424214494525	
biceps	gamma	16	0.00017430332351270512	-0.0048211528013443793	-0.0051620481597013657	-0.0054509098075687691	-0.0056643683278377599	-0.0058091553263324887	-0.0059198949016723672	-0.0059896455882815572	-0.005896134050308947	-0.005753186264746764	-0.0055849673163189777	-0.005391434143649074	-0.0052839601306050067	-0.005483776618496217	-0.0056272021565958799	-0.0057135379378952253	-0.0057423633431539674	-0.0057135379378952245	-0.0056272021565958842	-0.0054837766185039955	-0.0052839600784240683	-0.005028726022453872	-0.0047193179252580696	-0.0043572431919845977	-0.0039442658143383309	-0.0034823977765908345	-0.002973889253395188	-0.0024212176471613287	-0.0018270755184004366	-0.0011943574678409069	-0.00052614603422445434	0.00017430332351271187	0.00090357808650862127	0.0016581253014244209	0.0024342688900758388	0.003228227558916641	0.0039744556650136535	0.0043372537737606876	0.0046953729644962326	0.005052973268018666	0.0056719037804451337	0.0065404317801591805	
biceps	gamma	17	0.0079166666666666656	0.013514679966407801	0.012659126763822854	0.011838744072202973	0.011066168924017428	0.010352121494456841	0.0097083362226401577	0.0091304586359921697	0.0087936966714825659	0.0085152762617261724	0.008268552418645058	0.0080600965047510718	0.0079166666883652027	0.0079166666666667454	0.0079166666666666673	0.0079166666666666673	0.0079166666666666673	0.0079166666666666673	0.0079166666666666673	0.0079166666666666673	0.0079166666666666673	0.0079166666666666673	0.0079166666666666673	0.0079166666666666673	0.0079166666666666673	0.0079166666666666673	0.0079166666666666673	0.0079166666666666673	0.0079166666666666673	0.0079166666666666673	0.0079166666666666673	0.0079166666666666673	0.0079166666666666673	0.0079166666666666673	0.0079166666666666673	0.0079166666666666673	0.0079472878474978019	0.0081902540087625299	0.0084816759848002719	0.0088292879885367489	0.0097188063972771556	0.011054855766043318	
biceps	gamma	18	0.071551902212252105	0.074527253596198287	0.074770651292127885	0.075062894911877967	0.075376801310450561	0.075705960803530786	0.075997625846354555	0.076278559144780822	0.076647887379712357	0.077051994388620398	0.077494860413936856	0.077966186942412349	0.078538160798716464	0.079339581148992505	0.080152987795673883	0.080974417884395841	0.08179986949036798	0.082625321096340146	0.083446751185062062	0.084260157831711494	0.085061578200869167	0.085847107853055105	0.086612919766764884	0.087355282983334392	0.088070580783794303	0.088755328309162232	0.089406189538325381	0.090019993540799453	0.09059374992518375	0.091124663408047521	0.091610147432269307	0.092047836768483812	0.092435599038241445	0.092771545102741673	0.093054038266527264	0.093281702251300613	0.093491151333450262	0.093882082703707667	0.094214266780547062	0.094481999005301687	0.094634582234124798	0.094668599377162335	
biceps	gamma	19	-0.0059046073777248046	-0.011899154576388951	-0.012308229127186694	-0.012654858031021479	-0.012911012248803198	-0.013084754409436508	-0.013217643625356391	-0.013301344655126841	-0.013189131214780792	-0.013017594883636166	-0.012815732211108851	-0.012583492338318939	-0.012454523567439904	-0.012694303308135511	-0.012866413953855108	-0.01297001689141432	-0.013004607377724811	-0.01297001689141432	-0.012866413953855111	-0.012694303308144845	-0.012454523460048932	-0.012148242592884698	-0.011776952876249733	-0.011342463196321567	-0.010846890343146046	-0.010292648697849051	-0.0096824384700142773	-0.009019232542533645	-0.0083062619880205756	-0.0075470003273491381	-0.0067451466070093963	-0.005904607377724796	-0.0050294776621297036	-0.0041240210042307462	-0.0031926486978490452	-0.0022398982952400812	-0.0013444245679326548	-0.00090906690469233216	-0.00047932391885629615	-5.0203426757763195e-05	0.00069251309495064041	0.0017347470588492777	
biceps	gamma	20	0.009499999999999998	0.016217615894253825	0.015190952087348291	0.014206491342362317	0.013279402353473012	0.012422545016319961	0.011650003053878744	0.010956550008176925	0.010552435763856656	0.010218331514071408	0.0099222629144467365	0.0096721158057012854	0.0095000000344230787	0.0095000000000000952	0.0094999999999999998	0.0094999999999999998	0.0094999999999999998	0.0094999999999999998	0.0094999999999999998	0.0094999999999999998	0.0094999999999999998	0.0094999999999999998	0.0094999999999999998	0.0094999999999999998	0.0094999999999999998	0.0094999999999999998	0.0094999999999999998	0.0094999999999999998	0.0094999999999999998	0.0094999999999999998	0.0094999999999999998	0.0094999999999999998	0.0094999999999999998	0.0094999999999999998	0.0094999999999999998	0.0094999999999999998	0.0095367454169990335	0.0098283048163218759	0.010178011200214235	0.01059514558155486	0.011662567699348885	0.013265826864930006	
biceps	gamma	21	0.057272920023034586	0.0608433415771115	0.061135418906770947	0.061486107443942332	0.061862798151011721	0.062257787949514365	0.062607787205115603	0.062944907324660571	0.063388101497845489	0.063873030634676531	0.064404469914524642	0.064970061699226866	0.065656430360173282	0.066618134747123067	0.067594222723140709	0.068579938829607057	0.06957048075677362	0.070561022683940225	0.071546738790406517	0.072522826766385842	0.073484531209375051	0.074427166791998178	0.075346141088449919	0.076236976948333326	0.077095334308885211	0.077917031339326731	0.07869806481432251	0.079434629617291391	0.080123137278552567	0.080760233457989078	0.081342814287055226	0.081868041490512633	0.08233335621422179	0.082736491491622058	0.083075483288164761	0.083348680069892794	0.083600018968479461	0.084069136688507531	0.084467757608217148	0.084789036184946542	0.08497213614042351	0.085012956467006684	
biceps	gamma	22	-0.011983518078962314	-0.018977155184356664	-0.019454409562568067	-0.019858796999008534	-0.020157653252739782	-0.020360348302526719	-0.020515389483902607	-0.020613040598539453	-0.020482126279121569	-0.02028200350252557	-0.020046496852512835	-0.019775550532988805	-0.01962508702356229	-0.019904829997774806	-0.020105625751114336	-0.020226495844933415	-0.020266851412295655	-0.020226495844933415	-0.020105625751114339	-0.019904829997785693	-0.019625086841673797	-0.019267759163315523	-0.018834587827241397	-0.018327683200658536	-0.017749514871953764	-0.017102899619107267	-0.016390987686633367	-0.015617247437905961	-0.014785448457640713	-0.01389964318685737	-0.012964147179794338	-0.011983518078962304	-0.010962533410768027	-0.0099061673098859142	-0.0088195662857739297	-0.007708024149396803	-0.0066633048009061427	-0.0061553873325478565	-0.005654020619677051	-0.0051533799089968609	-0.004286877475783408	-0.0030709371703579891	
biceps	gamma	23	0.01108333333333333	0.018920551260527853	0.017722777173881078	0.016574234803041012	0.015492634672661196	0.014492966714039128	0.013591668943023645	0.012782640420445803	0.012311174235857899	0.011921386766416643	0.011575973340109966	0.011284135106651499	0.011083333385560883	0.011083333333333445	0.011083333333333334	0.011083333333333334	0.011083333333333334	0.011083333333333334	0.011083333333333334	0.011083333333333334	0.011083333333333334	0.011083333333333334	0.011083333333333334	0.011083333333333334	0.011083333333333334	0.011083333333333334	0.011083333333333334	0.011083333333333334	0.011083333333333334	0.011083333333333334	0.011083333333333334	0.011083333333333334	0.011083333333333334	0.011083333333333334	0.011083333333333334	0.011083333333333334	0.011126202986507287	0.01146635555584222	0.011874346364469166	0.012361003114285467	0.013606328971682529	0.015476797792441705	
biceps	gamma	24	0.042993937833817067	0.047159428758980576	0.047500186158309525	0.047909313647862009	0.048348793004765626	0.048809611559605143	0.04921794661338795	0.049611253377624821	0.050128314185592097	0.050694066880732663	0.051314079241851933	0.051973936456041397	0.052774699934868316	0.053896688345253629	0.055035457650607529	0.056185459774818272	0.05734109202317926	0.058496724271540304	0.059646726395750985	0.060785495701060191	0.061907484217880934	0.063007225730941252	0.064079362410134955	0.065118670913332247	0.066120087833976118	0.067078734369491244	0.067989940090319639	0.068849265693783329	0.069652524631921384	0.070395803507930621	0.071075481141841132	0.071688246212541454	0.072231113390202134	0.072701437880502442	0.073096928309802273	0.073415657888484975	0.073708886603529006	0.07425619049596037	0.074721248306623633	0.075096073216656831	0.075309689975360306	0.075357313215675292	
biceps	gamma	25	-0.018062428780199823	-0.026018639879497533	-0.026600572352461795	-0.027062646741262061	-0.027404282083305219	-0.027635902436761926	-0.027813124254715549	-0.027924726041932871	-0.02777511219551183	-0.027546412121414975	-0.027277260108102844	-0.02696760872765867	-0.026795650467008908	-0.027115356687414098	-0.027344837548373562	-0.027482974798452509	-0.027529095446866499	-0.027482974798452509	-0.027344837548373566	-0.027115356687426543	-0.026795650223298658	-0.02638727573374635	-0.025892222778233061	-0.025312903204995504	-0.024652139400761476	-0.023913150540365486	-0.023099536903252456	-0.022215262333278276	-0.021264634927260852	-0.0202522860463656	-0.019183147752579281	-0.018062428780199813	-0.016895589159406352	-0.015688313615541082	-0.014446483873698812	-0.013176150003553525	-0.011982185033884084	-0.011401707127872952	-0.010828716820658345	-0.010256555876420669	-0.0092662677006076326	-0.0078766202919424502	
biceps	gamma	26	0.012666666666666663	0.021602926036569874	0.020254593088520564	0.018941935484834974	0.017705861601167393	0.016563372119364757	0.015533330601081124	0.014608727088981314	0.014069909575021746	0.013624442018761876	0.013229683321404152	0.012896154407601714	0.012666666732836923	0.012666666666666793	0.012666666666666666	0.012666666666666666	0.012666666666666666	0.012666666666666666	0.012666666666666666	0.012666666666666666	0.012666666666666666	0.012666666666666666	0.012666666666666666	0.012666666666666666	0.012666666666666666	0.012666666666666666	0.012666666666666666	0.012666666666666666	0.012666666666666666	0.012666666666666666	0.012666666666666666	0.012666666666666666	0.012666666666666666	0.012666666666666666	0.012666666666666666	0.012666666666666666	0.012715660556016932	0.013104406090832759	0.013570681360765764	0.014126860469450206	0.015550090119366894	0.017687768230689439	
biceps	gamma	27	0.028714955644599548	0.033451797613525999	0.033864941965339367	0.034332462023476451	0.034834779976872461	0.035361409438840211	0.035828098842370419	0.036277592628756433	0.036868520940690049	0.037515103126788796	0.038223687666902054	0.038977811212855921	0.03989296950128688	0.041175241943384171	0.042476692578074349	0.043790980720029488	0.045111703289584915	0.046432425859140383	0.04774671400109546	0.04904816463573454	0.050330437226386811	0.051587284669884333	0.052812583731819997	0.054000364878331174	0.055144841359067019	0.056240437399655743	0.057281815366316761	0.058263901770275274	0.0591819119852902	0.060031373557872185	0.060808147996627052	0.061508450934570268	0.062128870566182465	0.062666384269382827	0.063118373331439784	0.063482635707077142	0.063817754238581742	0.064443243861146193	0.06497473865426108	0.065403109890616359	0.065647243577954664	0.065701669187497022	
biceps	gamma	28	-0.024141339481437332	-0.032669387577406089	-0.033393819221372731	-0.033980296152482242	-0.034426663673523386	-0.034743983168675011	-0.034992482253184944	-0.035161240568999191	-0.035025153574384099	-0.034798158482924946	-0.034507962379200528	-0.034159666922328816	-0.033966213856977623	-0.034325883377053362	-0.034584049345632792	-0.034739453751971607	-0.034791339481437339	-0.0347394537519716	-0.034584049345632792	-0.034325883377067393	-0.033966213604923523	-0.033506792304177177	-0.032949857729224721	-0.032298123209332473	-0.031554763929569192	-0.030723401461623702	-0.029808086119871548	-0.028813277228650593	-0.027743821396880992	-0.026604928905873831	-0.025402148325364221	-0.024141339481437322	-0.022828644908044676	-0.021470459921196249	-0.020073401461623699	-0.018644275857710248	-0.017301065263488017	-0.016648025493503481	-0.016003411848580638	-0.015359730614417462	-0.014245656986012111	-0.012682300493528151	
biceps	gamma	29	0.014249999999999995	0.024033060339548586	0.022576646606160818	0.021153047809877576	0.019805922432209938	0.018555585686421731	0.017423629956908816	0.016404366599361179	0.015811949632774793	0.015322741790879699	0.014883371107583771	0.014508173708552029	0.014250000061639042	0.014250000000000132	0.014250000000000001	0.014250000000000001	0.014250000000000001	0.014250000000000001	0.014250000000000001	0.014250000000000001	0.014250000000000001	0.014250000000000001	0.014250000000000001	0.014250000000000001	0.014250000000000001	0.014250000000000001	0.014250000000000001	0.014250000000000001	0.014250000000000001	0.014250000000000001	0.014250000000000001	0.014250000000000001	0.014250000000000001	0.014250000000000001	0.014250000000000001	0.014250000000000001	0.014305118124309584	0.014742456093383658	0.015267015902124285	0.01589271732989456	0.017493850854878767	0.019898737128934963	
biceps	gamma	30	0.014435973455382027	0.019504156474678333	0.020013100104974126	0.020580010774656703	0.021183155889676519	0.021810378598300598	0.022365526291663627	0.022897717452212116	0.023582277427107938	0.024328323421621747	0.025133258356181663	0.025981685969670626	0.027011239034453134	0.028453795541514705	0.029917927505541179	0.031396501665240703	0.032882314555990562	0.034368127446740462	0.035846701606439935	0.037310833570408888	0.038753390234892687	0.040167343608827399	0.041545805053505039	0.042882058843330101	0.04416959488415792	0.045402140429820242	0.04657369064231389	0.047678537846767219	0.048711299338659024	0.049666943607813742	0.050540814851412964	0.051328655656599095	0.052026627742162816	0.052631330658263205	0.053139818353077288	0.053549613525669323	0.053926621871310323	0.054630296252559954	0.055228228199667939	0.055710145726454961	0.055984796546454274	0.056046023138067697	
biceps	gamma	31	-0.030220250182674841	-0.038941697395971406	-0.039815269953803252	-0.040533196380205687	-0.041091608890089143	-0.041501876388063977	-0.041828231523875499	-0.042060251089802402	-0.041943205781716307	-0.04172309194641647	-0.041461741288674109	-0.041235658518216187	-0.041136777184391703	-0.041536410066692592	-0.041823261142892018	-0.0419959327054907	-0.042053583516008186	-0.0419959327054907	-0.041823261142892018	-0.041536410066708246	-0.041136776986548385	-0.040626308874608004	-0.040007492680216389	-0.039283343213669442	-0.038457388458376908	-0.037533652382881914	-0.03651663533649064	-0.035411292124022907	-0.034223007866501128	-0.032957571765382061	-0.031621148898149168	-0.030220250182674827	-0.028761700656683001	-0.027252606226851415	-0.02570031904954858	-0.02411240171186697	-0.022619945402138426	-0.021894340224151966	-0.021178103607171823	-0.020462901878697672	-0.019225042862549918	-0.017487967561622825	
biceps	gamma	32	0.015833333333333328	0.026186993283290352	0.024649548894586738	0.023139666662269815	0.021703453540203258	0.020364507737576063	0.019147005715375833	0.018047107715405353	0.017409707355227292	0.016883883279794058	0.016424487640929696	0.016074295461315221	0.015833333366320812	0.01583333333333346	0.015833333333333335	0.015833333333333335	0.015833333333333335	0.015833333333333335	0.015833333333333335	0.015833333333333335	0.015833333333333335	0.015833333333333335	0.015833333333333335	0.015833333333333335	0.015833333333333335	0.015833333333333335	0.015833333333333335	0.015833333333333335	0.015833333333333335	0.015833333333333335	0.015833333333333335	0.015833333333333335	0.015833333333333335	0.015833333333333335	0.015833333333333335	0.015833333333333335	0.015894575655552558	0.016380504566635697	0.016963349008620111	0.017658572597307545	0.019437609844708766	0.022109698014874151	
biceps	gamma	33	0.00015699126616450579	0.00533752941532458	0.0059460595408790916	0.006616287808883156	0.0073242704224471987	0.0080560080954958212	0.0087031830153279036	0.0093213622431504266	0.010102305375053758	0.010950316755885507	0.011880307012301397	0.012917222865771068	0.014129508530678124	0.015732349139645219	0.017359162433008009	0.019002022610451922	0.020652925822396209	0.022303829034340538	0.02394668921178441	0.02557350250508323	0.027176343243398564	0.028747402547770459	0.030279026375190088	0.031763752808329021	0.033194348409248814	0.034563843459984749	0.035865565918311013	0.037093173923259164	0.038240686692027841	0.039302513657755299	0.04027348170619887	0.041148860378627916	0.041924384918143161	0.042596277047143583	0.043161263374714806	0.043616591344261497	0.044035489443818493	0.044817346243924382	0.045481715576736206	0.046017179256447861	0.046322347246839209	0.046390368216897376	
biceps	gamma	34	-0.03629916088391235	-0.044840988702574781	-0.045868347874457246	-0.046723218516403341	-0.047399682361953729	-0.047909311024777003	-0.048319295576756162	-0.04862014006261392	-0.048596881434761173	-0.048534044184128343	-0.04841550258053183	-0.048311650114103571	-0.048307340484902435	-0.048746936756331814	-0.049062472940151244	-0.049252411659009794	-0.049315827550579026	-0.049252411659009794	-0.049062472940151244	-0.048746936756349092	-0.048307340368173246	-0.047745825445038824	-0.047065127631208049	-0.046268563218006417	-0.045360012987184624	-0.044343903304140134	-0.043225184553109725	-0.042009307019395224	-0.040702194336121267	-0.039310214624890295	-0.037840149470934108	-0.036299160883912336	-0.034694756405321325	-0.033034752532506581	-0.031327236637473464	-0.029580527566023692	-0.027938822378007488	-0.027140644355704239	-0.026352780956983408	-0.025566045434384232	-0.0241887944794974	-0.022176361264225258	
biceps	gamma	35	0.01741666666666666	0.028035811138791819	0.026446712773612924	0.024877502512264917	0.023376260325286342	0.02196996086980119	0.020684933845526353	0.01951991763880374	0.018880463039283819	0.018392177331237183	0.017965596265890608	0.01764041721407842	0.017416666659569154	0.017416666666666778	0.017416666666666667	0.017416666666666667	0.017416666666666667	0.017416666666666667	0.017416666666666667	0.017416666666666667	0.017416666666666667	0.017416666666666667	0.017416666666666667	0.017416666666666667	0.017416666666666667	0.017416666666666667	0.017416666666666667	0.017416666666666667	0.017416666666666667	0.017416666666666667	0.017416666666666667	0.017416666666666667	0.017416666666666667	0.017416666666666667	0.017416666666666667	0.017416666666666667	0.017484031756177416	0.01801854807694191	0.018659675065615076	0.019424413614186599	0.021372285249969668	0.024240011146250958	
biceps	gamma	36	-0.014121990923053015	-0.0090310754536936065	-0.0083208889383190633	-0.0075448515682041174	-0.0067292777113850226	-0.005890052536550304	-0.0051481407968834011	-0.0044413456901497795	-0.0035234063891511555	-0.0024907416705467079	-0.0013726541140500358	-0.00014724023812848639	0.0012477780118554469	0.0030109027377757248	0.0048003973604748337	0.0066075435556631366	0.00842353708880186	0.010239530621940617	0.012046676817128881	0.013836171439757575	0.015599296251904444	0.017327461486713526	0.019012247696875137	0.020645446773327945	0.022219101934339708	0.023725546490149251	0.025157441194308138	0.026507809999751105	0.027770074045396661	0.028938083707696859	0.030006148560984783	0.030969065100656737	0.031822142094123505	0.03256122343602396	0.033182708396352317	0.033683569162853672	0.03414435500314663	0.035004389477333274	0.035735193720246139	0.036324194956939802	0.036649768677415519	0.036658135653902205	
biceps	gamma	37	-0.042378071585149862	-0.050471247656820803	-0.051718705558027787	-0.05276377118785841	-0.053597214374472249	-0.054229818332413166	-0.05473811412054929	-0.055110718173584691	-0.055250522180904059	-0.055344996421840549	-0.055369262634132395	-0.055387641709990956	-0.055477903799134219	-0.055957463445971037	-0.056301684737410471	-0.056508890612528888	-0.056578071585149874	-0.056508890612528888	-0.056301684737410478	-0.055957463445989938	-0.055477903749798115	-0.054865342015469651	-0.054122762582199717	-0.053253783222343386	-0.05226263751599234	-0.051154154225398353	-0.049933733769728816	-0.048607321914767541	-0.047181380805741406	-0.045662857484398529	-0.044059150043719048	-0.042378071585149842	-0.04062781215395965	-0.038816898838161751	-0.036954154225398349	-0.03504865342018041	-0.033234932407556934	-0.032253524550223109	-0.031387112992794071	-0.030515091565852869	-0.028955322409484171	-0.026659820628534916	
biceps	gamma	38	0.018999999999999993	0.029639209592305926	0.028075324754239649	0.026501891833679833	0.02497221833212239	0.023519823963952965	0.022180127130222379	0.020954600592211825	0.020351200327659785	0.019900471382680477	0.019506704282500453	0.019206538966841619	0.018999999959186473	0.019000000000000104	0.019	0.019	0.019	0.019	0.019	0.019	0.019	0.019	0.019	0.019	0.019	0.019	0.019	0.019	0.019	0.019	0.019	0.019	0.019	0.019	0.019	0.019	0.01906218466810455	0.019587808328849342	0.020280407377100573	0.021102931246813839	0.023180582806194849	0.026214176972904138	
biceps	gamma	39	-0.028400973112270536	-0.023534525464984218	-0.022690016789324387	-0.021781739986301889	-0.020839137072614391	-0.019880612907691123	-0.019036601387114643	-0.018239815493621317	-0.017149136238838292	-0.015931800096978751	-0.01462561588868532	-0.01321170334202804	-0.011633952499672874	-0.0097105436640937664	-0.0077583677120583398	-0.0057869354991256462	-0.0038058516447924897	-0.0018247677904593049	0.0001466644224733543	0.0020988403744319193	0.0040222492604103238	0.0059075204256565867	0.0077454690185601834	0.0095271407383268683	0.011243855459430607	0.012887249520313756	0.014449316470305262	0.015922446076243046	0.017299461398765481	0.018573653757638416	0.019738815415770695	0.020789269822685554	0.02171989927010385	0.022526169824904338	0.023204153417989828	0.023750546981445839	0.024239295788270863	0.025109455265062992	0.025902073624495064	0.026535747474518354	0.026854335838034156	0.026797288608957272	
biceps	gamma	40	-0.048456982286387375	-0.056101502462709348	-0.057569060477126725	-0.058804302573945054	-0.059794739318765548	-0.060550308269738853	-0.061156923166467911	-0.061601288854722699	-0.061904158443073634	-0.062155948659552755	-0.062323022479268422	-0.062463633305878341	-0.062648467135837049	-0.063167990135610266	-0.063540896534669697	-0.063765369566047975	-0.063840315619720714	-0.063765369566047975	-0.063540896534669697	-0.063167990135630792	-0.062648467131422969	-0.061984858585900478	-0.061180397533191377	-0.060239003226680354	-0.059165262044800056	-0.057964405146656565	-0.056642282986347908	-0.055205336810139852	-0.053660567275361545	-0.052015500343906756	-0.050278150616503987	-0.048456982286387354	-0.046560867902597974	-0.044599045143816921	-0.042581071813323233	-0.040516779274337139	-0.038531039426813359	-0.037304258815274709	-0.036232484222240263	-0.035275194579738288	-0.033529797897167209	-0.030945958032477249	
biceps	gamma	41	0.020583333333333325	0.031242603833738346	0.02970393418951997	0.028126263330419832	0.026568170938384903	0.025069674894982154	0.023675314270875658	0.02238927908744336	0.021821935041705789	0.021408765434123771	0.021047812187857062	0.020772660719604819	0.020583333270093401	0.020583333333333426	0.020583333333333332	0.020583333333333332	0.020583333333333332	0.020583333333333332	0.020583333333333332	0.020583333333333332	0.020583333333333332	0.020583333333333332	0.020583333333333332	0.020583333333333332	0.020583333333333332	0.020583333333333332	0.020583333333333332	0.020583333333333332	0.020583333333333332	0.020583333333333332	0.020583333333333332	0.020583333333333332	0.020583333333333332	0.020583333333333332	0.020583333333333332	0.020583333333333332	0.020640335952855776	0.021122163506463978	0.0217901595956938	0.022664582049192288	0.024854181607747355	0.028022910830026591	
biceps	gamma	42	-0.042679955301488055	-0.038037977369789137	-0.037059145914897521	-0.03601863834914372	-0.034948999755965014	-0.03387118152668693	-0.032925066514342863	-0.032038288865568303	-0.030774868253701224	-0.029372858523410796	-0.027878577765747526	-0.026276166445927594	-0.024515682999932092	-0.022431990065963258	-0.020317132784591515	-0.018181414553914428	-0.016035240378386842	-0.013889066202859226	-0.011753347972182172	-0.0096384906908937359	-0.0075547977310837962	-0.0055124206354003526	-0.0035213096597547671	-0.0015911652966742104	0.00026860898452150332	0.0020489525504782595	0.003741191746302388	0.0053370821527349878	0.0068288487521342995	0.008209223807579975	0.0094714822705566099	0.010609474544714377	0.011617656446084196	0.012491116213784712	0.013225598439627345	0.013817524800038011	0.014334234806451407	0.01517786650288643	0.015957004226209454	0.016634904753563849	0.016944074916811106	0.01681769511554787	
biceps	gamma	43	-0.054535892987624887	-0.061731756780907796	-0.063419415013903246	-0.064844829019183176	-0.065992262456179701	-0.066870794098091949	-0.067575729827628842	-0.068091856705053133	-0.068557793298142114	-0.068966900897264968	-0.069276782347037949	-0.069539624901765726	-0.069819030491413928	-0.070378516825249482	-0.070780108331928923	-0.071021848519567082	-0.071102559654291561	-0.071021848519567068	-0.070780108331928923	-0.070378516825271645	-0.069819030513047844	-0.069104375156331305	-0.068238032484183045	-0.067224223231017316	-0.066067886573607765	-0.064774656067914785	-0.063350832202967	-0.061803351705512169	-0.060139753744981685	-0.058368143203414991	-0.056497151189288934	-0.054535892987624859	-0.052493923651236299	-0.050381191449472083	-0.048207989401248118	-0.045984905128493861	-0.04382714643109898	-0.042354986042983093	-0.041021111360683316	-0.039848871790602716	-0.037915955507082877	-0.035040630473296697	
biceps	gamma	44	0.022166666666666657	0.03284599752409257	0.031332543236472166	0.029750630275481495	0.028164122033901187	0.026619522696691624	0.025170499732321449	0.023823955737499646	0.023292668881136968	0.022917059485567062	0.022588920106294437	0.022338782472368014	0.02216666659119778	0.022166666666666751	0.022166666666666668	0.022166666666666668	0.022166666666666668	0.022166666666666668	0.022166666666666668	0.022166666666666668	0.022166666666666668	0.022166666666666668	0.022166666666666668	0.022166666666666668	0.022166666666666668	0.022166666666666668	0.022166666666666668	0.022166666666666668	0.022166666666666668	0.022166666666666668	0.022166666666666668	0.022166666666666668	0.022166666666666668	0.022166666666666668	0.022166666666666668	0.022166666666666668	0.02221848722884532	0.022656514445606509	0.023263787440547846	0.024101105825335929	0.026384006210141493	0.029655855665115371	
biceps	gamma	45	-0.056958937490705575	-0.052541429472905042	-0.051428275196523029	-0.050255538817863092	-0.04905886320636732	-0.047861751937731657	-0.046813532685051985	-0.045836763489601057	-0.04440060089136029	-0.042813916949842837	-0.041131539632200648	-0.039340629549827144	-0.03739741349126207	-0.035153436467832748	-0.032875897857124685	-0.030575893608703213	-0.028264629111981191	-0.025953364615259149	-0.023653360366837701	-0.021375821756219392	-0.019131844722577916	-0.016932361696457291	-0.014788088338069718	-0.01270947133167529	-0.010706637490387602	-0.0087893444193572375	-0.0069669329777004869	-0.0052482817707730691	-0.0036417638944968812	-0.0021552061424784667	-0.00079585087465747564	0.00042967926674319733	0.0015154136220645415	0.002456062602665086	0.0032470434612648594	0.0038845026186301816	0.0044291738162162211	0.005246273796256494	0.0059797247713396697	0.0066278092457464502	0.006926024423992122	0.0067279996774571122	
biceps	gamma	46	-0.060614803688862399	-0.067362011011543904	-0.069269769535313289	-0.07088535353420912	-0.07218978500884668	-0.073191278260617679	-0.073994535547911466	-0.074582423517434895	-0.075211427619392118	-0.075777853134977174	-0.07623054227357233	-0.076615616497653111	-0.076989593859538422	-0.077589043514888711	-0.078019320129188149	-0.078278327473086176	-0.078364803688862394	-0.078278327473086176	-0.078019320129188149	-0.077589043514912484	-0.076989593894672706	-0.076223891726762125	-0.075295667435174712	-0.074209443235354292	-0.072970511102415481	-0.071584906989172997	-0.070059381419586078	-0.068401366600884486	-0.066618940214601824	-0.064720786062923225	-0.062716151762073874	-0.060614803688862372	-0.058426979399874623	-0.056163337755127253	-0.053834906989173002	-0.051453030982650583	-0.049123253436826414	-0.047405710716648349	-0.045809732044768348	-0.044358261996715651	-0.042116644803796226	-0.038948197734596672	
biceps	gamma	47	0.02374999999999999	0.034449391104317627	0.032961152267869137	0.031374995268680553	0.029760072598630935	0.028169369128123702	0.026665684476885478	0.025258631657354879	0.024763402364897449	0.024425353537010357	0.024130028061164172	0.023904904225131213	0.023749999919555585	0.023750000000000077	0.02375	0.02375	0.02375	0.02375	0.02375	0.02375	0.02375	0.02375	0.02375	0.02375	0.02375	0.02375	0.02375	0.02375	0.02375	0.02375	0.02375	0.02375	0.02375	0.02375	0.02375	0.02375	0.023796638505745218	0.024190863771486524	0.024737410903111712	0.025491005978663866	0.027760289354114467	0.031101243918422731	
biceps	gamma	48	-0.071237919679923101	-0.067044881606690615	-0.065797404479689431	-0.064492440030100018	-0.063168726867858974	-0.06185232300875438	-0.060701999221974917	-0.059635238525478383	-0.05802633373533872	-0.056254975376274885	-0.054384501473189829	-0.052405092653726698	-0.050279143976983846	-0.047874882869702234	-0.045434662929657858	-0.04297037266349199	-0.04049401784557554	-0.03801766302765907	-0.035553372761493229	-0.033113152821545047	-0.030708891714072036	-0.028352302757514231	-0.026054867016384667	-0.023827777366676368	-0.021681883965296706	-0.019627641389192735	-0.017675057701703363	-0.015833645694281126	-0.014112376541128062	-0.012519636092536909	-0.011063184019871561	-0.0097501160112279817	-0.008586829201955113	-0.0075789910084545411	-0.0067315115170976259	-0.0060485195627776479	-0.0054758871732450819	-0.004685320249941189	-0.0039975581560487217	-0.0034142794378569327	-0.003193271353855321	-0.0034640008498746204	
biceps	gamma	49	-0.066693714390099912	-0.072992265245786003	-0.075120124066517288	-0.076925877173961446	-0.078387307432154898	-0.079511761619534327	-0.080413340882287868	-0.081072989944746293	-0.081865061765447555	-0.082588805372689381	-0.083184302225439419	-0.083691608093540495	-0.084160157234466654	-0.084799570204527941	-0.085258531926447376	-0.08553480642660527	-0.085627047723433242	-0.08553480642660527	-0.08525853192644739	-0.084799570204553337	-0.084160157276297567	-0.083343408297192959	-0.082353302386166366	-0.081194663239691267	-0.079873135631223197	-0.078395157910431224	-0.07676793063620517	-0.074999381496256803	-0.073098126684221956	-0.071073428922431459	-0.068935152334858821	-0.06669371439009987	-0.064360035148512948	-0.061945484060782423	-0.059461824577097887	-0.056921156836807305	-0.054419360442834713	-0.052456434283337343	-0.050598350699854085	-0.048867644999839845	-0.046307149021813883	-0.042838182594570312	
biceps	gamma	50	0.025333333333333322	0.036052784689727668	0.034589761314513745	0.032999359290918469	0.031356023042517354	0.02971921485171411	0.028160868907606825	0.026693307289095167	0.02623413572817454	0.025933647588453651	0.025671136032920223	0.025471025977894413	0.025333333252112261	0.025333333333333399	0.025333333333333333	0.025333333333333333	0.025333333333333333	0.025333333333333333	0.025333333333333333	0.025333333333333333	0.025333333333333333	0.025333333333333333	0.025333333333333333	0.025333333333333333	0.025333333333333333	0.025333333333333333	0.025333333333333333	0.025333333333333333	0.025333333333333333	0.025333333333333333	0.025333333333333333	0.025333333333333333	0.025333333333333333	0.025333333333333333	0.025333333333333333	0.025333333333333333	0.025374789782836069	0.025725212403265738	0.026211032932734114	0.026880900608323127	0.029127452521933914	0.032527365031518929	
biceps	gamma	51	-0.085516901869140627	-0.081548333739250287	-0.080166533753849578	-0.078729341547337628	-0.077278590550380763	-0.075842894365299007	-0.074590465879598847	-0.073433713685954319	-0.071652066622729341	-0.069696033802706919	-0.067637463303659495	-0.065469555757626252	-0.063160874459795915	-0.060596329271571728	-0.057993428002191039	-0.055364851718280775	-0.052723406579169893	-0.05008196144005899	-0.047453385156148754	-0.044850483886870705	-0.042285938705566156	-0.039772243818571175	-0.037321645694699618	-0.034946083401677451	-0.032657130440205809	-0.030465938359028229	-0.028383182425706237	-0.026419009617789185	-0.024582989187759242	-0.022884066042595349	-0.021330517165085647	-0.019929911289199159	-0.018689072025974768	-0.017614044619574169	-0.016710066495460113	-0.015981541744185479	-0.01538094816256304	-0.014616914818602124	-0.013974842101548162	-0.013456371814455213	-0.013317842004739773	-0.013665086872225158	
biceps	gamma	52	-0.072772625091337417	-0.078622519490180898	-0.080970478654980832	-0.082966400401117454	-0.084584829909380932	-0.085832244574563024	-0.086832146076004618	-0.08756355629672366	-0.088518695915292864	-0.089399757610401587	-0.090138062175092723	-0.09076759968942788	-0.091330720613235272	-0.092010096894167157	-0.092497743723706602	-0.092791285380124364	-0.092889291758004089	-0.092791285380124364	-0.092497743723706616	-0.09201009689419419	-0.091330720657922429	-0.090462924867623778	-0.089410937337158033	-0.088179883244028229	-0.086775760160030913	-0.085205408831689436	-0.083476479852824262	-0.081597396391629121	-0.079577313153842102	-0.077426071781939679	-0.075154152907643754	-0.07277262509133739	-0.070293090897151272	-0.067727630366437586	-0.065088742165022764	-0.062389282690964026	-0.059715467448900189	-0.057507157322580084	-0.055386968496033154	-0.053377026059379266	-0.050497650696535938	-0.046900058043693488	
biceps	gamma	53	0.026916666666666655	0.037656178291451806	0.036218370445634127	0.034623722809185749	0.032951973561651762	0.03126906020009159	0.029656053224256039	0.028127982869647364	0.027704869106676005	0.027441941639896945	0.027212244003383963	0.027037147730657612	0.026916666587209422	0.026916666666666724	0.026916666666666665	0.026916666666666665	0.026916666666666665	0.026916666666666665	0.026916666666666665	0.026916666666666665	0.026916666666666665	0.026916666666666665	0.026916666666666665	0.026916666666666665	0.026916666666666665	0.026916666666666665	0.026916666666666665	0.026916666666666665	0.026916666666666665	0.026916666666666665	0.026916666666666665	0.026916666666666665	0.026916666666666665	0.026916666666666665	0.026916666666666665	0.026916666666666665	0.026952941059968785	0.027259560747870362	0.027684654376636288	0.028270793636495355	0.03049461227205651	0.033664568623543091	
biceps	gamma	54	-0.099795884058358153	-0.096051785869074618	-0.094535663004215453	-0.09296624320005803	-0.091388454179544373	-0.089833465847580743	-0.088478932550547312	-0.087232188841659231	-0.085277799471273202	-0.083137092229138967	-0.080890425134083718	-0.078534018861525806	-0.076042604940968123	-0.073317775673441221	-0.070552193074724212	-0.067759330773069559	-0.064952795312764239	-0.062146259852458911	-0.059353397550804286	-0.056587814952196357	-0.053862985697060273	-0.051192184879628115	-0.048588424373014569	-0.046064389436678531	-0.043632376915114915	-0.041304235328863723	-0.039091307149709112	-0.037004373541297243	-0.035053601834390422	-0.033248495992653788	-0.031597850310299734	-0.030109706567170338	-0.028791314849994424	-0.027649098230693794	-0.026688621473822598	-0.025914563925593308	-0.0252860091518534	-0.024548509593023297	-0.023952126432550475	-0.023498465133850704	-0.023442414069794013	-0.023836168754563836	
biceps	gamma	55	-0.078851535792574923	-0.08425277373361903	-0.086820833282460944	-0.0890069234674747	-0.09078235249578373	-0.092152727354117669	-0.093250951246843905	-0.094054122717708383	-0.095172330135234642	-0.096210709848113779	-0.097091822122391855	-0.097843591285315265	-0.098501283994436153	-0.099220623583806386	-0.099736955520965842	-0.10004776433364346	-0.10015153579257494	-0.10004776433364346	-0.099736955520965842	-0.099220623583835044	-0.098501284039547291	-0.097582441438054612	-0.096468572288149701	-0.095165103248365204	-0.093678384688838628	-0.092015659752947648	-0.090185029069443354	-0.088195411287001438	-0.086056499623462235	-0.083778714641447913	-0.0813731534804287	-0.078851535792574895	-0.076226146645789597	-0.073509776672092755	-0.070715659752947649	-0.067857408545120748	-0.065011574454979112	-0.062557880092455914	-0.060175585861398401	-0.057886406532636214	-0.054688153814488952	-0.051134742068412724	
biceps	gamma	56	0.028499999999999987	0.039259571893383388	0.037846979648640991	0.036248086111198827	0.03454792424595856	0.032818905390964645	0.031151237544511875	0.029562658534785721	0.029175602568643769	0.02895023569134024	0.028753351972842931	0.028603269483420807	0.028499999924066828	0.02850000000000005	0.028499999999999998	0.028500000000000001	0.028500000000000001	0.028500000000000001	0.028500000000000001	0.028500000000000001	0.028500000000000001	0.028500000000000001	0.028500000000000001	0.028500000000000001	0.028500000000000001	0.028500000000000001	0.028500000000000001	0.028500000000000001	0.028500000000000001	0.028500000000000001	0.028500000000000001	0.028500000000000001	0.028500000000000001	0.028500000000000001	0.028500000000000001	0.028500000000000001	0.028531092337112159	0.028793909019946821	0.029158275611967349	0.029660685842267855	0.031861768218507412	0.034459955990958309	
biceps	gamma	57	-0.11407486624757568	-0.11055523799693352	-0.10890479223023612	-0.10720314490753624	-0.10549831771514913	-0.1038240373497549	-0.10236739916945042	-0.10103066391993193	-0.098903532231846933	-0.096578150655571016	-0.094143386963153816	-0.09159848196542536	-0.08892433542097207	-0.086039222075310701	-0.083110958147257386	-0.080153809827858344	-0.077182184046358598	-0.074210558264858839	-0.071253409945459811	-0.068325146017522015	-0.065440032688554389	-0.062612125940685048	-0.05985520305132952	-0.057182695471679604	-0.054607623390024021	-0.052142532298699223	-0.04979943187371199	-0.047589737464805298	-0.045524214481021605	-0.043612925942712231	-0.041865183455513814	-0.040289501845141518	-0.038893557674014076	-0.037684151841813424	-0.036667176452185084	-0.035847586107001138	-0.035191070141137662	-0.034480104434900093	-0.033929410915944931	-0.033540558783227821	-0.03356698617393173	-0.033969210424095155	
biceps	gamma	58	-0.084930446493812428	-0.089883027975347432	-0.092671187926320703	-0.095047446526636714	-0.096979875166628496	-0.098473210101027553	-0.099669756454113911	-0.10054468925543443	-0.10182596444453718	-0.10302166208582599	-0.10404558207380314	-0.10491958288120264	-0.10567184737731981	-0.10643115027330748	-0.10697616731822507	-0.10730424328716255	-0.10741377982714577	-0.10730424328716255	-0.10697616731822507	-0.10643115027347588	-0.10567184742117215	-0.10470195800848543	-0.10352620723914135	-0.10215032325270217	-0.10058100921764634	-0.098825910674205861	-0.096893578286062446	-0.094793426182373755	-0.092535686093082381	-0.090131357500956147	-0.087592154053213647	-0.0849304464938124	-0.082159202394427922	-0.079291922977747925	-0.076342577340872533	-0.07332553439927747	-0.070307681461061547	-0.067608602713270433	-0.064964203031674342	-0.062395787305527771	-0.058996640526325417	-0.055455911959790181	
biceps	gamma	59	0.03008333333333332	0.040862965498889792	0.039475588907439733	0.037872449421733401	0.036143875104033663	0.034368750613271125	0.032646421948870359	0.03099733437000203	0.030646336156158634	0.030458529742783534	0.030294459947701271	0.030169391236184007	0.030083333262347637	0.030083333333333375	0.030083333333333333	0.030083333333333333	0.030083333333333333	0.030083333333333333	0.030083333333333333	0.030083333333333333	0.030083333333333333	0.030083333333333333	0.030083333333333333	0.030083333333333333	0.030083333333333333	0.030083333333333333	0.030083333333333333	0.030083333333333333	0.030083333333333333	0.030083333333333333	0.030083333333333333	0.030083333333333333	0.030083333333333333	0.030083333333333333	0.030083333333333333	0.030083333333333333	0.030109243614258603	0.030328257372164363	0.030631896825869916	0.031050577033363076	0.033036696641381667	0.03504997744793778	
biceps	gamma	60	-0.12835384843679321	-0.12505869011822776	-0.12327392142157854	-0.12144004659428237	-0.11960818112984958	-0.11781460875974313	-0.11625586568649446	-0.11482913883998849	-0.11252926485845126	-0.11001920908200305	-0.10739634878523219	-0.10466294506932491	-0.10180606589977957	-0.098760668477132538	-0.095669723219790559	-0.092548288882647128	-0.089411572779952944	-0.08627485667725876	-0.083153422340115343	-0.080062477082847666	-0.07701707968004852	-0.074032067001741989	-0.071121981729644471	-0.068301001506680684	-0.065582869864933127	-0.062980829268534724	-0.060507556597714861	-0.058175101388313354	-0.055994827127652788	-0.053977355892770675	-0.052132516600727902	-0.050469297123112697	-0.048995800498033731	-0.047719205452933053	-0.046645731430547566	-0.045780608288408964	-0.045096131130420429	-0.04441169927476428	-0.043906695446966897	-0.043582652498050732	-0.043669478788615525	-0.044077916198273996	
biceps	gamma	61	-0.091009357195049934	-0.095513282219041026	-0.098521542590669323	-0.10108796953986129	-0.10317739790525224	-0.10479369276272757	-0.10608856166501567	-0.10703525587671819	-0.10847959885461533	-0.10983261432353819	-0.11099934203206208	-0.11199557447709002	-0.1128424107618398	-0.11364167696298201	-0.11421537911548429	-0.11456072224068165	-0.11467602386171662	-0.11456072224068165	-0.11421537911548429	-0.11364167696311674	-0.11284241080279701	-0.11182147457891625	-0.11058384219013302	-0.10913554325703914	-0.10748363374645406	-0.10563616159546409	-0.10360212750268154	-0.10139144107774606	-0.099014872562702513	-0.096484000360464381	-0.09381115462599858	-0.091009357195049906	-0.088092258143066246	-0.085074069283403095	-0.081969494928797418	-0.078793660253434192	-0.07560378846714523	-0.072659325279024106	-0.069752820269216836	-0.066905169686266919	-0.063394868043075328	-0.059777085860417391	
biceps	gamma	62	0.031666666666666655	0.042466359134285744	0.041104198276183529	0.039496812247583307	0.037739826099574159	0.035918595437035856	0.03414160628627131	0.03243201027698444	0.032117069885429013	0.031966823794226829	0.03183556793006697	0.031735512988947202	0.031666666602316242	0.031666666666666697	0.031666666666666662	0.031666666666666669	0.031666666666666669	0.031666666666666669	0.031666666666666669	0.031666666666666669	0.031666666666666669	0.031666666666666669	0.031666666666666669	0.031666666666666669	0.031666666666666669	0.031666666666666669	0.031666666666666669	0.031666666666666669	0.031666666666666669	0.031666666666666669	0.031666666666666669	0.031666666666666669	0.031666666666666669	0.031666666666666669	0.031666666666666669	0.031666666666666669	0.031687394891406359	0.03186260587505868	0.032105517965797498	0.032440465535584675	0.034029359963507103	0.035639985119716569	
biceps	gamma	63	-0.14263283062601073	-0.13956214221876923	-0.13764305053909962	-0.13567694878564204	-0.13371804447345811	-0.13180518068145955	-0.13014433233637399	-0.12862761377286627	-0.12615499736004623	-0.1234602675084351	-0.12064931060089457	-0.11772740817322447	-0.11468779637668949	-0.11148211487898071	-0.10822848829232373	-0.10494276793743591	-0.1016409615135473	-0.098339155089658681	-0.095053434734770861	-0.091799808148173331	-0.088594126671542636	-0.085452008062798929	-0.082388760407959422	-0.079419307541681763	-0.076558116339842233	-0.073819126238370211	-0.071215681321717739	-0.068760465311821409	-0.066465439774283971	-0.064341785842829111	-0.062399849745941989	-0.060649092401083876	-0.059098043322053387	-0.057754259064052675	-0.056624286408910054	-0.055713630469816797	-0.055001192119702697	-0.054343294083959034	-0.053883979968329755	-0.053624745988585319	-0.053749517974313356	-0.054186620486541992	
biceps	gamma	64	-0.097088267896287439	-0.10072330170661864	-0.10382246078089091	-0.1065129408256584	-0.10876532422452174	-0.11058296285051389	-0.11217551089028384	-0.11349573811401945	-0.11513323255918678	-0.1166435665612504	-0.11795310200327137	-0.11907156607297741	-0.12001297414921329	-0.12085220365265656	-0.12145459091274352	-0.12181720119420074	-0.12193826789628746	-0.12181720119420074	-0.12145459091274352	-0.12085220365275759	-0.12001297418442189	-0.11894099114934709	-0.11764147714112469	-0.1161207632613761	-0.11438625827526178	-0.1124464125167223	-0.11031067671930062	-0.10798945597311838	-0.10549405903232266	-0.10283664321997261	-0.10003015519878353	-0.097088267896287411	-0.094025313891704571	-0.090856215589058265	-0.087596412516722302	-0.084261786107590914	-0.080899895473229219	-0.077710047922017564	-0.074541437786200732	-0.071414553962516378	-0.067793096681552478	-0.064098260229310394	
biceps	gamma	65	0.033249999999999988	0.041995301795733686	0.040846875985997025	0.039494104035565532	0.038018310025949985	0.036491521673374411	0.035106214231269237	0.033824012513332891	0.033587802722964168	0.033475117845670123	0.033376675927294569	0.033301634741710405	0.033249999945180089	0.033250000000000023	0.033250000000000002	0.033250000000000002	0.033250000000000002	0.033250000000000002	0.033250000000000002	0.033250000000000002	0.033250000000000002	0.033250000000000002	0.033250000000000002	0.033250000000000002	0.033250000000000002	0.033250000000000002	0.033250000000000002	0.033250000000000002	0.033250000000000002	0.033250000000000002	0.033250000000000002	0.033250000000000002	0.033250000000000002	0.033250000000000002	0.033250000000000002	0.033250000000000002	0.033265546168554601	0.033396954463468541	0.033579138806593724	0.033830350260133028	0.035022020309974117	0.036229989785262207	
biceps	gamma	66	-0.15691181281522826	-0.15472183918248289	-0.15271050746892079	-0.15061523704707611	-0.14848482238974181	-0.14635536560415552	-0.14437546144485763	-0.14245688921882343	-0.13978073060279811	-0.13690132593486715	-0.13390227240420477	-0.13079187127712402	-0.12756952685055734	-0.12420356128082891	-0.12078725336485691	-0.11733724699222468	-0.11387035024714165	-0.1104034535020586	-0.10695344712942639	-0.10353713921349898	-0.10017117366303675	-0.096871949123855869	-0.093655539086274373	-0.090537613576682843	-0.087533362814751325	-0.084657423208205712	-0.08192380604572061	-0.079345829235329471	-0.076936052420915155	-0.074706215792887554	-0.072667182891156076	-0.070828887679055055	-0.069200286146073042	-0.067789312675172297	-0.066602841387272543	-0.06564665265122463	-0.06490625310898486	-0.064274888849882791	-0.063861264435538287	-0.063666839043585929	-0.063829556766445528	-0.06429532449007494	
biceps	gamma	67	-0.10316717859752494	-0.10559053446016185	-0.10877735944104233	-0.11164015148794995	-0.11415408884205169	-0.11631647604018945	-0.11826244872581299	-0.11995621372649164	-0.12178686553606022	-0.1234545187989626	-0.12490686199615463	-0.12614755766886479	-0.12718353754065617	-0.12806273034233109	-0.12869380271000275	-0.12907368014771983	-0.1292005119308583	-0.12907368014771983	-0.12869380271000275	-0.12806273034239843	-0.12718353756604675	-0.12606050771977792	-0.12469911209211636	-0.12310598326571308	-0.12128888280406949	-0.11925666343798051	-0.11701922593591971	-0.11458747086849069	-0.11197324550194279	-0.10918928607948084	-0.10624915577156847	-0.10316717859752493	-0.099958369640342895	-0.09663836189471342	-0.093223330104647187	-0.089729911961747635	-0.086196002479313291	-0.082760770745837167	-0.079330055570126692	-0.075923938746868438	-0.072191325499402076	-0.068419434657355102	
biceps	gamma	68	0.03483333333333332	0.04066353450689536	0.039897917216069299	0.038996069583176377	0.038012206431801122	0.036994348005011841	0.036070809435608989	0.035216008088987949	0.035058534940161201	0.034983411897113417	0.034917783947709356	0.034867756494473601	0.034833333291962656	0.034833333333333348	0.034833333333333334	0.034833333333333334	0.034833333333333334	0.034833333333333334	0.034833333333333334	0.034833333333333334	0.034833333333333334	0.034833333333333334	0.034833333333333334	0.034833333333333334	0.034833333333333334	0.034833333333333334	0.034833333333333334	0.034833333333333334	0.034833333333333334	0.034833333333333334	0.034833333333333334	0.034833333333333334	0.034833333333333334	0.034833333333333334	0.034833333333333334	0.034833333333333334	0.034843697445703058	0.034931302973035254	0.035052759273850626	0.035220233684633707	0.036014680153464887	0.036819993421218659	
biceps	gamma	69	-0.17119079500444578	-0.16973081257141548	-0.16768962179855604	-0.16551600068284236	-0.16324626240976969	-0.16090861443790766	-0.15860659188492604	-0.15628616577358889	-0.15340646398007257	-0.15034238436129918	-0.14715523419529875	-0.14385633438102358	-0.14045125732164257	-0.1369250076826771	-0.13334601843739008	-0.12973172604701347	-0.12609973898073601	-0.12246775191445852	-0.11885345952408193	-0.11527447027882463	-0.11174822065453087	-0.10829189018491281	-0.10492231776458932	-0.10165591961168392	-0.098508609289660432	-0.095495720178041213	-0.092631930769723481	-0.089931193158837533	-0.087406665067546324	-0.085070645742945997	-0.082934516036370157	-0.081008682957026235	-0.079302528970092698	-0.077824366286291927	-0.076581396365635018	-0.075579674832632449	-0.074811314098266996	-0.074206483556825312	-0.073838548826986289	-0.073708931911267664	-0.073909595466353312	-0.074404028392032251	
biceps	gamma	70	-0.10924608929876245	-0.1104577672282038	-0.11373225816937363	-0.11676736175908017	-0.11954285360223378	-0.12204998861031179	-0.12434938650851066	-0.12641668946421672	-0.12844049864857907	-0.13026547103667482	-0.13186062199104137	-0.13322354926475219	-0.13435410093466185	-0.13527325703200566	-0.13593301450726197	-0.13633015910123891	-0.13646275596542914	-0.13633015910123891	-0.13593301450726197	-0.1352732570320393	-0.13435410094767161	-0.13318002429020873	-0.13175674704310802	-0.13009120327005005	-0.12819150733287721	-0.12606691435923872	-0.1237277751525388	-0.12118548576386301	-0.11845243197156294	-0.11554192893898907	-0.11246815634435341	-0.10924608929876244	-0.10589142538898122	-0.10242050820036859	-0.098850247692572071	-0.095198037815904357	-0.091492109485397446	-0.087811493699562773	-0.084118673474663647	-0.080433323647111504	-0.076589554372639243	-0.072740609082296528	
biceps	gamma	71	0.036416666666666653	0.039331767249600073	0.038948958574139943	0.038498034724868388	0.038006103089346176	0.037497173822775148	0.037035404667914086	0.036608003924749929	0.036529267372579374	0.036491705948556705	0.036458891975179687	0.036433878247236803	0.036416666642749507	0.036416666666666674	0.036416666666666667	0.036416666666666667	0.036416666666666667	0.036416666666666667	0.036416666666666667	0.036416666666666667	0.036416666666666667	0.036416666666666667	0.036416666666666667	0.036416666666666667	0.036416666666666667	0.036416666666666667	0.036416666666666667	0.036416666666666667	0.036416666666666667	0.036416666666666667	0.036416666666666667	0.036416666666666667	0.036416666666666667	0.036416666666666667	0.036416666666666667	0.036416666666666667	0.036421848722851535	0.036465651427070131	0.036526379581928045	0.036610116822343775	0.037007339996541044	0.037409996728188316	
biceps	gamma	72	-0.18546977719366331	-0.18473978597456978	-0.18266873617664892	-0.18041676400975626	-0.17800770246272071	-0.17546186295809188	-0.17283772226599509	-0.17011544227554634	-0.16703219731786667	-0.16378344278773124	-0.16040819598306058	-0.15692079748492313	-0.15333298779089291	-0.14964645408452526	-0.14590478350992325	-0.14212620510180227	-0.13832912771433034	-0.13453205032685844	-0.13075347191873746	-0.1270118013441503	-0.123325267646025	-0.11971183124596975	-0.11618909644290427	-0.112774225646685	-0.10948385576456954	-0.1063340171478767	-0.10334005549372637	-0.10051655708234558	-0.097877277714177507	-0.09543507569300444	-0.093201849181584251	-0.091188478234997414	-0.089404771794112353	-0.087859419897411556	-0.086559951343997507	-0.085512697014040281	-0.084716375087549145	-0.084138078199401098	-0.083815833161233824	-0.083751024707831856	-0.083989634134924107	-0.084512732247945616	
biceps	gamma	73	-0.11532499999999998	-0.1153250000000019	-0.11868715691716515	-0.12189457203244347	-0.12493161844122654	-0.12778350121257831	-0.13043632436877614	-0.13287716530436733	-0.13509413186175806	-0.13707642327438702	-0.13881438199409063	-0.14029954086063956	-0.14152466432929559	-0.14248378372168019	-0.1431722263045212	-0.14358663805475802	-0.14372499999999999	-0.14358663805475802	-0.1431722263045212	-0.14248378372168014	-0.14152466432929647	-0.14029954086063956	-0.13881438199409968	-0.13707642327438702	-0.13509413186168492	-0.13287716528049695	-0.13043632436915789	-0.12778350065923533	-0.12493161844118307	-0.1218945717984973	-0.11868715691713835	-0.11532499999999994	-0.11182448113761954	-0.10820265450602376	-0.10447716528049696	-0.10066616367006108	-0.096788216491481602	-0.092862216713370624	-0.088907291412703982	-0.084942708587309068	-0.080987783286391307	-0.077061783508555831	
biceps	gamma	74	0.037999999999999999	0.038000000000000436	0.038000000000034805	0.037999999841142419	0.038000000000286638	0.037999999605885869	0.037999999999245949	0.038000000018960291	0.037999999999931866	0.037999999999999999	0.037999999999995038	0.037999999999999999	0.037999999999999506	0.037999999999999999	0.037999999999999999	0.037999999999999999	0.037999999999999999	0.037999999999999999	0.037999999999999999	0.037999999999999999	0.037999999999999999	0.037999999999999999	0.037999999999999999	0.037999999999999999	0.037999999999999999	0.037999999999999999	0.037999999999999999	0.037999999999999999	0.037999999999999999	0.037999999999999999	0.037999999999999999	0.037999999999999999	0.037999999999999999	0.037999999999999999	0.037999999999999999	0.037999999999999999	0.037999999999999999	0.037999999999314492	0.038000000000005689	0.03800000000005687	0.038000000000037407	0.037999999999987433	
biceps	gamma	75	-0.19974875938288078	-0.19974875938287992	-0.19764785056902853	-0.19531752734428018	-0.19276914253558594	-0.19001511151908801	-0.18706885267825057	-0.18394471877596849	-0.18065793065633351	-0.17722450121416328	-0.17366115777463434	-0.16998526058882268	-0.16621471825833076	-0.16236790048637345	-0.15846354858245643	-0.15452068415659104	-0.1505585164479247	-0.14659634873925836	-0.14265348431339298	-0.13874913240947595	-0.13490231463751912	-0.13113177230702669	-0.12745587512121923	-0.12389253168168608	-0.12045910223947864	-0.1171723141177122	-0.11404818021772924	-0.11110192100585364	-0.10834789036080869	-0.10579950564306288	-0.10346918232679833	-0.10136827351296859	-0.099507014618132009	-0.097894473508531185	-0.096538506322359996	-0.095445719195448114	-0.094621436076831281	-0.094069672791177256	-0.093793117473241899	-0.093793117473254556	-0.094069672790994291	-0.094621436076819235	
